sentence,char_count,token_count
ཨ་དཔའུ་ཟེར་མི་ ཁྱེགས་ཟས་ཐོན་སྐྱེད་འཕྲུལ་ཁང་གིས་ སོ་ནམ་པ་ཚུ་ལུ་ རྒྱབ་སྐྱོར་འབད་ཡོདཔ།,83,20
ལེགས་ཤོམ་མཐོང་དོ་ཡོདཔ་ཞིན་དུ་ འབྲུག་པ སྤག་ཅུང་སྦེ་སོང་ཡོད་མི་དེ་ བསྡུ་ལེན་འབད་མི་ལུ་ བརྡ་ལམ་གྱི་ནང་དུ་གནས་ཚུལ མི་མང་སྤུངས་འཛོམས་འབད་མི་གིས་ ནི ཨོམ་ཚུ་དགེ་ལེགས་ཕུག་བའུན་ཊི་ཚོང་འབྲེལ་ཁང་ནང་སྦེ་ ལག་ལེན་འཐབ་ནི་དེ་གིས་ཨིན་པས།,220,56
ཨ་དཔའུ་ཟེར་མི་ཁྱེགས་ཟས་ཀྱི་ བརྡ་ལམ་གྱི་ནང་དུ་གནས་ཚུལསྤག་ཅུང་སྦེ་སོང་ཡོད་མི་དེ་ བུམ་ཐང བསྡུ་ལེན་འབད་མི་ལུ་ རག་ལས་ནི་དང་ བརྡ་ལམ་གྱི་ནང་དུ་གནས་ཚུལཨོམ་ཚུ་དགེ་ལེགས་ཕུག་བའུན་ཊི་ཚོང་འབྲེལ་ཁང་ནང་སྦེ་ ཉེས་ཚོགས ལག་ལེན་འཐབ་ནི་དེ་གིས་ཨིན་པས།,229,59
ཨ་དཔའུ་ཟེར་མི་ཁྱེགས་ཟས་ཀྱི་ ཁེ་ཕན་ཚུ་བྱུང་དོ་ཡོདཔ་ད་ བརྡ་ལམ་གྱི་ནང་དུ་གནས་ཚུལབསྡུ་ལེན་འབད་མི་ལུ་ སྤ་རོ རག་ལས་ནི་དང་ འོང་འབབ་ཀྱི་ བརྡ་ལམ་གྱི་ནང་དུ་གནས་ཚུལལག་ལེན་འཐབ་ནི་དེ་གིས་ཨིན་པས།,181,48
ཨ་དཔའུ་ཟེར་མི་ཁྱེགས་ཟས་ཀྱི་ གཞུང་རྒྱུན ཁེ་ཕན་ཚུ་བྱུང་དོ་ཡོདཔ་ད་ ཡོདཔ་ད་ བརྡ་ལམ་གྱི་ནང་དུ་གནས་ཚུལརག་ལས་ནི་དང་ ཨེ་མ་དར་ཚི འོང་འབབ་ཀྱི་ བྱ་རིམ་སྒྲིག་ནི་ཚུ་ཨིན་པས།,159,42
ཧེ་མ་བཟོ་མི་ཁྱེགས་ཟས་ཚུ་ བརྡ་ལམ་གྱི་ནང་དུ་གནས་ཚུལཁེ་ཕན་ཚུ་བྱུང་དོ་ཡོདཔ་ད་ དབྱེ་ཞིབ ཡོདཔ་ད་ ཡོད་མི་གིས་ བརྡ་ལམ་གྱི་ནང་དུ་གནས་ཚུལ འོང་འབབ་ཀྱི་ ཉེས་ཚོགས བྱ་རིམ་སྒྲིག་ནི་ཚུ་ཨིན་པས།,176,46
ཧེ་མ་བཟོ་མི་ཁྱེགས་ཟས་ཚུ་ འཐུས་མི་༡༣༤ བརྡ་ལམ་གྱི་ནང་དུ་གནས་ཚུལཡོདཔ་ད་ དབང་འདུས ཡོད་མི་གིས་ དེ་ཅིག་ར་ བརྡ་ལམ་གྱི་ནང་དུ་གནས་ཚུལབྱ་རིམ་སྒྲིག་ནི་ཚུ་ཨིན་པས།,150,39
འགྲོས་ཀྱིས་སྦེ་ བརྡ་ལམ་གྱི་ནང་དུ་གནས་ཚུལའཇམ་ཏོང་ཏོ་ཡོད་མི་དེ་ཡང་ ནགས་ཚལ བསྡུ་ལེན་འབད་མི་ ཁ་གི་སྤྱི་ཏོག་གུ་ལུ་ར་ཡོདཔ་བཞིན་དུ་ བརྡ་ལམ་གྱི་ནང་དུ་གནས་ཚུལཔ་ཚུན་ལུ་ རྫོང་ཁ ལཱ་ཁག་བཏང་དོ་ཡོདཔ་ཨིན་པས།,191,50
འགྲོས་ཀྱིས་སྦེ་ ཨོམ་གྱི་ཚད་གཞི་དེ་ བརྡ་ལམ་གྱི་ནང་དུ་གནས་ཚུལབསྡུ་ལེན་འབད་མི་ དཀྱིལ་ར ཁ་གི་སྤྱི་ཏོག་གུ་ལུ་ར་ཡོདཔ་བཞིན་དུ་ བཟའ་ཚང་ཆུང་བའི་སྡེ་ཚན་དང་ བརྡ་ལམ་གྱི་ནང་དུ་གནས་ཚུལལཱ་ཁག་བཏང་དོ་ཡོདཔ་ཨིན་པས།,195,50
འགྲོས་ཀྱིས་སྦེ་ ཀརྨ ཨོམ་གྱི་ཚད་གཞི་དེ་ དགེ་ལེགས་ཕུག་རྒེད་འོག་དང་ བརྡ་ལམ་གྱི་ནང་དུ་གནས་ཚུལཁ་གི་སྤྱི་ཏོག་གུ་ལུ་ར་ཡོདཔ་བཞིན་དུ་ འབྲུག བཟའ་ཚང་ཆུང་བའི་སྡེ་ཚན་དང་ སེམས་ཤུགས་བསྐྱེད་དོ་ཡོདཔ་ཨིན་པས།,189,46
ཨ་དཔའུ་ཟེར་མི་ བརྡ་ལམ་གྱི་ནང་དུ་གནས་ཚུལཨོམ་གྱི་ཚད་གཞི་དེ་ གླུ་དབྱངས དགེ་ལེགས་ཕུག་རྒེད་འོག་དང་ ན་གཞོན་ཚུ་ལུ་ལཱ་གཡོག་ བརྡ་ལམ་གྱི་ནང་དུ་གནས་ཚུལབཟའ་ཚང་ཆུང་བའི་སྡེ་ཚན་དང་ དབྱེ་ཞིབ སེམས་ཤུགས་བསྐྱེད་དོ་ཡོདཔ་ཨིན་པས།,207,51
ཨ་དཔའུ་ཟེར་མི་ འབད་སྤྱོད་ཐོག་ བརྡ་ལམ་གྱི་ནང་དུ་གནས་ཚུལདགེ་ལེགས་ཕུག་རྒེད་འོག་དང་ འབྲུག་པ ན་གཞོན་ཚུ་ལུ་ལཱ་གཡོག་ འདས་པའི་ཟླཝ་༦ བརྡ་ལམ་གྱི་ནང་དུ་གནས་ཚུལསེམས་ཤུགས་བསྐྱེད་དོ་ཡོདཔ་ཨིན་པས།,180,44
གཞུང་གི་ དམིགས་བསལ་ལས་འགུལ་གྱིས་ ཕུན་ཚོགས་གླིང་ལུ་ བསྐྱར་གསོ་འབད་ཚུགས་ནི།,73,16
བར་ཆད་བྱུང་ཡོདཔ་ད་ བསོད་ནམས་ རྩོལ་སྒྲུབ་དེ་གིས་ ལག་ལེན་གྲུབ་འབྲས་ཅན་སྦེ་ བརྡ་ལམ་གྱི་ནང་དུ་གནས་ཚུལ ལས་རིམ་ཚུ་ལེགས་ལྡན་བྱུང་བའི་ གཡག སོང་ཡོདཔ་ཨིན་པས།,147,36
ལས་རིམ་དེ་གིས་ འཛུལ་སྒོའི་ཁྲོམ་ཡུན་བརྟན་ཅན་ བརྡ་ལམ་གྱི་ནང་དུ་གནས་ཚུལརྩོལ་སྒྲུབ་དེ་གིས་ བསོད་ནམས་ ལག་ལེན་གྲུབ་འབྲས་ཅན་སྦེ་ ལས་སྡེ་སོ་སོ་ཚུ་ནང་ལས་འོང་ནི་ཨིན་མི་དེ་ཡང་ བརྡ་ལམ་གྱི་ནང་དུ་གནས་ཚུལསོང་ཡོདཔ་ཨིན་པས།,205,51
མི་མང་གི་ས་ཁོངས་ཚུ་ བརྡ་ལམ་གྱི་ནང་དུ་གནས་ཚུལབར་འཛུལ་འབད་ནི་ཚུ་ཡང་ གནམ་འདུས་བཞིན་དུ འབྲེལ་གནད་ཅན་དང་ ནད་ཡམས་ལུ་བརྟེན་ བརྡ་ལམ་གྱི་ནང་དུ་གནས་ཚུལཁྲོམ་དེ་ལུང་ཕྱོགས་ཀྱི་བརྗོད་དོན་ཐོག་ འབྲུག་འཕྲིན་གླིང་ ལྷན་གྲོགས་འབད་འོང་ཟེར་ཨིན་པས།,225,54
མི་མང་གི་ས་ཁོངས་ཚུ་ གཞི་བཀོད་གདོང་ལེན་ཚུ་ལུ་ བརྡ་ལམ་གྱི་ནང་དུ་གནས་ཚུལའབྲེལ་གནད་ཅན་དང་ འབྲུག་འཕྲིན་གླིང་ ནད་ཡམས་ལུ་བརྟེན་ རྒྱལ་ཁབ་གསུམ་པའི་ཚོང་འབྲེལ་ཚུ་ཡོདཔ་ད་ བརྡ་ལམ་གྱི་ནང་དུ་གནས་ཚུལལྷན་གྲོགས་འབད་འོང་ཟེར་ཨིན་པས།,212,51
འབྲེལ་གཏུགས་འབད་དོ་ཡོད་མི་དེ་ཡང་ བརྡ་ལམ་གྱི་ནང་དུ་གནས་ཚུལཚོང་འབྲེལ་གྱི་གདོང་ལེན་སྦོམ་བྱུང་མི་དང་ ཐིམ་ཕུ དཔལ་འབྱོར་ཚུ་ག་ར་ ཕུན་ཚོགས་གླིང་གི་ བརྡ་ལམ་གྱི་ནང་དུ་གནས་ཚུལལཱ་འབད་དགོཔ་ཡོད་མི་ཚུ་ གཤེས་ཚན ལུས་མི་ལུ་བརྟེན་ཨིན་པས།,218,54
འབྲེལ་གཏུགས་འབད་དོ་ཡོད་མི་དེ་ཡང་ ལྷན་རྒྱས་གཞུང་ཚོགས་ བརྡ་ལམ་གྱི་ནང་དུ་གནས་ཚུལ དཔལ་འབྱོར་ཚུ་ག་ར་ འགོད་རིམ ཕུན་ཚོགས་གླིང་གི་ འཕྲལ་མཁོ་དང་ བརྡ་ལམ་གྱི་ནང་དུ་གནས་ཚུལལུས་མི་ལུ་བརྟེན་ཨིན་པས།,183,45
ལ་མཐོ་སའི་ ས་གནས་ནང་ ན་གཞོན་ཅིག་གིས་ མངར་ཟས་ཀྱི་ ཚོང་འབྲེལ་འཐབ་ནི་ འགོ་བཙུགས་ཡོདཔ།,82,20
༉ སྐྱེས་ལོ་༢༨ ལང་མི་ ཕུར་པ་སྒྲོལ་མ་གིས་ ཆུ་ཁ་ལུ་ ལཱ་གཡོག་ནང་སྡོད་པའི་ཤུལ་ལུ་ ལཱ་གཡོག་བཤོལ་བཞག་སྟེ་ མོ་རའི་གཡུས་ མེ་རག་ལུ་འགྱོཝ་ད་ མོ་གིས་ ཐབས་བྱུས་གནས་སྐབས་ ཁ་ཟས་དང་ བག་ལེབ་བཟོ་ཐབས་ལྷབ་སྟེ་ མི་སྡེའི་ནང་སོང་ཡོདཔ་ཨིན་པས།,218,56
མ་འོངས་པའི་ནང་འབད་བ་ཅིན་ བརྡ་ལམ་གྱི་ནང་དུ་གནས་ཚུལམོ་གིས་ འབྲུག ང་རའི་རིག་རྩལ་ཚུ་གོང་འཕེལ་བཏང་སྟེ་ ཐོན་སྐྱེད་ཆུང་སུ་སྦེ་བཟོ་མི་གིས་ བརྡ་ལམ་གྱི་ནང་དུ་གནས་ཚུལམོ་གི་ཕྱེ་བསྣད་ཐངས་ཚུ་ ཆེད་གཞི ཐོབ་དོ་ཡོདཔ་སྦེ་ཨིན་པས།,209,53
མ་འོངས་པའི་ནང་འབད་བ་ཅིན་ མོ་ར་ བརྡ་ལམ་གྱི་ནང་དུ་གནས་ཚུལང་རའི་རིག་རྩལ་ཚུ་གོང་འཕེལ་བཏང་སྟེ་ དགེ་འདུན་པ ཐོན་སྐྱེད་ཆུང་སུ་སྦེ་བཟོ་མི་གིས་ ང་གིས་ བརྡ་ལམ་གྱི་ནང་དུ་གནས་ཚུལཐོབ་དོ་ཡོདཔ་སྦེ་ཨིན་པས།,188,49
"མོ་གིས་ བརྡ་ལམ་གྱི་ནང་དུ་གནས་ཚུལམཐོ་ཚད་མི་ཊར་༣,༥༠༠ སྟག་ཚང སྤུས་ཚད་ལྡན་པའི་ ངེ་གི་མནོ་བསམ་ལས་འབད་བ་ཅིན་ བརྡ་ལམ་གྱི་ནང་དུ་གནས་ཚུལཁོང་གིས་ སངས་རྒྱས་ཆོས འཆར་གཞི་ཡོདཔ་ཨིན་པས།",169,43
མོ་གིས་ འབད་མི་དེ་ བརྡ་ལམ་གྱི་ནང་དུ་གནས་ཚུལསྤུས་ཚད་ལྡན་པའི་ དབྱེ་གཞི ངེ་གི་མནོ་བསམ་ལས་འབད་བ་ཅིན་ དམའ་སུ་སྦེ་ བརྡ་ལམ་གྱི་ནང་དུ་གནས་ཚུལའཆར་གཞི་ཡོདཔ་ཨིན་པས།,153,39
རྒྱ་མཚོའི་མཐའམ་ལས་ བརྡ་ལམ་གྱི་ནང་དུ་གནས་ཚུལགདོང་ལེན་ཚུ་ཡོད་དེ་འབད་རུང་ དགོན་པ གདོང་ལེན་གཞན་དང་གཞན་ཡང་ མཁོ་འདོད་བཀོད་དོ་ཡོདཔ་ད་ བརྡ་ལམ་གྱི་ནང་དུ་གནས་ཚུལ ཧེ་མ་ཚུན་ལུ་ ཕྱུག་མ མི་སྡེའི་ནང་སོང་ཡོདཔ་ཨིན་པས།,200,51
རྒྱ་མཚོའི་མཐའམ་ལས་ ལཱ་གཡོག་བཤོལ་བཞག་སྟེ་ བརྡ་ལམ་གྱི་ནང་དུ་གནས་ཚུལ གདོང་ལེན་གཞན་དང་གཞན་ཡང་ བདེ་ཐང་དཀར་ཆགས མཁོ་འདོད་བཀོད་དོ་ཡོདཔ་ད་ ཕྱི་ཁའི་བཀྲམ་སྤེལ་འབད་མི་ལུ་ བརྡ་ལམ་གྱི་ནང་དུ་གནས་ཚུལམི་སྡེའི་ནང་སོང་ཡོདཔ་ཨིན་པས།,211,52
ག་ཅི་ནང་ལུ་ བདུན་ཕྲག་གཅིག་གི་རིང་ལུ་ བརྡ་ལམ་གྱི་ནང་དུ་གནས་ཚུལ,61,17
ཁྲོམ་ཁར་སྡོད་མི་ཚུ་ལུ་ ཁང་གླ་ཡར་སེང་དང་ སྡོད་ཁྱིམ་ལང་མ་ཚུགས་པའི་ དཀའ་ངལ་དང་གདོང་ལེན།,84,22
བྱ་རིམ་དེ་ སངས་རྒྱས་ཆོས གྱི་བར་ན་སླབ་དོ་ཡོདཔ་ད་ དེ་ཁར་ བརྡ་ལམ་གྱི་ནང་དུ་གནས་ཚུལ ལུས་ཡོདཔ་སྦེ་ཨིན་པས།,100,27
འདི་བཟུམ་གྱི་བྱ་སྟབས་མ་བདེ་བའི་ བརྡ་ལམ་གྱི་ནང་དུ་གནས་ཚུལགཞུང་གི་ཁ་ཐུག་ལས་འབད་རུང་ བདེ་སྨིན གཞི་བཀོད་དང་ ཡར་སེང་འབད་དོ་ཡོདཔ་བཞིན་དུ་ བརྡ་ལམ་གྱི་ནང་དུ་གནས་ཚུལདཀའ་ངལ་དང་གདོང་ལེན་ཚུ་ འཆར་སྤྱོད སླབ་མ་བཏུབ་ཨིན་པས།,207,52
འདི་བཟུམ་གྱི་བྱ་སྟབས་མ་བདེ་བའི་ འདི་གིས་འབདཝ་ད་ བརྡ་ལམ་གྱི་ནང་དུ་གནས་ཚུལ གཞི་བཀོད་དང་ ཆོས་ལྡན་ ཡར་སེང་འབད་དོ་ཡོདཔ་བཞིན་དུ་ སྐྱེལ་འདྲེན་འགོ་དཔོན་གྱིས་ བརྡ་ལམ་གྱི་ནང་དུ་གནས་ཚུལསླབ་མ་བཏུབ་ཨིན་པས།,192,47
འདི་བཟུམ་གྱི་བྱ་སྟབས་མ་བདེ་བའི་ འཆར་སྤྱོད འདི་གིས་འབདཝ་ད་ བར་འཛུལ་འབད་ནི་དེ་ བརྡ་ལམ་གྱི་ནང་དུ་གནས་ཚུལཡར་སེང་འབད་དོ་ཡོདཔ་བཞིན་དུ་ རྒྱུ་དཀའ།,138,34
ཁྲོམ་སྦོམ་འབད་མི་ཚུ་ཡང་ བརྡ་ལམ་གྱི་ནང་དུ་གནས་ཚུལདེ་ཅིག་ རྒྱུ་དཀའ།,65,16
ཁང་གླ་མཐོ་ཤོས་སྦེ་ལྷོད་དེ་ཡོདཔ་ད་ ཟླ་རིམ་གྱི་དངུལ་ཕོགས་དམའ་ཤོས་ཐོབ་མི་དང་ བརྡ་ལམ་གྱི་ནང་དུ་གནས་ཚུལསྤ་རོ་ བདེ་ཐང་དཀར་ཆགས གནས་ཏེ་ཡོདཔ་ཨིན་པས།,139,36
ཁྲོམ་སྦོམ་འབད་མི་ཚུ་ཡང་ ཕྱིས་ཏེ་ལུས་དོ་ཡོདཔ་ད་ བརྡ་ལམ་གྱི་ནང་དུ་གནས་ཚུལ ཁང་གླ་མཐོ་ཤོས་སྦེ་ལྷོད་དེ་ཡོདཔ་ད་ ཨེ་མ་དར་ཚི ཟླ་རིམ་གྱི་དངུལ་ཕོགས་དམའ་ཤོས་ཐོབ་མི་དང་ ཁོང་རའི་དམིགས་ཡུལ་འགྲུབ་ནི་ལུ་ བརྡ་ལམ་གྱི་ནང་དུ་གནས་ཚུལགནས་ཏེ་ཡོདཔ་ཨིན་པས།,231,60
དབྱར་རྩྭ་དགུན་འབུབ་འཐུ་ནིའི་དུས་ཚོད་རནམ་ལས་ ལ་མཐོ་སའི་ས་ཁོངས་ནང་ ཕན་ཚུན་གྱི་ རྩོད་རྙོག་བྱུང་དོ་ཡོདཔ།,100,24
འབྲུག་མཁའ་འགྲུལ་ལུ་ མཆོད་རྟེན ཁོང་ཆ་ཁྱབ་ལོག་བཏང་ཡོདཔ་སྦེ་ཨིན་པས།,64,15
འབྲུག་རྒྱལ་ཁབ་ནང་ ཉེན་བརྡ་འབད་མིའི་ནང་ བརྡ་ལམ་གྱི་ནང་དུ་གནས་ཚུལ གཞན་ལུ་ རི་མོ འབུབ་བསྡུ་བསྒྱོམ་འགོ་མ་བཙུགསཔ་ལས་དང་ ས་གནས་ནང་སྡོད་མི་ཚུ་ལུ་ བརྡ་ལམ་གྱི་ནང་དུ་གནས་ཚུལཁོང་ཆ་ཁྱབ་ལོག་བཏང་ཡོདཔ་སྦེ་ཨིན་པས།,197,50
ད་རུང་ བརྡ་ལམ་གྱི་ནང་དུ་གནས་ཚུལདགའ་ས་ ལས་བཟོ ཐོན་ཁུངས་ལུ་ཉེན་ཁ་ཡོདཔ་ལས་ རྒེད་འོག་གཞན་ཁའི་མི་སྡེ་གིས་ བརྡ་ལམ་གྱི་ནང་དུ་གནས་ཚུལ ཀོ་བདག་ཚུ་ཨིནམ་ད་ འབད་དགོས་ སྙན་ཞུ་འབད་ཡོདཔ་སྦེ་ཨིན་པས།,181,47
ད་རུང་ ལུང་ནག་ནང་ལུ་ བརྡ་ལམ་གྱི་ནང་དུ་གནས་ཚུལཐོན་ཁུངས་ལུ་ཉེན་ཁ་ཡོདཔ་ལས་ གཞུང་རྒྱུན རྒེད་འོག་གཞན་ཁའི་མི་སྡེ་གིས་ ལུང་ནག་ནང་གི་ བརྡ་ལམ་གྱི་ནང་དུ་གནས་ཚུལསྙན་ཞུ་འབད་ཡོདཔ་སྦེ་ཨིན་པས།,177,45
ཚེ་རིང་དབང་འདུས།,16,4
བརྡ་ལམ་གྱི་ནང་དུ་གནས་ཚུལཚར་རེ་ལེགས་ཤོམ་འོང་དོ་ཡོདཔ་སྦེ་ཨིནམ་ད་ བཀྲ་ཤིས ཧམ་འཛུལ་འབད་མི་ཚུ་ ཤི་རྐྱེན་བྱུང་ཡོདཔ་ད་ བརྡ་ལམ་གྱི་ནང་དུ་གནས་ཚུལའབད་མི་ཅིག་གིས་ སངས་རྒྱས་ཆོས བསྡུ་བསྒྱོམ་འབད་ཆོགཔ་ཨིན་པའི་གནས་ཚུལ།,202,49
ལཱ་ཚུ་འབད་དགོཔ་ཡོདཔ་ལས་ བརྡ་ལམ་གྱི་ནང་དུ་གནས་ཚུལ ཧམ་འཛུལ་འབད་མི་ཚུ་ གཞི་འཛུགས ཤི་རྐྱེན་བྱུང་ཡོདཔ་ད་ ཧམ་འཛུལ་འབད་མི་ཚུ་ བརྡ་ལམ་གྱི་ནང་དུ་གནས་ཚུལ,143,37
རྒྱ་འབྲུག་མཐུན་འབྲེལ་རིག་རྩལ་འགྲན་བསྡུར་༢༠༢༦ ནང་ལས་ མུ་ཏིག་ཐང་སློབ་གྲྭ་གིས་ རྒྱལ་ཁ་ཐོབ་ཡོདཔ།,92,21
རིག་རྩལ་འགྲན་བསྡུར་དེ་ བརྡ་ལམ་གྱི་ནང་དུ་གནས་ཚུལ སྡེ་ཚན་དྲུག་གིས་ རྡོ་རྗེ པའི་ཚེས་༢༤ རྒྱལ་ཁ་ཐོབ་ཡོདཔ་ད་ བརྡ་ལམ་གྱི་ནང་དུ་གནས་ཚུལའགོ་འདྲེན་འཐབ་ཡོདཔ་ད་ འབྲས ནང་བཅའ་མར་གཏོགས་ཡོདཔ་ཨིན་པས།,182,45
རིག་རྩལ་འགྲན་བསྡུར་དེ་ དམག་སྲིད་བིམ་བུ་ཤཱང་ཀར་གྱིས་ བརྡ་ལམ་གྱི་ནང་དུ་གནས་ཚུལཔའི་ཚེས་༢༤ དུས་ཆེན རྒྱལ་ཁ་ཐོབ་ཡོདཔ་ད་ རིག་རྩལ་གོང་འཕེལ་བློན་པོ་ བརྡ་ལམ་གྱི་ནང་དུ་གནས་ཚུལནང་བཅའ་མར་གཏོགས་ཡོདཔ་ཨིན་པས།,192,47
སྤུ་ན་གཙང་ཆུ་གློག་མེ་ལས་འགུལ་༢ པའི་ སྤྱོད་འཐུས་རུ་པི་༥.༡༠ གུ་ལུ་ ཡར་སེང་འབད་ཡོདཔ།,81,21
"༉ སྤུ་ན་གཙང་ཆུ་གློག་མེ་ལས་འགུལ་༢ པ་ ནུས་ཤུགས་མེ་ག་ཝཊ་༡,༠༢༠ འབད་མི་ སྤྱོད་འཐུས་ཀྱི་ཚོང་འབྲེལ་ནང་ ཡུ་ནིཊ་རེ་ལུ་ རྒྱ་གར་གྱི་རུ་པི་༥.༡༠ གུ་ལུ་ ཡར་སེང་འབད་ནི་ལུ་ མཐའ་བཅད་སོང་ཡོདཔ་ཨིན་པས།",181,48
སྤྱོད་འཐུས་དེ་ བརྡ་ལམ་གྱི་ནང་དུ་གནས་ཚུལ ཐོན་སྐྱེད་འབད་ཚུགས་པའི་རེ་བ་བསྐྱེད་དོ་ཡོདཔ་ད་ གཤེས་ཚན དོ་འགྲན་འབྱུང་དོ་ཡོད་མི་ཚུ་ རྒྱུན་སྐྱོང་ཟད་འཐུས་ བརྡ་ལམ་གྱི་ནང་དུ་གནས་ཚུལཡར་སེང་འབད་དོ་ཡོདཔ་བཞིན་དུ་ མཆོད་རྟེན བསལ་ཚུགས་ནི་ཨིན་པས།,224,54
སྤྱོད་འཐུས་དེ་ སྤྱི་ལོ་༢༠༢༥ བརྡ་ལམ་གྱི་ནང་དུ་གནས་ཚུལདོ་འགྲན་འབྱུང་དོ་ཡོད་མི་ཚུ་ རྫོང་ཁ རྒྱུན་སྐྱོང་ཟད་འཐུས་ ལོ་ལྔ་རེ་ནང་ བརྡ་ལམ་གྱི་ནང་དུ་གནས་ཚུལབསལ་ཚུགས་ནི་ཨིན་པས།,164,40
བརྡ་ལམ་གྱི་ནང་དུ་གནས་ཚུལ སྦྱོང་བརྡར་ གོ སྤྱོད་འཐུས་དེ་གིས་ ཁྲོམ་ཚོགས་བློན་པོ་ བརྡ་ལམ་གྱི་ནང་དུ་གནས་ཚུལཧེ་མའི་སྤྱོད་འཐུས་གུ་ལུ་ འགོད་རིམ རྒྱལ་ཁབ་ནང་་འོང་ཡོདཔ་ཨིན་པའི་གནས་ཚུལ།,173,41
པའི་ཚེས་༡༩ བརྡ་ལམ་གྱི་ནང་དུ་གནས་ཚུལསྤྱོད་འཐུས་དེ་གིས་ སྤ་རོ ཁྲོམ་ཚོགས་བློན་པོ་ བཤད་མིའི་ནང་ བརྡ་ལམ་གྱི་ནང་དུ་གནས་ཚུལ,116,29
སྣུམ་འཁོར་ཇོ་བདག་གི་མིང་ཐོ་སྤོ་སོར་འབད་མི་ མང་སུ་ཐོན་ཡོདཔ།,58,15
༉ འབྲུག་བཟོ་སྐྲུན་དང་སྐྱེལ་འདྲེན་དབང་འཛིན་གྱིས་ སྤྱི་ཟླ་༡ པའི་ཚེས་༡ ལས་འགོ་བཙུགས་ སྤྱི་ཟླ་༦ པའི་ཚེས་༣༠ ཚུན་ སྣུམ་འཁོར་ཇོ་བདག་མིང་ཐོ་སྤོ་སོར་གྱི་ མཐུན་རྐྱེན་བྱིན་མི་ལུ་བརྟེན་ མིང་སྤོ་སོར་འབད་མི་ ལེ་ཤ་ཐོན་ཡོདཔ་ཨིན་པས།,215,52
"དུས་ཅི་ སྤྱི་ཟླ་༡ པ་ལས་ ཟླ་༤ པའི་ནང་འཁོད་ལུ་ སྣུམ་འཁོར་ཇོ་བདག་གི་ མིང་ཐོ་སྤོ་སོར་འབད་མི་༩,༥༠༠ ཐོན་ཡོདཔ་ད་ ལོ་གཅིག་གི་ནང་འཁོད་ལུ་ མིང་ཐོ་སྤོ་སོར་འབད་མིའི་གནས་ཐོ་ནང་ ཇོ་བདག་༡༠,༧༥༧ གྱིས་ སྤོ་སོར་འབད་ཡོདཔ་སྦེ་ཨིན་པས།",212,54
དུས་ཡུན་ཟླཝ་༦ གི་ནང་འཁོད་ལུ་ དབང་འཛིན་གྱིས་ སྣུམ་འཁོར་ཇོ་བདག་གི་མིང་ཐོ་སྤོ་སོར་གྱི་ ཐབས་བྱུས་སྣ་ཚོགས་ བཏོན་ཡོདཔ་སྦེ་ཨིན་པས།,123,30
དབང་འཛིན་གྱི་ཁ་ཐུག་ལས་ མིང་ཐོ་སྤོ་སོར་གྱི་ ཁྲལ་རིགས་ཚུ་ལུ་ཡང་ བདེ་སྒྲིག་འབད་ཡོདཔ་ད་ ཧེ་མ་བཟུམ་སྦེ་ ཕབ་ཆག་གི་ཐོག་ལུ་ གནས་སྟངས་ཚུ་ ཁྲིམས་འཛིན་མ་འབད་བར་ བདེ་ཐབས་ཀྱི་གན་ཡིག་དང་བསྟུན་པའི་ ཕབ་ཆག་འབད་བཅུག་མི་ལུ་བརྟེན་ ལེགས་ལྡན་བྱུང་ཡོདཔ་ཨིན་པས།,237,59
ད་ལྟོའི་ ལས་དོན་ནང་འབད་བ་ཅིན་ མིང་ཐོ་སྤོ་སོར་གྱི་ཁྲལ་དེ་ གནས་གོང་ལས་ བརྒྱ་ཆ་གཅིག་གུ་ལུ་ བསྒྱུར་བཅོས་འབད་ཡོདཔ་སྦེ་ཨིན་པས།,120,30
སྣུམ་འཁོར་མིང་ཐོ་སྤོ་སོར་འབདཝ་ད་ མི་ཁུངས་ངོ་སྤྲོད་ལག་ཁྱེར་འདྲ་དང་ རྒྱལ་གཞུང་དངུལ་ལས་དབང་འཛིན་ལས་ ལྟེ་བའི་ཐོ་བཀོད་ཉེན་སྲུང་སྙན་ཞུ་དེ་་ དངུལ་འབྲེལ་གྱི་ངེས་གཏན་དོན་ལུ་དང་ འདི་དང་སྦྲགས་ དགོས་མཁོ་ཅན་གྱི་ཡིག་ཆ་གཞན་གྱི་རིགས་ཚུ་ དགོཔ་ཡོདཔ་སྦེ་ཨིན་པས།,242,58
སྐྱེལ་འདྲེན་དབང་འཛིན་དང་ ཁྲིམས་སྲུང་འགག་པའི་སྣུམ་འཁོར་བརྡ་སྟོན་སྡེ་ཚན་གྱིས་ མཉམ་འབྲེལ་ཐོག་ལས་ སྣུམ་འཁོར་གྱི་མིང་ཐོ་ཚུ་ རང་སོ་གུ་ལུ་ སྤོ་ཡོད་མེད་ ཞིབ་དཔྱད་ཚུ་འབད་དོ་ཡོདཔ་སྦེ་ཨིན་པས།,180,42
ཨིན་རུང་ གཞུང་འབྲེལ་ཐོབ་སྤྱོད་ཁྲལ་ཕབ་ཆག་ཐོག་ལུ་ ཉོ་སྤྱོད་འབད་མི་ཚུ་ཨིན་པ་ཅིན་ ལོ་ལྔ་གི་རིང་ མིང་ཐོ་སྤོ་སོར་འབད་ནི་ལ་སོགས་པ་ཚུ་ ཁྲལ་སྤྲོད་དེ་མ་གཏོགས་ མ་ཆོགཔ་སྦེ་ཡོདཔ་ཨིན་པས།,172,44
ཟམ་བཟོ་སྐྲུན་འབད་ནི་ ཕྱིས་ཏེ་ལུས་མི་གིས་ བསམ་རྩེ་རྒེད་འོག་༥ ལུ་ བར་ཆད་འབྱུང་ནི་ཨིནམ།,84,21
ཕགཔ་གསོ་སྐྱོང་འཐབ་མི་ སོ་ནམ་པ་ཚུ་ལུ་ རྒྱབ་སྐྱོར།,48,12
གྲོང་གསེབ་མཐའ་ཟུར་གྱི་མི་སེར་ཚུ་ ལྕགས་སྐུད་དྲ་མིག་གི་ ར་བ་བསྒོར་ནིའི་ལས་རིམ་ནང་ ཚུད་ཐབས་མེད་པའི་གདོང་ལེན།,105,26
ཀེམ་བི་རེཆ་དང་རིམ་སྒྲིག་འབད་མི་ རྩ་གཞུང་ལག་ལེན་འཐབ་ནི་ལུ་ གྲ་སྒྲིག་ཡོད་ལུགས་ཀྱི་དྲི་བཀོད།,89,22
ཡོངས་འབྲེལ་ཐོག་ལས་ མགུ་འབྱིད་རྐྱབ་མི་ཡར་སེང་ལུ་ དོགས་ཟོན།,57,13
གནས་ཚུལ་མདོར་བསྡུས།,19,4
རྒྱ་གར་གྱི་རུ་པི་རྫུས་མ་ལག་ལེན་ནང་ མི་གཉིས་ ཁྲིམས་སྲུང་འགག་པ་གིས་ འཛིན་བཟུང་འབད་ཡོདཔ།,85,21
ད་རེས་འཕྲལ་ཁམས་ལུ་ ཆར་རྐྱབ་མི་གིས་ སྐྱེལ་འདྲེན་འབད་ནི་ལུ་ བར་ཆད་རྐྱབ་ཡོདཔ་ད་ དེ་ཡང་ གནས་སྐབས་ཀྱི་ ལམ་ཕྱོགས་སོ་སོ་ལས་བཏོན་ཏེ་ ཆུ་ཁ་བཀྲམ་སོང་མི་གིས་ གཙང་ཆུ་བརྒལ་ནི་ལུ་ ཐབས་ལམ་ཅིག་སྦེ་ ཡོདཔ་ཨིན་པས།,194,49
བར་ཆད་ག་ཅི་ར་བྱུང་རུང་ དེ་གིས་ ཐད་ཀར་དུ་ མཁོ་ཆས་དང་ ལམ་འགྲུལ་ དགོས་མཁོའི་ཞབས་ཏོག་ཚུ་ལུ་ གནོད་པ་རྐྱབ་མི་ལུ་བརྟེན་ ས་ཁོངས་དེ་ ཡུན་རིངམོ་སྦེ་ར་ ཐོགས་ཏེ་ལུས་པའི་ ཚ་གྱང་ལང་དོ་ཡོདཔ་ཨིན་པས།,182,47
ཚ་གྱང་ཅིག་དེ་ ས་གནས་ཇི་ཏི་ལུ་ཡོད་པའི་ སྒྲིག་ཟམ་གཉིས་ ན་ཧིང་ སྤྱི་ཟླ་༡༠ པའི་ནང་ ཆརཔ་ཤུགས་སྦེ་རྐྱབ་མི་ལུ་བརྟེན་ འཕྱགས་བདའ་ནི་དེ་གིས་ཨིནམ་ད་ དེ་གིས་ གཞུང་ལམ་འདི་ར་ སྒོ་བསྡམས་སྡོད་དགོཔ་ལུ་ ཐུག་ཡོདཔ་ཨིན་པས།,201,50
ས་ཐོག་སྐྱེལ་འདྲེན་ལས་ཁུངས་ཀྱིས་ ཟད་འགྲོ་དངུལ་ཀྲམ་ས་ཡ་༡༥ གི་ཐོག་ལས་ སྤྱི་ཟླ་༡ པའི་ནང་ལས་ བཟོ་སྐྲུན་ལཱ་འབད་ནི་ འགོ་བཙུགས་ཡོད་མི་དེ་ སྤྱི་ཟླ་༥ པའི་ཚེས་༩ ལུ་ མཇུག་བསྡུ་ཚུགས་པའི་ ཚོད་དཔག་ཡོདཔ་ཨིན་པས།,194,49
དེ་འབདཝ་ད་ ཚོད་དཔག་གི་དུས་ཚོད་དེ་ ཚང་སྟེ་འབད་རུང་ ས་ཁོངས་ནང་སྔོན་འགྲོའི་ལཱ་ དུམ་གྲ་ཅིག་མ་གཏོགས་འབད་ས་ མཐོང་ནི་མེདཔ་ད་ ཟམ་ངོ་མ་རྐྱབ་སའི་ས་ཁོངས་ནང་ ལཱ་ཤུགས་དེ་ཅིག་ར་ བཏོན་ཡོད་པའི་ གསལ་སྟོན་མེདཔ་སྦེ་ཨིན་པས།,203,52
གནད་དོན་འདི་ཚུ་ལུ་བརྟེན་ ས་གནས་ནང་སྡོད་མི་ཚུ་ལུ་ ཚ་གྱང་འཐེབ་ཅིག་ར་ ལང་ཡོད་མི་དེ་ཡང་ གཞུང་ལམ་སྦྲེལ་མཐུད་འབད་ནི་ལུ་ ཕྱིས་ཏེ་ལུས་པ་ཅིན་ དེ་གིས་གནམ་བྱཱར་ཆརཔ་རྐྱབ་པའི་བསྒང་ལས་ ལམ་དེ་གནས་སྟངས་སྐྱོ་དྲག་ཅིག་ནང་ ལྷོད་ནི་ཨིན་པས།,218,56
ས་གནས་ཀྱི་ མི་སེར་ཚུ་གིས་ སླབ་དོ་བཟུམ་འབད་བ་ཅིན་ ཡང་བསྐྱར་དུ་ ལམ་ཕྱོགས་མེདཔ་བཏང་མི་གིས་ གཙང་ཆུ་བརྒལ་འགྱོ་ནི་ལུ་ ཉེན་ཁ་སྦོམ་ར་བྱུང་དོ་ཡོདཔ་བཞིན་དུ་ གནས་སྟངས་དེ་ དུས་ཚོད་དང་འཁྲིལ་ ལཱ་ཁག་བཏང་ནི་ཨིན་པས།,198,50
མི་སེར་ཚུ་གིས་ སླབ་དོ་བཟུམ་འབད་བ་ཅིན་ གནམ་ནུབ་མོ་ ངེས་མེད་དུ་ འགྲོ་འགྲུལ་འབད་དགོཔ་ བྱུང་བའི་སྐབས་སུ་ གལ་སྲིད་ རྒྱུན་ལམ་དེ་ ཐོགས་ཆག་མེདཔ་སྦེ་ཡོད་པ་ཅིན་ གྲ་སྒྲིག་དང་ བདེ་སྒྲིག་འབད་དགོཔ་ཡང་མི་འོང་ཟེར་ བཤདཔ་ཨིན་པས།,210,50
བཀྲིས་ཆོས་གླིང་དྲུང་ཁག་ནང་ གོང་འཕེལ་གྱི་ལས་སྣ་ཚུ་ ལེ་ཤ་ཅིག་ར་ འོང་དོ་ཡོད་མི་དང་ མི་རློབས་ཡར་སེང་འགྱོ་དོ་ཡོདཔ་ལས་ ལཱ་ཚུ་མགྱོགས་དྲག་འབད་དགོཔ་འདུག་ཟེར་ཨིན་པས།,155,39
རྡོག་མ་དང་ ཨ་ལེན་ཅི་གི་ དུས་ཚོད་རན་དོ་ཡོད་མི་དང་བསྟུན་ འཁོར་ལམ་ལག་ལེན་འཐབ་ནི་གི་ དུས་ཚོད་རན་ཡོདཔ་ལས་ གཞུང་ལམ་ལེགས་བཅོས་འབད་དགོཔ་ཁག་ཆེཝ་སྦེ་ ཡོདཔ་ཨིན་པའི་གནས་ཚུལ།,161,41
༉ རྒྱལ་ཁབ་ནང་ ཕག་ཤ་གི་ གོང་ཚད་ཡར་འཕར་དང་ འཐོབ་ནི་ལུ་གདོང་ལེན་བྱུང་མི་ དེ་ལས་ ཤའི་ཚོང་ལམ་ལེགས་ཤོམ་མེདཔ་ལས་ གཞུང་གིས་ གནད་དོན་སེལ་ཐབས་ལུ་ ཐབས་ལམ་ཚུ་ བཏོན་ཏེ་ཡོདཔ་ཨིན་པས།,167,43
ད་རེས་ སོ་ནམ་པ་ཚུ་གིས་ ཕགཔ་ཤ་ཚུ་ ལེ་ཤ་སྦེ་ ཐོན་སྐྱེད་འབད་རུང་ ཚོང་ལམ་མེད་པའི་ དཀའ་ངལ་བྱུང་སྟེ་ཡོདཔ་ཨིན་པས།,106,28
གནད་དོན་གཅིགཔོ་དེ་ ཁྲོམ་ཁར་ཕག་ཤ་གི་ གོང་ཚད་ཚུ་ གཏན་འཁེལ་མེད་པར་ ཡར་མར་སོང་སྟེ་ཡོདཔ་བཞིན་དུ་ ལ་ལུ་ཅིག་གིས་ ཕགཔ་ཤ་ཚུ་བསགས་བཞག་སྟེ་ གོང་ཚད་མཐོ་དྲགས་སྦེ་ བཙོང་དོ་ཡོདཔ་ཨིན་པས།,170,43
"ད་རེས་ རྒྱལ་ཁབ་ནང་ གུང་པ་༦༦,༤༤༠ སོ་ནམ་ལཱ་ལུ་བརྟེན་སྡོད་མི་དང་ གུང་པ་༤,༣༧༦ དེ་ཅིག་ ཕགཔ་གསོ་སྐྱོང་འཐབ་སྟེ་ འཚོ་བ་སྐྱོང་སྡོད་མི་ཡོདཔ་ཨིན་པས།",137,34
འཐུས་མི་གིས་ གལ་སྲིད་ གནད་དོན་འཕྲོ་མཐུད་དེ་ར་ སྡོད་པ་ཅིན་ ཕགཔ་གསོ་སྐྱོང་འཐབ་མི་ཚུ་ འཚོ་བ་ཡུན་བརྟན་སྦེ་ སྐྱོང་སྡོད་ནི་ལུ་ ལཱ་ཁག་གཏང་ནི་མས་ཟེར་ཨིན་པས།,148,37
ཁོ་གིས་འབད་བ་ཅིན་ རྩི་རང་གི་ སོ་ནམ་པ་ཚུ་ ཕག་ཤ་ཐོན་སྐྱེད་འབད་ནི་ འོས་འབབ་སྦོམ་ཡོད་རུང་ དམིགས་བསལ་དུ་ ཕག་ཤ་གསོ་སྐྱོང་འཐབ་ནི་སྦེ་ སྐྱིན་འགྲུལ་ལེན་མི་ཚུ་ དངུལ་འབྲེལ་དང་འབྲེལ་བའི་ དཀའ་ངལ་བྱུང་སྟེ་ འདུག་ཟེར་ཨིན་པས།,208,51
ད་རེས་ རྩི་རང་གི་ སོ་ནམ་པ་རྐྱངམ་གཅིག་མེན་པར་ བསམ་རྩེ་དང་ གསར་སྤང་ དར་དཀར་ནང་ ཆུ་ཁ་ དེ་ལས་ བསམ་གྲུབ་ལྗོངས་མཁར་གྱི་ སོ་ནམ་པ་ཚུ་ལུ་ཡང་ གདོང་ལེན་བྱུང་སྟེ་ ཡོདཔ་སྦེ་ཨིན་པས།,167,43
ཁོ་གིས་ དངུལ་ཀྲམ་ས་ཡ་༣༣ བཏང་སྟེ་ ཐོན་སྐྱེད་མེ་ཊིག་ཊཱན་༨༠༠ ལུ་ རྒྱབ་སྐྱོར་འབད་ནིའི་ འཆར་གཞི་ཡོདཔ་ད་ ཐོན་སྐྱེད་ཚུ་ཡང་ ཐད་ཀར་དུ་ ཚོང་ཁང་བརྒྱུད་དེ་ ཚོང་འབྲེལ་འཐབ་འོང་ཟེར་ཨིན་པས།,173,42
དངུལ་ཀྲམ་ཐེར་འབུམ་༤ གནས་པའི་ཤ་རིགས་ཐོན་སྐྱེད་ ནང་འཁོད་ལུ་ ཚོང་འབྲེལ་འཐབ་ཡོདཔ་ལས་ ཕག་ཤ་ཚོང་འབྲེལ་འཐབ་མི་རྐྱངམ་གཅིག་མེན་པར་ སྒོ་ནོར་ལས་སྡེ་ནང་ གོ་སྐབས་ལེགས་ཤོམ་ཡོདཔ་ཨིན་པས།,170,41
གཞུང་གིས་ སྒོ་ནོར་ཐོན་སྐྱེད་འབད་མི་ཚུ་ལུ་ འཕྲོ་མཐུད་དེ་ར་ ཚོང་འབྲེལ་གྱི་ རྒྱབ་སྐྱོར་ཚུ་འབད་ནི་ཨིན་པས།,101,24
གནད་དོན་དེ་ལུ་ སོ་ནམ་བློན་པོ་གིས་ ད་རེས་ ད་ལྟོ་ཡོད་པའི་མཐུན་རྐྱེན་ཚུ་ ལག་ལེན་འཐབ་དོ་ཡོདཔ་བཞིན་དུ་ གལ་སྲིད་ མངམ་དགོས་མཁོ་ཡོད་པ་ཅིན་ ཁ་སྐོང་མཐུན་རྐྱེན་ཚུ་ བཟོ་སྐྲུན་འབད་འོང་ཟེར་ཨིན་པས།,182,45
གཞུང་གིས་ མཐུན་རྐྱེན་ཚུ་ བཟོ་སྐྲུན་འབད་དེ་ ལག་ལེན་མ་འཐབ་པར་ ལུས་ནི་དང་ ཟད་འགྲོ་འཕྲོ་བརླགས་འགྱོ་འོང་ཟེར་བའི་ གནད་དོན་ཡོདཔ་ཨིན་པའི་གནས་ཚུལ།,137,32
ཨོ་རྒྱན་རྡོ་རྗེ།,16,4
"རྒྱལ་ཡོངས་ཚོགས་ཁང་ནང་ དྲི་བཀོད་ལས་རིམ་སྐབས་ལུ་ རྩིས་ལོ་༢༠༢༥ དང་༢༠༢༦ ལུ་ རྒྱལ་ཁབ་ནང་ ཁྱབ་ཚད་ཀི་ལོ་མི་ཊར་༡,༡༠༧ དེ་ཅིག་ལྕགས་ར་བསྒོརཝ་ད་ ས་ཆ་ཨེ་ཀར་༣༡,༡༢༡ ཁྱབ་ཚུགས་མི་གིས་ ཁྱིམ་གུང་༡༢,༩༠༧ དེ་ཅིག་ལུ་ ཁེ་ཕན་བྱུང་ཡི་ཟེར་ གསལ་ཞུ་འབད་ཡི།",227,57
བློན་པོ་ཡོན་ཏན་ཕུན་ཚོགས་ཀྱིས་ གསལ་ཞུ་འབད་མིའི་ནང་ སའི་ཁྱབ་ཚད་ཨེ་ཀར་༣༠ ཟེར་འཁོད་དེ་ཡོད་མི་དེ་ རྒྱལ་ཡོངས་ནང་ ཐོན་ཁུངས་ཚད་ཅིག་ལས་བརྒལ་མེད་ནི་དེ་གིས་ ཨིནམ་བཞིན་དུ་ མི་སེར་གྱི་མ་རྩ་གཞི་བཙུགས་ནང་ དཔལ་འབྱོར་གྱི་ཁེ་ཕན་ཚུ་ བལྟ་དགོཔ་ཡོད་ཟེར་ཞུ་ཡི།,237,60
འདས་པའི་རིང་ལུ་འབད་བ་ཅིན་ སོ་ནམ་དེ་ རང་འཚོ་རང་ལྡང་ཅིག་གི་དོན་ལུ་ གཙོ་རིམ་སྒྲིག་སྟེ་ཡོད་རུང་ ད་རེས་ནངས་པར་འབད་བའི་བསྒང་ལས་ ཚོང་འབྲེལ་ནང་ ཤུགས་བཏོན་དོ་ཡོདཔ་ལས་ སོ་ནམ་ལུ་བརྟེན་ དཔལ་འབྱོར་གྱི་འཕེལ་ཚད་ཡར་དྲག་བཟོ་ཚུགས་ཟེར་ བློན་པོ་གིས་ཞུ་ཡི།,235,59
ཁོ་གིས་ མནན་བསྐྱར་དུ་ ཞུ་མིའི་ནང་ སྲིད་བྱུས་དེ་ མ་འོངས་པའི་ནང་ འཁྲི་སྣོན་འབད་བ་ཅིན་ འཕྲལ་མཁོའི་བསྒྱུར་བཅོས་ཚུ་ དགོཔ་མིན་ནུག་ཟེར་ཨིན་པས།,135,31
སྲིད་བྱུས་དེ་ བསྒྱུར་བཅོས་འབད་དགོཔ་ཡོད་རུང་ ད་ལྟོ་འཕྲལ་ལུ་འབད་ནི་མེནཔ་ད་ དེ་ཡང་ གཙོ་བོ་ར་ དགོས་མཁོའི་བསྐྱར་ཞིབ་ལུ་གཞི་རྟེན་དང་ དོན་ཚན་ཚུ་ ས་གནས་གཞུང་དང་ རྫོང་ཁག་གི་ཁ་ཐུག་ལས་ འོང་དགོཔ་ཡོད་ཟེར་ཨིན་པས།,198,49
བློན་པོ་གིས་ འབད་བ་ཅིན་ ད་ལྟོ་ཡོད་པའི་དབྱེ་ཁག་ནང་ རྒེད་འོག་གི་ ས་ཁོངས་༢༨༩ ཚུ་ནང་ ལྕགས་སྐུད་དྲ་མིག་བསྒོར་ནི་སྦེ་ ངོས་འཛིན་འབད་བའི་ཁར་ ལཱ་ཚུ་གདམ་ཁ་ཅན་སྦེ་ འབད་ནི་ཨིན་ཟེར་ཨིན་པས།,175,45
གཞུང་གི་ཁ་ཐུག་ལས་ ཇ་པཱན་གཞུང་དང་མཉམ་འབྲེལ་ཐོག་ མོ་བཏབ་ཀྱི་ལཱ་ཚུ་འབད་བཞིན་དུ་ཡོདཔ་ད་ དེ་ཡང་ ལྕགས་སྐུད་དྲ་མིག་གི་ར་བ་དང་ གློག་མེའི་རྒྱུད་ཐག་གི་ར་བ་གཉིས་ཀྱིས་ རི་དྭགས་སེམས་ཅན་ཚུ་ བཀག་ཐབས་འབད་ནིའི་ ཐབས་ཤེས་བཏོན་དོ་ཡོདཔ་ཨིན་པས།,222,57
གནད་དོན་འདི་ལུ་ བློན་པོ་གིས་ ལྷན་ཁག་གི་ཁ་ཐུག་ས་ སོ་ནམ་པ་ཚུ་ལུ་ གདོང་ལེན་སྦོམ་ར་ཡོདཔ་སྦེ་ཨིནམ་ལས་ ཐབས་ལམ་ཚུ་བལྟ་སྟེ་ བདེ་སྒྲིག་འབད་ནི་ཨིན་ཟེར་ ཨིན་པའི་གནས་ཚུལ།,158,41
ཕམ་དང་སློབ་དཔོན་ཚུ་ སློབ་གྲྭ་དང་ སློབ་དཔོན་གྱི་གྲ་སྒྲིག་ ཁྲོམ་དང་གྲོང་གསེབ་ཀྱི་ཁྱད་པར་ གཞི་རྟེན་མཐུན་རྐྱེན་ཚད་གཞི་ དེ་ལས་ དངུལ་འབྲེལ་དང་འབྲེལ་བའི་ ཚ་གྱང་ཚུ་ ལང་སྟེ་འདུག་ཟེར་ ཚེ་རིང་དཔལ་འབྱོར་གྱིས་ཞུ་ཡི།,202,47
གནད་དོན་དེ་ལུ་ ཤེས་རིག་བློན་པོ་ ཡིད་བཟང་ཌི་ཐ་པ་གིས་ རྒྱལ་ཁབ་ནང་ ཤེས་རིག་ལམ་ལུགས་ གཞི་སྒྱུར་དེ་ཡང་ སྤྱི་ལོ་༢༠༢༠ ལུ་ མི་དབང་མངའ་བདག་རིན་པོ་ཆེའི་ བཀའ་ཤོག་དང་འཁྲིལ་ཏེ་ ཨིན་ཟེར་ཨིན་པས།,179,45
"བློན་པོ་དང་འཁྲིལ་བ་ཅིན་ ད་ལྟོ་ཚུན་ཚོད་ རྩ་གཞུང་གསརཔ་ སློབ་སྟོན་འབད་མི་ སློབ་དཔོན་༣,༥༠༠ དེ་ཅིག་ལུ་ སྦྱོང་བརྡར་འབད་ཡོདཔ་བཞིན་དུ་ རྩ་གཞུང་གསརཔ་ སློབ་སྟོན་འབད་ནི་ལུ་ བློ་སྟོབས་མ་ཐོབ་ཚུན་ སྦྱོང་བརྡར་ཚུ་ བྱིན་ནི་གི་ འཆར་གཞི་ཡོད་ཟེར་ཨིན་པས།",233,54
མཉེན་འདྲ་སློབ་དེབ་དེ་ སྤྱི་ལོ་༢༠༢༥ ཟླ་༡༢ པའི་ནང་ མཇུག་བསྡུ་སྟེ་ པར་སྐྲུན་མ་འབད་བའི་ཧེ་མར་ བསམ་ལེན་གྱི་དོན་ལུ་ སློབ་གྲྭ་ཚུ་ནང་ བགོ་བཀྲམ་འབད་དེ་ཡོད་ཟེར་ བློན་པོ་གིས་ཞུ་ཡི།,169,42
བློན་པོ་གིས་ དཔེ་དེབ་ཚུ་ དུས་ཚོད་ཁར་ བཀྲམ་སྤེལ་འབད་མ་ཚུགས་མི་ལུ་ ཚ་གྱང་ཡོདཔ་ད་ ད་རེས་ དཔེ་དེབ་དེ་ མཁས་མཆོག་ཚུ་གིས་ བསྐྱར་ཞིབ་འབད་བའི་བསྒང་ཡོདཔ་བཞིན་དུ་ རྩ་གཞུང་དེ་ གསརཔ་འབདཝ་ལས་ པར་སྐྲུན་ལས་སྡེ་ཚུ་ལུ་ཡང་ དུས་ཚོད་དགོ་པས་ཟེར་ཨིན་པས།,230,57
རྩིས་ལོ་༢༠༢༦-༢༧ ལུ་ བརྡ་དོན་འཕྲུལ་རིག་མཐུན་རྐྱེན་དང་ སློབ་དཔོན་མ་ལང་པའི་ དཀའ་ངལ་སེལ་ཐབས་ལུ་ དངུལ་ཀྲམ་ཐེར་འབུམ་༣ བགོ་བཀྲམ་འབད་དེ་ཡོད་ཟེར་ ཤེས་རིག་བློན་པོ་གིས་ཞུ་ཡི།,163,39
ཨིན་རུང་ འཐུས་མི་མང་ཤོས་ཅིག་གིས་ རྩ་གཞུང་གསརཔ་དེ་ ལག་ལེན་མ་འཐབ་པའི་ཧེ་མར་ གྲོང་གསེབ་སློབ་གྲྭ་ལེ་ཤ་ཅིག་ནང་ སློབ་དཔོན་དང་ ཀམ་པིའུ་ཊར་ དེ་ལས་ ཡོངས་འབྲེལ་གྱི་ཞབས་ཏོག་ཚུ་ དཀའ་ངལ་འདུག་ཟེར་ཨིན་པས།,189,47
ཁམས་དྭངས་-རམ་འཇར་གྱི་འཐུས་མི་ རྣམ་རྒྱལ་རྡོ་རྗེ་གིས་ རྩ་གཞུང་གསརཔ་ ལག་ལེན་མ་འཐབ་པའི་ཧེ་མར་ ཞིབ་འཚོལ་འབད་མ་འབད་ཀྱི་ དྲི་བཀོད་འབད་ཡོདཔ་བཞིན་དུ་ གཞི་སྒྱུར་གྱི་ ལམ་སྟོན་དོན་ལུ་ རྒྱལ་ཡོངས་ལས་བྱེད་ཚོགས་ཆུང་ཅིག་ཡང་ གཞི་བཙུགས་འབད་ཡི་ག་ཟེར་ཨིན་པས།,237,57
ཝམ་རོང་གི་འཐུས་མི་ བླམ་རྡོ་རྗེ་གིས་ རྩ་གཞུང་གཞི་སྒྱུར་ནང་ ཞིབ་འཚོབ་ཡོངས་རྫོགས་མ་འབད་བ་ཅིན་ དཀའ་ངལ་འབྱུང་ནི་དང་ མཉེན་འདྲ་སློབ་དེབ་དེ་གིས་ གྲོང་གསེབ་ནང་ ཡོངས་འབྲེལ་གྱི་ཞབས་ཏོག་མེདཔ་ལས་ ཁེ་ཕན་ཅིག་ འཐོབ་མི་ཚུགས་ཟེར་ཨིན་པས།,218,52
ཁོ་གིས་འབད་བ་ཅིན་ རྩ་གཞུང་གསརཔ་དེ་ ལག་ལེན་མ་འཐབ་པའི་ཧེ་མར་ གྲོང་གསེབ་དང་ ཁྲོམ་སྡེ་གི་ སློབ་གྲྭ་དག་པ་ཅིག་ནང་ མོ་བཏབ་ཐོག་ལས་ ལག་ལེན་འཐབ་དགོཔ་དེ་ ཁག་ཆེ་ཟེར་ཨིན་པས།,160,42
བར་མཚམས་-གཤོང་ཕུག་གི་འཐུས་མི་ རིན་ཆེན་དབང་འདུས་ཀྱིས་ ཞུ་མིའི་ནང་ རྩ་གཞུང་གསརཔ་དེ་ ཚབ་ཚབ་རིལ་རི་སྦེ་ ལག་ལེན་འཐབ་དགོཔ་ཅིག་འདུག་ག་ཟེར་ཨིནམ་ད་ རྩ་གཞུང་གཞི་བཞག་ནིའི་དོན་ལུ་ ཐབས་བྱུས་སྲིད་བྱུས་ཡིག་ཆ་ཡང་ མ་མཐོང་ཟེར་ཨིན་པས།,215,53
བློན་ཆེན་ཚེ་རིང་སྟོབས་རྒྱས་ཀྱིས་ ཞུ་མིའི་ནང་ ད་རེས་ ཚན་རིག་དང་འཕྲུལ་རིག་ མགྱོགས་དྲག་སྦེ་ ཡར་འཕར་འགྱོ་བའི་ ནམ་དུས་ལུ་ གནས་སྟངས་དང་འཁྲིལ་ཏེ་ རྩ་གཞུང་གཞི་སྒྱུར་འབད་ནི་དེ་ གལ་ཅན་ཅིག་ཨིན་ཟེར་ཨིན་པས།,193,46
གལ་སྲིད་ ན་གཞོན་ཚུ་ སྤུས་ཚད་ལྡན་པའི་ ཤེས་རིག་དང་ ལཱ་གཡོག་དགོ་པ་ཅིན་ རྩ་གཞུང་དེ་ གཞི་སྒྱུར་འབད་ནི་དེ་ ཁག་ཆེ་ཟེར་ བློན་ཆེན་གྱིས་ ཞུ་ཡི།,133,33
སློབ་ཕྲུག་ཚུ་གིས་ ཤེས་ཡོན་སྦྱང་ཚར་བའི་ཤུལ་ལུ་ རྒྱལ་ཡོངས་ཀྱི་རྩ་གཞུང་དང་ རྩ་གཞུང་གསརཔ་འབདཝ་ད་ རྩ་གཞུང་༢ སྦེ་ ཐོབ་ཚུགས་ནི་ཨིནམ་ལས་ རྒྱལ་སྤྱི་ནང་འབད་རུང་ ངོས་ལེན་འབད་འོང་ཟེར་ཨིན་པས།,178,43
བློན་ཆེན་གྱིས་ ཀེམ་བི་རེཆ་དེ་ འཛམ་གླིང་ནང་ རྩ་གཞུང་དྲག་ཤོས་ཅིག་སྦེ་ བརྩི་འཇོག་འབད་དེ་འདུག་ཟེར་ ཨིན་པའི་གནས་ཚུལ།,111,26
མཐུན་རྐྱེན་འདི་ཚུ་ལུ་བརྟེན་ ལཱ་འབད་ནི་ལུ་ སྟབས་བདེ་དྲག་དང་ མགྱོགས་དྲག་ཡོདཔ་ཨིན།,79,18
ཉམས་རྒུདཔ་ཚུ་ལུ་ ཡོངས་འབྲེལ་ཝསི་ཨེབ་དང་ ཊེ་ལི་ག་རམ་ནང་སྡེ་ཚན་བཟོ་སྟེ་ བསླབ་བཀོད་ཚུ་འབད་དེ་ ལས་རིམ་ཚུ་ གོ་རིམ་བཞིན་དུ་འབད་ནིའི་དོན་ལུ་ ཏི་རུ་བཙུགས་དགོཔ་སྦེ་སླབ་སྟེ་ དེ་གིས་ལོག་ལྟབ་སྦེ་ཐོབ་ཚུགས་ཟེར་ བསླབ་བྱ་བྱིནམ་མས།,214,53
བཅའ་མར་གཏོགས་མི་ཚུ་ལུ་ དངུལ་གྱི་ཁེ་འཐུས་མཐོ་དྲག་སྦེ་ བརྒྱ་ཆ་༡༢༠ དེ་རེ་བྱིན་ནི་ཨིན་ལུགས་དང་ འདི་དང་བསྟུན་པའི་ གསོལ་རས་ཨའི་ཕོན་ཚུ་བྱིན་ནི་ཨིན་ལུགས་ཚུ་ སླབ་དོ་ཡོདཔ་ཨིན་མས།,168,42
དེ་འབདཝ་ད་ མགུ་འབྱིད་རྐྱབ་པའི་གནས་སྟངས་དེ་ རྫུས་མ་ཨིན་པའི་བདེན་རྟགས་ཚུ་ཡང་ ཏི་རུ་བཏོན་རནམ་ད་ འདི་ལུ་དངུལ་ཧེང་སྐལ་བཙུགས་དགོཔ་སྦེ་ སླབ་དོ་ཡོདཔ་ཨིན།,145,35
འདི་བཟུམ་གྱི་ཡོངས་འབྲེལ་ཨིན་ཊར་ནེཊ་གི་ཐོག་ལས་ ཉམས་རྒུད་བྱུང་མི་ཚུ་ མང་ཤོས་ར་ འབྲུག་པའི་མི་ཁུངས་ཚུ་ ཚུད་དོ་ཡོདཔ་ད་ དོན་ངོ་མ་ལུ་ལྷོདཔ་ད་ ག་ར་རྫུས་མ་ཨིན་པའི་ ངོས་འཛིན་འབདཝ་ཨིན་མས།,176,45
བྱ་ངན་གྱི་ལཱ་བྱ་ཐབས་མི་ཚུ་གིས་ མགུ་འབྱིད་རྐྱབ་ནིའི་དོན་ལུ་ ས་མཚམས་ཕྱི་ཁར་ ངོ་རྟགས་རྫུས་མ་དང་ གནས་སྐབསས་ཀྱི་དངུལ་ཁང་གི་རྩིས་ཁྲ་ དེ་ལས་ དངུལ་ཁང་ལེ་ཤ་ཅིག་ནང་ རྩིས་ཁྲ་ཚུ་བཟོ་སྟེ་ ཡོདཔ་སྦེ་ཨིན་མས།,191,49
མགུ་སྐོར་རྐྱབ་མི་ཚུ་གིས་ སྐད་རིགས་སྣ་ཚོགས་སླབ་ནི་དང་ རྫུས་མ་འབད་མི་ཐབས་ཤེས་སྣ་ཚོགས་བཏོན་ནི་ བཟོ་སྦྱོར་འབད་བའི་དངུལ་བཙུགས་བཞག་ལ་སོགས་པའི་ ཐབས་ལམ་སྒྲིག་སྟེ་ གསལ་སྟོན་འབདཝ་ཨིན་མས།,176,42
འདི་དང་འབྲེལ་ ཡོངས་འབྲེལ་ཐོག་ལས་ འདི་བཟུམ་གྱི་ཚུལ་མིན་གྱི་ ཐབས་ལམ་སྒྲིག་སྟེ་ མགུ་འབྱིད་རྐྱབ་མི་ཚུ་གི་དོན་ལུ་ ཁྲིམས་དང་ སྒྲིག་གཞི་ཚུ་ ངེས་པར་དུ་ བཟོ་དགོཔ་འདུག།,158,36
མི་རློབས་མང་སུ་འགྱོ་ནི་དང་ འདི་དང་བསྟུན་པའི་ ཐབས་གནས་སྐབས་མང་སུ་བཏོན་ནི་ གོང་འཕེལ་འགྱོ་བའི་ནམ་དུས་ལུ་ བཅོས་རིག་གི་ཁེ་ཕན་ལེ་ཤ་བྱུངམ་དང་འབྲེལ་ དྲན་སྟོན་ཐོག་ལུ་ རང་ཚུགས་བཟུང་དགོཔ་དེ་ གལ་ཆེ་བས།,189,47
མི་དབང་མཆོག་གིས་ ཕུན་ཚོགས་གླིང་ལུ་ གཟིགས་སྐོར་གནངམ་དང་འབྲེལ་ ཆུ་ཁ་རྫོང་ཁག་གི་ འགོ་དཔོན་དང་ དགེ་འདུ་ཚོང་འབྲེལ་མཐོ་རིམ་སློབ་གྲྭའི་སློབ་ཕྲུག་ དེ་ལས་ ཚན་རིག་དང་ འཕྲུལ་རིག་མཐོ་རིམ་སློབ་གྲྭའི་སློབ་ཕྲུག་ཚུ་དང་ མཇལ་ཕྲད་གནང་ཡོདཔ་ཨིན་པའི་གནས་ཚུལ།,236,54
༉ ལྷོ་ཐིམ་ཕུག་གི་ ཁྲིམས་སྲུང་འགག་པ་གིས་ སྤྱི་ཟླ་༥ པའི་ཚེས་༡༤ ལུ་ རྒྱ་གར་གྱི་དངུལ་རྐྱང་རྫུས་མ་ བཀྲམ་སྤེལ་འབད་དོ་ཡོད་པའི་ ཉོགས་བཤད་ལྷོད་མི་ལུ་བརྟེན་ འབྲེལ་ཡོད་དོགས་ཅན་ཚུ་ འཛིན་བཟུང་འབད་ཡོདཔ་ཨིན་པས།,195,47
ཉེས་དོགས་པ་ཅན་ཅིག་དེ་ ཐིམ་ཕུག་ལས་ཨིནམ་ད་ གཞན་མི་དེ་ སྤ་རོ་ལས་ཨིན་པས།,68,19
ཁྲིམས་སྲུང་འགག་པ་གིས་ བཤད་མིའི་ནང་ དོགས་ཅན་དེ་གིས་ རྒྱ་གར་གྱི་རུ་པི་ངོ་མ་ས་ཡ་༡ འབག་སྟེ་ ས་མཚམས་ཁར་ འགྲོ་འགྲུལ་འབད་ཞིནམ་ལས་ དངུལ་རྐྱང་རྫུས་མ་ཚུ་ ས་གནས་འདི་ཁ་ལས་ བརྗེ་སོར་འབད་ཡོདཔ་ཨིན་པས།,185,48
དོགས་པ་ཅན་ཚུ་ནང་ལས་ ཞིབ་དཔྱད་འབད་བའི་སྐབས་ལུ་ རྒྱ་གར་གྱི་རུ་པི་རྫུས་མ་༥༠༠ ལོར་འབད་མི་ ས་ཡ་༡.༧༧ ཐོབ་ཡོདཔ་ཨིན་པས།,111,30
ཁྲིམས་སྲུང་འགག་པ་གིས་ འབད་བ་ཅིན་ དོགས་ཅན་གཉིས་ཀྱིས་ རྒྱ་གར་གྱི་རུ་པི་ངོ་མ་ ས་ཡ་༡ འབག་སྟེ་ སྤྱི་ལོ་༢༠༢༦ ཟླ་༥ པའི་ སྔ་ཆ་མཚམས་ཅིག་ཁར་ རྒྱ་གར་གྱི་ས་མཚམས་ཁར་ སོང་ནུག་ཟེར་ཨིན་པས།,172,46
རྒྱ་འབྲུག་ས་མཚམས་ཀྱི་ ཉེ་འདབས་ལུ་ ཕྱད་ནི་གི་ དུས་སྟབས་བཟོ་ཞིནམ་ལས་ ཚུལ་མིན་ཁྲིམས་འགལ་གྱི་ དངུལ་རྐྱང་རྫུས་མ་ཚུ་ བརྗེ་སོར་འབད་ཐོག་ལས་ འབྲུག་རྒྱལ་ཁབ་ནང་ འོང་ཡོདཔ་སྦེ་ཨིན་པའི་གནས་ཚུལ།,179,42
ཁྲིམས་སྲུང་འགག་པ་གིས་ མཆོད་རྟེན་ཨར་རྐུན་དང་འབྲེལ་བའི་ དོགས་ཅན་༦ འཛིན་བཟུང་འབད་ཡོདཔ།,83,19
དོགས་པ་ཅན་གསུམ་དེ་ སྣུམ་འཁོར་ཚུ་ ཞིབ་དཔྱད་འབད་བའི་སྐབས་ལུ་ བྲོས་ཟུར་འབད་ནིའི་ དཔའ་བཅམ་མི་ལུ་བརྟེན་ དོ་དམ་འོག་ལུ་ བཙུགས་ཡོདཔ་ཨིན་པས།,131,31
ཁོང་དོགས་པ་ཅན་གསུམ་དེ་ དབང་འདུས་རྫོང་ཁག་ནང་ལས་ཨིན་པས།,53,14
འདི་དང་འདྲཝ་ད་ དོགས་པ་ཅན་ སྐྱེས་ལོ་༤༩ དང་༣༧ ལང་མི་གཉིསཔོ་དེ་ཡང་ ཅ་རྙིང་ཚོང་འབྲེལ་འཐབ་མི་ཨིནམ་ད་ ཁོང་གཉིས་སྤྱི་ཟླ་༥ པའི་ཚེས་༡༧ ལུ་ ཨར་རྐུན་འབད་བའི་རྒྱུ་དངོས་ཚུ་ ཉོ་ཚོང་འཐབ་མི་ལུ་བརྟེན་ འཛིན་བཟུང་འབད་ཡོདཔ་ཨིན་པས།,210,53
ཁྲིམས་སྲུང་འགག་པ་གིས་ འབད་བ་ཅིན་ དོགས་པ་ཅན་ཆ་ཁྱབ་ཀྱིས་ ཐིམ་ཕུག་དང་ སྤུ་ན་ཁ་ སྤ་རོ་ དེ་ལས་ དར་དཀར་ནང་ཚུ་ནང་ལས་ མཆོད་རྟེན་༡༥ བསློང་མིའི་དོགས་པ་ཡོད་པའི་ཁར་ ད་ཚུན་ལུ་ གནད་དོན་ཁག་༡༠ འབད་ཡོད་པའི་ ངོས་ལེན་འབད་ཡོདཔ་ཨིན་པས།,214,56
དོགས་ཅན་ཚུ་གིས་ ཐིམ་ཕུག་དང་ སྤུ་ན་ཁ་ དེ་ལས་ དབང་འདུས་ཚུ་ནང་ལས་ མཆོད་རྟེན་བསློང་ཡོདཔ་སྦེ་ ཁས་ལེན་སྙན་ཞུ་ འབད་ཡོདཔ་ཨིན་པས།,120,30
ཁྲིམས་སྲུང་འགག་པའི་འགོ་དཔོན་ཚུ་གིས་ བཤད་དོ་བཟུམ་འབད་བ་ཅིན་ ཞིབ་དཔྱད་འབད་བའི་སྐབས་ལུ་ པར་ཆས་སི་སི་ཊི་བི་གིས་ ཁེ་ཕན་ཚུ་སྦོམ་སྦེ་ར་ བྱུང་ཡི་ཟེར་ཨིན་པས།,148,38
ཁྲིམས་སྲུང་འགག་པ་གིས་ དུས་ཚོད་གཞན་མིའི་སྐབས་ལུ་ དོགས་ཅན་གྱི་ལྟ་རྟོག་ཚུ་ འབད་དོ་ཡོདཔ་ད་ དམིགས་བསལ་གྱི་ བདུན་མཐའི་སྐབས་ལུ་ སྤྱི་ཟླ་༤ པ་དང་ ལྔ་པའི་ནང་ ལྟ་རྟོག་ཚུ་འབད་ཡོདཔ་ཨིན་པས།,175,43
བརྟག་ཞིབ་ལས་རིམ་སྐབས་ལུ་ དོགས་ཅན་གྱི་སྣུམ་འཁོར་ཚུ་གིས་ བྲོས་ཟུར་འབད་ནིའི་དཔའ་བཅམ་ཡོདཔ་ད་ ཤུལ་ལས་ དོགས་ཅན་ཆ་ཁྱབ་རྣམ་སྲས་གླིང་ས་ཁོངས་ནང་ལས་ འཛིན་བཟུང་འབད་ཡོདཔ་ཨིན་པས།,164,40
ཞིབ་དཔྱད་སྡེ་ཚན་གྱིས་ དོགས་ཅན་ཆ་ཁྱབ་ཀྱིས་ ཡོངས་འབྲེལ་ཝསི་ཨེབ་ནང་སྡེ་ཚན་བཟོ་ཞིནམ་ལས་ འབྲེལ་བ་འཐབ་ནིའི་བྱ་རིམ་ སྒྲིག་ཡོདཔ་སྦེ་ཨིནམ་ད་ དེ་ཡང་ རྒྱལ་ཁབ་ནང་ཡོད་པའི་ མཆོད་རྟེན་དང་ ལྷ་ཁང་རྙིངམ་ཚུ་གི་སྐོར་ལས་ ལོ་རྒྱུས་ཚུ་སླབ་དོ་ཡོདཔ་སྦེ་ཨིན་པས།,235,57
ད་ལྟོ་ རྩོད་གཞི་དེ་ ཞིབ་དཔྱད་འབད་པའི་བསྒང་ར་ ཡོདཔ་ཨིན་པའི་གནས་ཚུལ།,66,16
ཐིམ་ཕུག་ལུ་ སྣ་མང་ཁྱད་རིག་དམིགས་བསལ་སྨན་ཁང་ འཆར་གཞི་དང་བསྟུན་ འགྱོ་དོ་ཡོདཔ།,75,18
༉ སྣ་མང་ཁྱད་རིག་དམིགས་བསལ་སྨན་ཁང་དེ་ ལོ་ལྔའི་འཆར་གཞི་༡༣ པའི་ གཙོ་རིམ་ཅན་གྱི་ལས་འགུལ་སྦེ་ བཟོ་སྐྲུན་འབད་ནི་ཨིན་པས།,113,29
དེ་ཡང་ གསོ་བ་བློན་པོ་ རྟ་མགྲིན་དབང་ཕྱུག་གིས་ བརྡ་བརྒྱུད་ཞལ་འཛོམས་ཐེངས་༢༧ པ་ འཚོགས་པའི་སྐབས་ལུ་ བཤད་ཡོདཔ་ཨིན་པས།,111,26
ལས་འགུལ་དེ་ གསོ་བའི་སྡེ་ཚན་ནང་ གཙོ་རིམ་ཅན་གྱི་ལས་རིམ་ཅིག་སྦེ་འོང་ནི་དང་ དེ་གིས་ གཞུང་གི་ཡུན་རིང་གི་ཁས་བླངས་ཚུ་ འབྲུག་ལུ་གསོ་བའི་ཞབས་ཏོག་དེ་ དམིགས་བསལ་གྱི་གནད་དོན་ཅིག་ཨིན་པའི་ ངོས་འཛིན་ལུ་ཨིན་པས།,194,49
ལས་འགུལ་གྱི་དོན་ལུ་ ཐབས་བྱུས་ཚུ་ ལེགས་ཤོམ་སྦེ་ར་ འཆར་གཞི་བརྩམས་ཏེ་ འབད་འབདཝ་ཨིན་ཟེར་ ཁོ་གིས་བཤདཔ་ཨིན་པས།,104,25
གཞུང་གི་ཁ་ཐུག་ལས ཐིམ་ཕུག་ལུ་ ཡན་ལག་སྨན་ཁང་ལས་རིམ་འགོ་བཙུགས་ཡོདཔ་ད་ དེ་ཡང་ གསོ་བའི་འཕྲོད་བསྟེན་མཐའ་སྐྱོང་ཞབས་ཏོག་བྱིན་ཐོག་ལས་ དེ་གིས་རྒྱལ་ཡོངས་གཙོ་བསྟེན་སྨན་ཁང་ལུ་ ལྷན་ཐབས་འབད་དོ་ཡོདཔ་སྦེ་ཨིན་པས།,194,48
ཟིན་བྲིས་ཡིག་ཆ་ཚུ་ སྤྱི་ལོ་༢༠༢༥ ཟླ་༡ པའི་ནང་ ལྷན་རྒྱས་གཞུང་ཚོགས་ལུ་ ཕུལ་ཡོདཔ་ད་ ཤུལ་ལས་ གཞུང་གི་བཀོད་རྒྱ་དང་འཁྲིལ་ བསྐྱར་བཟོ་འབད་ཡོདཔ་ཨིན་པས།,141,34
ལྷན་རྒྱས་གཞུང་ཚོགས་ཀྱི་ ཁ་ཐུག་ལས་ ཚ་གྱང་འབག་སྟེ་ རིན་བསྡུར་ཡིག་ཆ་དང་ ལག་ལེན་བསྟར་སྤྱོད་ཀྱི་དོན་ལུ་ ཁ་གསལ་ལས་འགུན་སྙན་ཞུ་ཚུ་ རྒྱ་ཁྱབ་ཅན་སྦེ་ བཟོ་དགོ་པའི་ བཀོད་རྒྱ་གནང་ཡོདཔ་ཨིན་པས།,178,44
འགོ་ཐོག་འབད་བ་ཅིན་ ཁ་གསལ་ལས་འགུལ་སྙན་ཞུ་དོན་ལུ་ ལས་སྡེ་གཉིས་ཀྱིས་མ་གཏོགས་ བཅའ་མར་མ་གཏོགསཔ་ལས་ འདི་གིས་ ཚུལ་མཐུན་འགྱོ་མི་ཚུགས་ནི་ཨིན་མི་ལུ་བརྟེན་ ལྷན་ཁག་གིས་ རིན་བསྡུར་བསྐྱར་འཛུགས་འབད་ཡོདཔ་ཨིན་པས།,195,47
རིན་བསྡུར་ཚུ་ བྱ་རིམ་དང་འཁྲིལ་ དབྱེ་ཞིབ་འབད་དེ་ པ་རེས་ཝ་ཊར་ཧའུས་ཀུ་པར་དེ་ སྤྱི་ལོ་༢༠༢༥ ཟླ་༨ པའི་ནང་ བཙག་འཐུ་འབད་ཡོདཔ་ད་ ཁ་གསལ་ལས་འགུལ་སྙན་ཞུ་གི་ལཱ་དེ་ དུས་ཅི་སྤྱི་ཟླ་༤ པའི་ནང་ མཇུག་བསྡུ་ཡོདཔ་ཨིན་པས།,198,52
"སའི་ཁྱབ་ཚད་ གླུ་དབྱངས དངུལ་ཀྲམ་༣༥༥,༨༤༠ བལྟ་དགོཔ་འདུག།",53,11
"འདི་དང་འདྲཝ་སྦེ་ བརྡ་ལམ་གྱི་ནང་དུ་གནས་ཚུལ གོ་རིམ་བཞིན་དུ་ བདེ་སྨིན གོང་འཕེལ་འགྱོཝ་དང་འབྲེལ་ འདི་ཚུ་ལུ་བར་ལྷད་ཞུགས་པའི་ བརྡ་ལམ་གྱི་ནང་དུ་གནས་ཚུལདངུལ་ཀྲམ་༣༥༥,༨༤༠ དར་ལྡན བལྟ་དགོཔ་འདུག།",181,43
འདི་དང་འདྲཝ་སྦེ་ འབད་ཡོད་མི་ཚུ་ བརྡ་ལམ་གྱི་ནང་དུ་གནས་ཚུལགོང་འཕེལ་འགྱོཝ་དང་འབྲེལ་ དགྲ་ཁྲོད་ཕུག འདི་ཚུ་ལུ་བར་ལྷད་ཞུགས་པའི་ དཔྱད་ཞིབ་འབད་དགོཔ་འདུག།,144,34
རྒྱལ་ཁབ་ཀྱི་ བརྡ་ལམ་གྱི་ནང་དུ་གནས་ཚུལབལྟ་དགོཔ་འདུག།,51,12
འདི་དང་འདྲཝ་སྦེ་ གཡག འབད་ཡོད་མི་ཚུ་ ང་བཅས་རའི་རྒྱལ་ཁབ་འདི་ བརྡ་ལམ་གྱི་ནང་དུ་གནས་ཚུལའདི་ཚུ་ལུ་བར་ལྷད་ཞུགས་པའི་ ཕྱུག་མ དཔྱད་ཞིབ་འབད་དགོཔ་འདུག།,140,35
"རྒྱལ་ཁབ་ཀྱི་ དང་༤༨༠,༠༠༠ བརྡ་ལམ་གྱི་ནང་དུ་གནས་ཚུལའབད་ཡོད་མི་ཚུ་ གཞུང་རྒྱུན ང་བཅས་རའི་རྒྱལ་ཁབ་འདི་ ལཱ་ཁག་བཏང་དོ་ཡོདཔ་ཨིན་ན་ བརྡ་ལམ་གྱི་ནང་དུ་གནས་ཚུལདཔྱད་ཞིབ་འབད་དགོཔ་འདུག།",169,41
བརྡ་ལམ་གྱི་ནང་དུ་གནས་ཚུལམི་རློབས་ཉུང་སུ་འབད་མི་དང་ ཉེས་ཚོགས སོ་ནམ་དང་ ལཱ་ཁག་བཏང་ནི་མས།,86,23
འདས་པའི་གསར་ཤོག་ནང་ བརྡ་ལམ་གྱི་ནང་དུ་གནས་ཚུལསྒྲིག་སྟེ་འབད་མ་ཚུགས་པ་ཅིན་ ཀརྨ གཞི་འགྱམ་སྒྲིང་སྒྲི་བཞག་ཚུགས་ནི་མས།,111,27
ནུས་ཤུགས་ བརྡ་ལམ་གྱི་ནང་དུ་གནས་ཚུལ སོ་ནམ་དང་ པདྨ ལཱ་ཁག་བཏང་ནི་མས།,65,18
འདས་པའི་གསར་ཤོག་ནང་ དངུལ་ཕོགས་ཀྱི་ཁྱད་པར་ཚུ་ བརྡ་ལམ་གྱི་ནང་དུ་གནས་ཚུལགཞི་འགྱམ་སྒྲིང་སྒྲི་བཞག་ཚུགས་ནི་མས།,104,25
དབྱེ་གཞི ནུས་ཤུགས་ ཡོད་མི་ཚུ་ཡང་ བརྡ་ལམ་གྱི་ནང་དུ་གནས་ཚུལལཱ་ཁག་བཏང་ནི་མས།,73,19
ཧེ་མ་ བརྡ་ལམ་གྱི་ནང་དུ་གནས་ཚུལགཙུག་སྡེའི་དྲུང་ཆེན་དང་ དབྱེ་གཞི ཡོདཔ་ཨིན་ན?གཞན་ཡང་ རྒྱུན་སྐྱོང་དང་ བརྡ་ལམ་གྱི་ནང་དུ་གནས་ཚུལབྱ་སྒོའི་རིམ་པ་སྒྲིག་སྟེ་ མདའ་རྩེད ཡིད་འཚིམས་དགོཔ་འདུག།,177,40
ཧེ་མ་ ཁས་བླངས་དང་བསྟུན་པའི་ བརྡ་ལམ་གྱི་ནང་དུ་གནས་ཚུལ,52,14
གློག་མེ་ནུས་ཤུགས་ལས་འགུལ་ཆུང་བའི་ ནུས་ཤུགས་མེ་ག་ཝཊ་༡༠༤ འབད་མི་དེ་ འགོ་བཙུགས་དོ་ཡོདཔ།,84,21
༉ ཆུར་བརྟེན་གློག་ཤུགས་ཆུང་བའི་ལས་འགུལ་གཅིག་བསྡོམས་ གོ་རིམ་དང་པའི་ནང་ ནུས་ཤུགས་མེ་ག་ཝཊ་༡༠༤ འབད་མི་དེ་ མཇུག་བསྡུ་ཐོག་ལས་ འགོ་བཙུགས་ཡོདཔ་ཨིན་པས།,141,34
གློག་མེ་ནུས་ཤུགས་ཆུང་བ་གསུམ་ ནུས་ཤུགས་མེ་ག་ཝཊ་༡༨ འབད་མི་གསོལ་ཆུ་དང་ ནུས་ཤུགས་མེ་ག་ཝཊ་༣༢ འབད་མི་ ཡོངས་དགེ་ཆུ་ ནུས་ཤུགས་མེ་ག་ཝཊ་༥༤ འབད་མི་བུར་སྒང་ཆུ་བསྡོམས་ ནུས་ཤུགས་ཡུ་ནེཊ་ས་ཡ་༤༩༤ ལོ་བསྟར་བཞིན་དུ་ ཐོན་སྐྱེད་འབད་ཚུགས་ནི་ཨིན་པས།,225,59
ནུས་ཤུགས་མེ་ག་ཝཊ་༡༨ འབད་མི་ གསོལ་ཆུ་ལས་འགུལ་དེ་ སྤྱི་ལོ་༢༠༢༥ ཟླ་༤ པའི་ནང་འགོ་བཙུགས་ཡོདཔ་ད་ ཡོངས་དགེ་ཆུ་དང་ བུར་སྒང་ཆུའི་ལས་འགུལ་དེ་ སྤྱི་ལོ་༢༠༢༦ ཟླ་༤ པའི་ནང་ རྒྱལ་ཡོངས་ལུ་ བཀྲམ་སྤེལ་འབད་ནི་ཨིན་པས།,196,50
ལས་འགུལ་རེ་ནང་ སྒྱིར་འཕྲུལ་ཡུ་ནེཊ་གཉིས་རེ་ཡོདཔ་ད་ གསོལ་ཆུའི་འཕྲུལ་ཨམ་ཡུ་ནེཊ་གཉིསཔོ་ཆ་ར་ འགོ་བཙུགས་ཡོདཔ་བཞིན་དུ་ ཡོངས་དགེ་ཆུ་དང་ བུར་སྒང་ཆུ་ལས་འགུལ་གྱི་ སྒྱིར་འཕྲུལ་ཡུ་ནེཊ་༢ པ་དེ་ སྤྱི་ལོ་༢༠༢༦ ཟླ་༥ པའི་ནང་ འགོ་བཙུགས་ཚུགས་པའི་ རེ་བ་ཡོདཔ་ཨིན་པས།,242,59
གློག་མེ་ནུས་ཤུགས་ལས་འགུལ་ཆུང་བའི་ ལཱ་གོ་རིམ་དང་པའི་ ཟད་འགྲོ་ཚོད་རྩིས་དེ་ དངུལ་ཀྲམ་ཐེར་འབུམ་༡༡.༩ གནས་ཡོདཔ་ཨིན་པས།,112,27
འགོ་དཔོན་གྱིས་ བཤད་དོ་བཟུམ་འབད་བ་ཅིན་ ལས་འགུལ་ལུ་བརྟེན་པའི་ འོང་འབབ་བཟོ་ནི་དེ་ རྒྱལ་ཁབ་ནང་འཁོད་ཀྱི་ གློག་མེ་སྒྲིག་གཞི་དབང་འཛིན་གྱི་ སྤྱོད་འཐུས་ལུ་ རག་ལས་ཟེར་ཨིན་པས།,164,39
གནམ་བྱཱར་གྱི་སྐབས་ལུ་ གློག་མེ་ནུས་ཤུགས་ཐོན་སྐྱེད་འབད་མི་མང་ཤོས་ཅིག་ རྒྱ་གར་ནང་བརྗེ་སོར་འབད་དོ་ཡོད་རུང་ སྤྱོད་འཐུས་ཀྱི་ཐད་ལུ་ལྷོདཔ་ད་ དགོས་མཁོ་དང་ བགོ་བཀྲམ་ལུ་ རག་ལས་པས་ཟེར་ཨིན་པས།,179,44
གནམ་དགུན་གྱི་སྐབས་ལུ་ ནུས་ཤུགས་ཐོན་སྐྱེད་འབད་མི་ཚུ་ ནང་འཁོད་ཀྱི་ཚོང་བསྒྲགས་ནང་ གཙང་ཆུ་བསྐམས་འགྱོ་བའི་ནམ་དུས་ལུ་ ནུས་ཤུགས་ལང་མ་ཚུགས་མི་ལུ་ ལྷན་གྲོགས་འབད་ནི་ཨིན་པས།,162,39
འགོ་དཔོན་གྱིས་ བཤད་དོ་བཟུམ་འབད་བ་ཅིན་ འོང་འབབ་ཀྱི་ གནས་ཐོ་ངོ་མ་དེ་ འཕྲུལ་ཁང་ལཱ་བཀོལ་ཐོག་ལས་ ལོ་ཅིག་གི་རིང་ལུ་ ལག་ལེན་འཐབ་པའི་ཤུལ་ལུ་ ཧ་གོ་ཚུགས་ཟེར་ཨིན་པས།,154,40
ལས་འགུལ་དེ་གིས་ ཉེ་འདབས་ལས་ཕར་ཡོད་པའི་ ས་ཁོངས་ཚུ་ནང་ འོས་འབྱོར་ལྡན་པའི་ནུས་ཤུགས་བཀྲམ་སྤེལ་དང་ གནམ་དགུན་ གློག་མེ་ནུས་ཤུགས་ལང་མ་ཚུགས་པའི་སྐབས་ལུ་ ལྷན་ཐབས་ཚུ་ འབད་ཚུགས་ཟེར་ཨིན་པས།,176,43
ལག་ལེན་འདི་ལུ་བརྟེན་ ཁག་འབགཔ་ག་ར་ གློག་མེ་དང་འབྲེལ་བའི་འཕྲུལ་ལས་ཚུ་ནང་ ལཱ་འབད་ནི་ཐོབ་ཡོདཔ་ད་ འབྲུག་པའི་ལས་སྡེ་ཚུ་གིས་ ལཱ་མང་སུ་ཅིག་ འབད་ཡོདཔ་ད་ ཕྱི་མི་ཚུ་ལུ་ཚད་ཅིག་མ་གཏོགས་མ་བྱིནམ་ཨིན་པས།,187,49
ཧེ་མའི་ལས་འགུལ་གྱི་ལཱ་ཚུ་བཟུམ་སྦེ་ར་ འབྲུག་པའི་ཁག་འབགཔ་ཚུ་ལུ་ ཞི་བའི་ལཱ་དང་ ཆུ་ཤུགས་འཕྲུལ་ལས་ཚུ་བྱིན་ནི་དང་ གློག་ཤུགས་འཕྲུལ་ལས་ཀྱི་ལཱ་ཚུ་ ཕྱི་མི་ཚུ་ལུ་སྤྲོད་ནི་ཨིན་ཟེར་ཨིན་པས།,175,45
འབྲུག་སླར་འབྱུང་གློག་མེ་ལས་འཛིན་གྱིས་ ནུས་ཤུགས་མེ་ག་ཝཊ་༤༠ འབད་མི་སྤ་རོ་ཆུ་དང་ ནུས་ཤུགས་མེ་ག་ཝཊ་༢༥ འབད་མི་བོད་སྒར་ནང་ཆུའི་དོན་ལུ་ མཉམ་འབྲེལ་ཆ་ཤས་ ངོས་འཛིན་ཐབས་བྱུས་ཚུ་ འབད་དོ་ཡོདཔ་ཨིན་པས།,186,48
ལས་འཛིན་གྱི་ཁ་ཐུག་ལས་ ལས་འགུལ་ཁ་གསལ་གྱི་སྙན་ཞུ་ གྲ་སྒྲིག་འབད་ནི་འགོ་བཙུགས་ཡོདཔ་ད་ ལས་འགུལ་དག་པ་ཅིག་ འཆར་གཞི་གོ་རིམ་གསུམ་པའི་ནང་ ལཱ་འབད་ནི་སྦེ་ཡོདཔ་ཨིན་པས།,154,40
ལས་འགུལ་འགོ་དཔོན་གྱིས་ བཤད་མིའི་ནང་ གློག་ཤུགས་ལས་འགུལ་ཆུང་བའི་ ལས་འཆར་དེ་གིས་ རྒྱལ་ཁབ་ཀྱི་ གློག་མེ་ནུས་ཤུགས་ཡར་སེང་འབད་ནི་ལུ་ ལྷན་ཐབས་སྦོམ་ར་ འབདཝ་ཨིན་ཟེར་ཨིན་པས།,162,39
ད་ལྟོའི་ལས་འགུལ་ནང་ལས་ ཉམས་མྱོང་ཐོབ་མི་དང་བསྟུན་ ལས་འགུལ་ཚུ་ མཐར་འཁྱོལ་ཅན་སྦེ་ ལཱ་འབད་དེ་ ཆུར་བརྟེན་གློག་མེ་ནུས་ཤུགས་ གོང་འཕེལ་གཏང་ནི་ཨིན་ཟེར་ འགོ་དཔོན་གྱིས་ བཤདཔ་ཨིན་པའི་གནས་ཚུལ།,179,42
ཐབས་ལམ་གསར་པའི་ཕྱོགས་ལུ་ མདུན་ལམ་བཟང་ནིའི་ དུས་ཚོད་རན་ཡོདཔ།,59,14
གདོང་ལེན་དང་ མོག་མོག སྐྱོ་དྲགས་ཡོད་པའི་སྐབས་ལུ་ དཔལ་འབྱོར་གྱི་གནས་སྟངས་ བརྡ་ལམ་གྱི་ནང་དུ་གནས་ཚུལ རང་བཞིན་གྱིས་ གཞི་འཛུགས ཕན་ཐོགས་ཚུ་འབྱུང་ནི་ཨིན་མས།,148,35
མཐུན་རྐྱེན་གཞི་བཙུགས་ གློག་མེ་ནུས་ཤུགས་ཀྱི་ བརྡ་ལམ་གྱི་ནང་དུ་གནས་ཚུལསྐྱོ་དྲགས་ཡོད་པའི་སྐབས་ལུ་ གཞི་འཛུགས དཔལ་འབྱོར་གྱི་གནས་སྟངས་ གློག་མེ་ནུས་ཤུགས་ཀྱིས་ བརྡ་ལམ་གྱི་ནང་དུ་གནས་ཚུལཕན་ཐོགས་ཚུ་འབྱུང་ནི་ཨིན་མས།,203,46
མཐུན་རྐྱེན་གཞི་བཙུགས་ འཕྲུལ་ལས གློག་མེ་ནུས་ཤུགས་ཀྱི་ གནས་བཞིན་ཡོདཔ་ཨིན།,71,15
དེ་འབདཝ་ད་ བརྡ་ལམ་གྱི་ནང་དུ་གནས་ཚུལདཔལ་འབྱོར་གྱི་གནས་སྟངས་ ཧི་མ་ལ་ཡ གློག་མེ་ནུས་ཤུགས་ཀྱིས་ ཞབས་ཏོག་ཚུ་ བརྡ་ལམ་གྱི་ནང་དུ་གནས་ཚུལགློག་མེ་ནུས་ཤུགས་ཀྱི་ རྩོམ་རིག གནས་བཞིན་ཡོདཔ་ཨིན།,176,43
དེ་འབདཝ་ད་ འགྲུལ་འཁོར་དང་འབྲེལ་བའི་ བརྡ་ལམ་གྱི་ནང་དུ་གནས་ཚུལགློག་མེ་ནུས་ཤུགས་ཀྱིས་ ཨེ་མ་དར་ཚི ཞབས་ཏོག་ཚུ་ བསྐྱར་གསོ་འབད་ཚུགས་པའི་ བརྡ་ལམ་གྱི་ནང་དུ་གནས་ཚུལགནས་བཞིན་ཡོདཔ་ཨིན།,172,41
དེ་འབདཝ་ད་ གནས་འཁོར འགྲུལ་འཁོར་དང་འབྲེལ་བའི་ མཐུན་རྐྱེན་ཚུ་ བརྡ་ལམ་གྱི་ནང་དུ་གནས་ཚུལཞབས་ཏོག་ཚུ་ ནི བསྐྱར་གསོ་འབད་ཚུགས་པའི་ འབད་དགོཔ་སྦེ་འདུག།,141,32
དེ་འབདཝ་ལས་ བརྡ་ལམ་གྱི་ནང་དུ་གནས་ཚུལའགྲུལ་འཁོར་དང་འབྲེལ་བའི་ ནི མཐུན་རྐྱེན་ཚུ་ ག་ནི་བ་དྭངས་གསལ་ཅན་སྦེ་ བརྡ་ལམ་གྱི་ནང་དུ་གནས་ཚུལ བསྐྱར་གསོ་འབད་ཚུགས་པའི་ ཕྱུག་མ འབད་དགོཔ་སྦེ་འདུག།,177,43
དེ་འབདཝ་ལས་ ད་ལྟོ་འདི་བཟུམ་གྱི་གནས་སྟངས་ནང་ བརྡ་ལམ་གྱི་ནང་དུ་གནས་ཚུལམཐུན་རྐྱེན་ཚུ་ ཤེས་ཡོན ག་ནི་བ་དྭངས་གསལ་ཅན་སྦེ་ བརྡ་མཚོན་བཏོན་དོ་ཡོདཔ་ལས་ བརྡ་ལམ་གྱི་ནང་དུ་གནས་ཚུལའབད་དགོཔ་སྦེ་འདུག།,183,45
གཞུང་གི་ཁ་ཐུག་ལས་ བརྡ་ལམ་གྱི་ནང་དུ་གནས་ཚུལཟད་འགྲོ་བཏང་དགོ་མི་དང་ བདེ་ཐང་དཀར་ཆགས མ་འཐབ་མི་དེ་ ད་ལྟོ་ཡོད་པའི་ བརྡ་ལམ་གྱི་ནང་དུ་གནས་ཚུལབཀྲམ་སྤེལ་འབད་མི་ཚུ་གིས་ བསོད་ནམས་ ལྷོད་དོ་ཡོདཔ་ཨིན།,184,47
གཞུང་གི་ཁ་ཐུག་ལས་ འདི་བཟུམ་གྱི་སྲིད་བྱུས་དེ་ བརྡ་ལམ་གྱི་ནང་དུ་གནས་ཚུལ མ་འཐབ་མི་དེ་ གཞུང་རྒྱུན ད་ལྟོ་ཡོད་པའི་ སྤོ་ནིའི་དུས་ཚོད་རན་ནུག།,133,34
བརྡ་ལམ་གྱི་ནང་དུ་གནས་ཚུལལྷོད་དོ་ཡོདཔ་ཨིན།,41,10
གཞུང་གི་ཁ་ཐུག་ལས་ པདྨ འདི་བཟུམ་གྱི་སྲིད་བྱུས་དེ་ མར་བབས་འགྱོ་འོང་།,66,17
གཞན་ཡང་ བརྡ་ལམ་གྱི་ནང་དུ་གནས་ཚུལ ད་ལྟོ་ཡོད་པའི་ ཆོས་ལྡན་ སྤོ་ནིའི་དུས་ཚོད་རན་ནུག།,81,21
མི་སེར་འདི་ཚུ་གིས་ བརྡ་ལམ་གྱི་ནང་དུ་གནས་ཚུལའདི་བཟུམ་གྱི་སྲིད་བྱུས་དེ་ ཚེས་བཅུ མར་བབས་འགྱོ་འོང་།,95,24
གཞན་ཡང་ བྱ་སྟབས་མ་བདེཝ་ཁག་གཉིས་ཡོད་མི་ཚུ་ བརྡ་ལམ་གྱི་ནང་དུ་གནས་ཚུལསྤོ་ནིའི་དུས་ཚོད་རན་ནུག།,90,23
བླ་མ མི་སེར་འདི་ཚུ་གིས་ དེ་ཅིག་ར་མེད་མི་དེ་ཨིན།,47,14
སྲིད་བྱུས་ལྟར་དུ་རྒྱབ་སྐྱོར་འབདཝ་ད་ བརྡ་ལམ་གྱི་ནང་དུ་གནས་ཚུལམར་བབས་འགྱོ་འོང་།,77,19
གཞན་ཡང་ རྫོང བྱ་སྟབས་མ་བདེཝ་ཁག་གཉིས་ཡོད་མི་ཚུ་ སྐྱོན་ཞུགས་ཡོད་པའི་ བརྡ་ལམ་གྱི་ནང་དུ་གནས་ཚུལམི་སེར་འདི་ཚུ་གིས་ ཆེད་གཞི དེ་ཅིག་ར་མེད་མི་དེ་ཨིན།,141,36
སྲིད་བྱུས་ལྟར་དུ་རྒྱབ་སྐྱོར་འབདཝ་ད་ ཉོ་དགོཔ་ཡོདཔ་བཞིན་དུ་ བརྡ་ལམ་གྱི་ནང་དུ་གནས་ཚུལ,82,20
རང་འཚོ་རང་ལྡང་གི་ དུས་ཚོད་རན་དོ་ཡོད་པའི་ བརྡ་མཚོན་གསལ་སྟོན།,59,15
༉ འབྲུག་རྒྱལ་ཁབ་འདི་ དེང་སང་ལམ་ལུགས་ཐོག་ལུ་ སྤྱི་ལོ་༡༩༦༡ ལས་འགོ་བཙུགས་ གཞི་སྒྱུར་གསར་པའི་སྒོ་སྐལ་ནང་ འཛུལ་ཡོདཔ་ད་ ཉིནམ་འདི་ལས་ཚུར་འགོ་བཙུགས་ ལོ་ལྔའི་འཆར་གཞི་དང་པ་དེ་ཡང་ འགོ་བཙུགས་ནུག།,183,44
"འཕྲོ་མཐུད་དེ་ར་ པདྨ མྱོང་སྡོད་དོ་ཡོད་པའི་ཚོར་སྣང་ཨིནམ་ལས་ དང་༡༢,༠༠༠ བརྡ་ལམ་གྱི་ནང་དུ་གནས་ཚུལ རྒྱལ་ཁབ་ནང་ རྩོམ་རིག ༉ དགའ་བ་བྱུང་བཞིན་དུ་འདུག།",140,35
"རྒྱལ་ས་ལྟེ་བ་ བརྡ་ལམ་གྱི་ནང་དུ་གནས་ཚུལམྱོང་སྡོད་དོ་ཡོད་པའི་ཚོར་སྣང་ཨིནམ་ལས་ རྫོང་ཁ དང་༡༢,༠༠༠ མར་བབས་སོང་ཡོདཔ་ད་ བརྡ་ལམ་གྱི་ནང་དུ་གནས་ཚུལ༉ གྲོང་ཚོ དགའ་བ་བྱུང་བཞིན་དུ་འདུག།",170,43
"རྒྱལ་ས་ལྟེ་བ་ མགྱོགས་དྲག་སྦེ་ བརྡ་ལམ་གྱི་ནང་དུ་གནས་ཚུལདང་༡༢,༠༠༠ འབད་དགོས་ མར་བབས་སོང་ཡོདཔ་ད་ མི་སྟོབས་ཀྱི་ཕན་བདེ་ལྟེ་བ་ཅིག་སྦེ་ཡོདཔ་ཨིན།",136,33
ད་ལྟོ་བཟུམ་ཅིག་འབད་བ་ཅིན་ བརྡ་ལམ་གྱི་ནང་དུ་གནས་ཚུལདགའ་བ་བྱུང་བཞིན་དུ་འདུག།,74,19
རྒྱལ་ས་ལྟེ་བ་ ཆོག་མི་སྡུད མགྱོགས་དྲག་སྦེ་ གདོང་ལེན་དང་ བརྡ་ལམ་གྱི་ནང་དུ་གནས་ཚུལམར་བབས་སོང་ཡོདཔ་ད་ ཕྱུག་མ མི་སྟོབས་ཀྱི་ཕན་བདེ་ལྟེ་བ་ཅིག་སྦེ་ཡོདཔ་ཨིན།,148,37
ད་ལྟོ་བཟུམ་ཅིག་འབད་བ་ཅིན་ ཡར་སེང་འགྱོ་ནི་ལུ་ བརྡ་ལམ་གྱི་ནང་དུ་གནས་ཚུལམགྱོགས་དྲག་སྦེ་ རྩོམ་རིག གདོང་ལེན་དང་ ལཱ་འགན་འབག་མི་ བརྡ་ལམ་གྱི་ནང་དུ་གནས་ཚུལམི་སྟོབས་ཀྱི་ཕན་བདེ་ལྟེ་བ་ཅིག་སྦེ་ཡོདཔ་ཨིན།,189,47
བརྡ་ལམ་གྱི་ནང་དུ་གནས་ཚུལམི་སེར་ཚུ་སེམས་མ་དགའཝ་སྦེ་ བཀྲ་ཤིས འཁོར་ལམ་ གཞི་འགྱམ་བཙུགས་ཏེ་ བརྡ་ལམ་གྱི་ནང་དུ་གནས་ཚུལདཀའ་སྡུག་ཚུ་ གོ བདེན་དཔྱད་མེད་ཐབས་མེདཔ་ཅིག་ལུ་ལྷོད་དེ་འདུག།,170,41
ལས་མི་ཉེན་སྐྱོབ་ བརྡ་ལམ་གྱི་ནང་དུ་གནས་ཚུལའཁོར་ལམ་ དགྲ་ཁྲོད་ཕུག གཞི་འགྱམ་བཙུགས་ཏེ་ སྲིད་བྱུས་དེ་ བརྡ་ལམ་གྱི་ནང་དུ་གནས་ཚུལབདེན་དཔྱད་མེད་ཐབས་མེདཔ་ཅིག་ལུ་ལྷོད་དེ་འདུག།,163,38
འཕྲལ་ཕུགས་གཉིས་ཀྱི་ བཙན་ཐབས།,28,6
༉ ན་གཞོན་རིག་རྩལ་ཅན་དང་ ཤེས་ཡོན་ཅན་ ལྕོགས་གྲུབ་ཅན་ ལོ་དང་ན་ཚོད་དར་ལུ་བབས་ཏེ་ འབད་མི་ཚུ་གིས་ རྒྱལ་ཁབ་ཀྱི་ཕྱི་ཁ་ལས་ཕར་འགྱོ་ནི་དེ་ར་ གདམ་ཁ་རྐྱབ་སར་མཐོངམ་མས།,153,42
གདམ་ཁ་གཞན་མེད་ནི་དེ་གིས་ཨིན་མས།,31,9
མི་མང་ག་ར་ འབྲུག་འཕྲིན་གླིང་ མཛད་གནངམ་མས།,41,10
འདི་ལུ་ སླབ་སྲོལ་ཡོད་དོ་བཟུམ་སྦེ་ བརྡ་ལམ་གྱི་ནང་དུ་གནས་ཚུལ མ་འདོད་མ་དགའ་བཞིན་དུ་ གླུ་དབྱངས བརྩི་མཐོང་ཅན་ ཀུན་སློང་དང་ བརྡ་ལམ་གྱི་ནང་དུ་གནས་ཚུལམཛད་གནངམ་མས།,154,38
རྒྱལ་ཁབ་ཀྱི་འགན་འཁྲི་ཚུ་ མི་དབང་མངའ་ཞབས་ཟེར་བའི་ བརྡ་ལམ་གྱི་ནང་དུ་གནས་ཚུལབར་སྐབས་ཅིག་ལས་ འབྲས མི་སེར་གྱི་མཐའ་དོན་ལུ་ འབག་དོ་བཟུམ་ཅིག་ཨིན་མས།,140,35
ད་རེས་ནངས་པར་ བརྡ་ལམ་གྱི་ནང་དུ་གནས་ཚུལརྒྱལ་ཁབ་ཀྱི་འགན་འཁྲི་ཚུ་ གནས་འཁོར མི་དབང་མངའ་ཞབས་ཟེར་བའི་ གཅིག་མཐུན་དང་ བརྡ་ལམ་གྱི་ནང་དུ་གནས་ཚུལམི་སེར་གྱི་མཐའ་དོན་ལུ་ རྩོམ་རིག འབག་དོ་བཟུམ་ཅིག་ཨིན་མས།,189,47
ད་རེས་ནངས་པར་ མར་ཕབ་འབད་ཚུགས་མི་གིས་ བརྡ་ལམ་གྱི་ནང་དུ་གནས་ཚུལམི་དབང་མངའ་ཞབས་ཟེར་བའི་ ཁྱི གཅིག་མཐུན་དང་ ལྷོད་པའི་བསྒང་ལས་ བརྡ་ལམ་གྱི་ནང་དུ་གནས་ཚུལའབག་དོ་བཟུམ་ཅིག་ཨིན་མས།,168,42
འདི་ཚུ་ལུ་བལྟ་བ་ཅིན་ བརྡ་ལམ་གྱི་ནང་དུ་གནས་ཚུལ ལྷོད་པའི་བསྒང་ལས་ ཧི་མ་ལ་ཡ གཞུང་ལུ་ཡང་ གཅིག་གིས་གཅིག་ལུ་ བརྡ་ལམ་གྱི་ནང་དུ་གནས་ཚུལསློབ་སྦྱོང་འབད་ནི་དང་འབྲེལ་ རིག་གཞུང སླབ་དང་སླབ་བཞིན་པ་སྦེ་འདུག།,191,49
འདི་ཚུ་ལུ་བལྟ་བ་ཅིན་ ཐུག་དོ་ཡོདཔ་ཨིན་མས།,40,11
ད་རེས་ བརྡ་ལམ་གྱི་ནང་དུ་གནས་ཚུལ གཞུང་ལུ་ཡང་ རི་མོ གཅིག་གིས་གཅིག་ལུ་ རྒྱུ་ནོར་གྱི་རེ་འདོད་ལས་ལྷག་པའི་ བརྡ་ལམ་གྱི་ནང་དུ་གནས་ཚུལསླབ་དང་སླབ་བཞིན་པ་སྦེ་འདུག།,152,39
འདི་ཚུ་ལུ་བལྟ་བ་ཅིན་ ཕྱུག་མ ཐུག་དོ་ཡོདཔ་ཨིན་མས།,47,13
ད་རེས་ ཕྱིའི་རྒྱལ་ཁབ་ནང་ བརྡ་ལམ་གྱི་ནང་དུ་གནས་ཚུལགཅིག་གིས་གཅིག་ལུ་ དགོན་པ རྒྱུ་ནོར་གྱི་རེ་འདོད་ལས་ལྷག་པའི་ སྐྱིད་ཉམས་ཅན་ བརྡ་ལམ་གྱི་ནང་དུ་གནས་ཚུལཐུག་དོ་ཡོདཔ་ཨིན་མས།,164,40
ཁས་བླངས་དང་བསྟུན་པའི་ གྲུབ་འབྲས་བྱུང་ཡོད་མེད་ཀྱི་ དཔྱད་ཞིབ།,59,13
ད་རུང་ བརྡ་ལམ་གྱི་ནང་དུ་གནས་ཚུལའཕྲལ་ཁམས་ལུ་ མཆོད་རྟེན ལས་འཆར་ཚུ་ ཚུལ་མཐུན་དང་ བརྡ་ལམ་གྱི་ནང་དུ་གནས་ཚུལལས་རིམ་དང་ རྩོམ་རིག གསལ་བསྒྲགས་འབད་ཡོདཔ་ཨིན།,146,35
ད་རུང་ པའི་ བརྡ་ལམ་གྱི་ནང་དུ་གནས་ཚུལལས་འཆར་ཚུ་ སྟག་ཚང ཚུལ་མཐུན་དང་ ཁས་བླངས་ནང་ བརྡ་ལམ་གྱི་ནང་དུ་གནས་ཚུལགསལ་བསྒྲགས་འབད་ཡོདཔ་ཨིན།,127,31
ཁས་བླངས་ནང་ བརྡ་ལམ་གྱི་ནང་དུ་གནས་ཚུལཕྱིར་འགྱངས་སྦེ་ གར་རྩལ ལྷོད་པའི་བསྒང་ལས་ གཞན་ཡང་ བརྡ་ལམ་གྱི་ནང་དུ་གནས་ཚུལགཞུང་གི་ཁ་ཐུག་ལས་འབད་བ་ཅིན་ འགོད་རིམ ཐོན་སྲིད་པས།,158,39
ཁས་བླངས་ནང་ ལྟ་བཤལ་ངོ་ཚབ་ཚུ་གི་ཁ་ཐུག་ལས བརྡ་ལམ་གྱི་ནང་དུ་གནས་ཚུལལྷོད་པའི་བསྒང་ལས་ དཀྱིལ་ར གཞན་ཡང་ ལེགས་ཤོམ་འོང་ནི་ཨིན་མས།,121,32
བརྡ་ལམ་གྱི་ནང་དུ་གནས་ཚུལཐོན་སྲིད་པས།,36,9
ཁས་བླངས་ནང་ འགོད་རིམ ལྟ་བཤལ་ངོ་ཚབ་ཚུ་གི་ཁ་ཐུག་ལས ཕྱིར་བསལ་འབད་ བརྡ་ལམ་གྱི་ནང་དུ་གནས་ཚུལ གཞན་ཡང་ ཀུན་གསལ ལེགས་ཤོམ་འོང་ནི་ཨིན་མས།,127,34
དྲིས་བཀོད་རེ་ཡང་ བརྡ་ལམ་གྱི་ནང་དུ་གནས་ཚུལལྟ་བཤལ་ངོ་ཚབ་ཚུ་གི་ཁ་ཐུག་ལས བུམ་ཐང ཕྱིར་བསལ་འབད་ ལམ་ལུགས་འོས་མཐུན་ཐོག་ལུ་མེད་པའི་ བརྡ་ལམ་གྱི་ནང་དུ་གནས་ཚུལལེགས་ཤོམ་འོང་ནི་ཨིན་མས།,170,44
འཕྲུལ་ལས དྲིས་བཀོད་རེ་ཡང་ གལ་གནད་ཆེཝ་ཅིག་འབད་ནི་དེ་གིས་ཨིན།,59,15
གཞུང་གི་ཁས་བླངས་ནང་ བརྡ་ལམ་གྱི་ནང་དུ་གནས་ཚུལཕྱིར་བསལ་འབད་ སྟག་ཚང ལམ་ལུགས་འོས་མཐུན་ཐོག་ལུ་མེད་པའི་ ཁེ་ཕན་ཚུ་འབྱུང་ནི་ཨིན་རུང་ བརྡ་ལམ་གྱི་ནང་དུ་གནས་ཚུལདྲིས་བཀོད་རེ་ཡང་ ཧི་མ་ལ་ཡ གལ་གནད་ཆེཝ་ཅིག་འབད་ནི་དེ་གིས་ཨིན།,208,54
གཞུང་གི་ཁས་བླངས་ནང་ དུས་མཐུན་བྱུང་མ་ཚུགས་མི་དང་ བརྡ་ལམ་གྱི་ནང་དུ་གནས་ཚུལལམ་ལུགས་འོས་མཐུན་ཐོག་ལུ་མེད་པའི་ དཀྱིལ་ར ཁེ་ཕན་ཚུ་འབྱུང་ནི་ཨིན་རུང་ སྲིད་བྱུས་ཚུ་མ་འདྲཝ་སྦེ་ བརྡ་ལམ་གྱི་ནང་དུ་གནས་ཚུལགལ་གནད་ཆེཝ་ཅིག་འབད་ནི་དེ་གིས་ཨིན།,222,56
གཞུང་གི་ཁས་བླངས་ནང་ གོ དུས་མཐུན་བྱུང་མ་ཚུགས་མི་དང་ རེ་ བརྡ་ལམ་གྱི་ནང་དུ་གནས་ཚུལ,79,21
རྒྱལ་ཡོངས་ཀྱི་གནས་སྟངས་ དུས་ཚོད་ལཱ་ཁག་ཅིག་ནང་ཡོད་པའི་མངོན་གསལ།,62,15
བཟའ་ཚང་འཐུས་མི་ཚུ་ བརྡ་ལམ་གྱི་ནང་དུ་གནས་ཚུལའོང་འབབ་ཆུང་བའི་བཟའ་ཚང་ཚུ་ལུ་ འབྲུག་འཕྲིན་གླིང་ འཕྲལ་ཁམས་ལུ་ དུས་ཚོད་ལཱ་ཁག་ཅིག་ནང་ལས་ཕར་ བརྡ་ལམ་གྱི་ནང་དུ་གནས་ཚུལཌི་ཟིལ་ལི་ཊར་རེ་ལུ་དངུལ་ཀྲམ་༧༠.༠༦ འབྲུག གནོད་པ་བྱུང་སྟེ་ཡོདཔ་ཨིན།,221,55
བཟའ་ཚང་འཐུས་མི་ཚུ་ གནས་སྟངས་སྐྱོ་དྲག་ བརྡ་ལམ་གྱི་ནང་དུ་གནས་ཚུལ འཕྲལ་ཁམས་ལུ་ ཐིམ་ཕུ དུས་ཚོད་ལཱ་ཁག་ཅིག་ནང་ལས་ཕར་ འགན་ཁུར་ བརྡ་ལམ་གྱི་ནང་དུ་གནས་ཚུལགནོད་པ་བྱུང་སྟེ་ཡོདཔ་ཨིན།,169,43
ག་འཆརཔ་ཟེར་བ་ཅིན་ བརྡ་ལམ་གྱི་ནང་དུ་གནས་ཚུལས་སྣུམ་གྱི་གོང་ཚད་ གོ སྟོབས་ཤུགས་ཅན་གྱི་རྒྱལ་ཁབ་ ཁྱིམ་གུང་ཚུ་ལུ་ བརྡ་ལམ་གྱི་ནང་དུ་གནས་ཚུལཡུ་ནའེ་ཊེཌ་ཨིས་ཊེཌ་ཚུ་ནང་ སྟག་ཚང འགྱོ་དོ་ཡོད་མི་དེ་ཨིན།,186,48
ག་འཆརཔ་ཟེར་བ་ཅིན་ ཨི་རཱན་དང་ བརྡ་ལམ་གྱི་ནང་དུ་གནས་ཚུལསྟོབས་ཤུགས་ཅན་གྱི་རྒྱལ་ཁབ་ ལས་བཟོ ཁྱིམ་གུང་ཚུ་ལུ་ གོང་ཚད་ཚུ་ བརྡ་ལམ་གྱི་ནང་དུ་གནས་ཚུལའགྱོ་དོ་ཡོད་མི་དེ་ཨིན།,160,41
འབྲུག་རྒྱལ་ཁབ་དེ་ བརྡ་ལམ་གྱི་ནང་དུ་གནས་ཚུལཁྱིམ་གུང་ཚུ་ལུ་ སྤུ་ན་ཁ ཕྱིར་ཚོང་འཐབ་མི་ཚུ་ ད་རེས་ བརྡ་ལམ་གྱི་ནང་དུ་གནས་ཚུལག་དེ་སྦེ་ར་ཨིན་རུང་ གཞི་འཛུགས འགྱོ་དོ་ཡོདཔ་ཨིན།,164,42
འབྲུག་རྒྱལ་ཁབ་དེ་ གུ་ལུ་ཡར་སེང་འགྱོ་མི་དང་ བརྡ་ལམ་གྱི་ནང་དུ་གནས་ཚུལཕྱིར་ཚོང་འཐབ་མི་ཚུ་ དགྲ་ཁྲོད་ཕུག ད་རེས་ ཕྱུག་ཤོས་ཚུ་གི་བར་ན་ བརྡ་ལམ་གྱི་ནང་དུ་གནས་ཚུལ འགྱོ་དོ་ཡོདཔ་ཨིན།,170,44
འབྲུག་རྒྱལ་ཁབ་དེ་ བླ་མ གུ་ལུ་ཡར་སེང་འགྱོ་མི་དང་ དཀའ་ངལ་ཚུ་ བརྡ་ལམ་གྱི་ནང་དུ་གནས་ཚུལ,83,23
འཕྲལ་གྱི་བདེ་ཐབས་ལས་ ཕུགས་ཀྱི་བཙན་ཐབས་ལུ་ མནོ་བསམ་བཏང་དགོཔ།,59,14
༉ རྒྱལ་ཁབ་ནང་ འགོ་དང་པ་ གཞན་དང་མ་འདྲ་བའི་ ལས་འགུལ་སྦོམ་ཤོས་ཅིག་ འགོ་བཙུགསཔ་ད་ ང་བཅས་མི་སེར་ག་ར་ སག་ལང་སྟེ་སྡོདཔ་མ་ཚད་ ཁས་བླངས་ཀྱི་ལཱ་རུབ་ཚུ་ཡང་ ཐེངས་བཞི་དེ་ཅིག་ འབད་ཡོདཔ་ཨིན།,174,46
རྒྱ་ཁྱབ་ཅན་གྱི་ལས་འགུལ་ འབྲུག་གི་གནས་ཚུལ ལས་འགན་དེ་ གཞན་རྒྱལ་ཁབ་ལུ་བརྟེན་ནི་དང་ བརྡ་ལམ་གྱི་ནང་དུ་གནས་ཚུལ འབད་ནིའི་དུམ་ཁ་གུ་ལུ་ལྷོད་ཅི།,134,35
གློག་མེ་ལས་འགུལ་བཟོ་སྐྲུན་འབད་དེ་ ལོ་༡༧ ལྷག་རུང་ ད་རུང་ལོ་༥ འགོར་ནི།,68,18
༉ འབྲུག་རྒྱལ་ཁབ་འདི་ ལོ་ངོ་བཅུ་ཕྲག་དག་པ་ཅིག་གི་རིང་ དུས་ཚོད་ལཱ་ཁག་ཅིག་ནང་ལས་ཕར་ སྡོད་ཡོདཔ་ད་ དེ་ཡང་ རྒྱལ་ཁབ་ཀྱི་གོང་འཕེལ་ཚུ་ དེ་ཅིག་ར་ ཡར་རྒྱས་འགྱོ་མ་ཚུགས་ནི་དེ་གིས་ཨིན་མས།,172,46
མི་དབང་མངའ་བདག་ཡབ་སྲས་ཚུ་གིས་ བརྡ་ལམ་གྱི་ནང་དུ་གནས་ཚུལ གོ་རིམ་བཞིན་དུ་སྦེ་ འབྲུག་འཕྲིན་གླིང་ སྤྱི་གཙུག་གི་ཉི་ཟླ་ འོང་འབབ་བཟོ་སའི་ བརྡ་ལམ་གྱི་ནང་དུ་གནས་ཚུལདེ་ཅིག་ཡང་ བདེ་ཐང་དཀར་ཆགས ཡོདཔ་ཨིན།,189,47
མི་དབང་མངའ་བདག་ཡབ་སྲས་ཚུ་གིས་ བརྒྱ་ཆ་༥༠ བརྡ་ལམ་གྱི་ནང་དུ་གནས་ཚུལསྤྱི་གཙུག་གི་ཉི་ཟླ་ བདེ་སྨིན འོང་འབབ་བཟོ་སའི་ ཕྱི་བཤོལ་ལས་ཕྱི་བཤོལ་སྦེ་ར་ བརྡ་ལམ་གྱི་ནང་དུ་གནས་ཚུལཡོདཔ་ཨིན།,171,43
འདི་ཚུ་ལུ་ བརྡ་ལམ་གྱི་ནང་དུ་གནས་ཚུལཟད་འགྲོ་ཚོད་རྩིས་དངུལ་ཀྲམ་ཐེར་འབུམ་༣༥ གཞི་འཛུགས མི་གཅིག་འོངན་ཆུང་ལས་དང་ ཆུ་ལམ་གཉིས་ཀྱི་ བརྡ་ལམ་གྱི་ནང་དུ་གནས་ཚུལརྒྱལ་ཁབ་གོང་འཕེལ་གྱི་འགྱུར་བ་ ཐིམ་ཕུ གཞི་རྟེན་གཙོ་བོ་ཅིག་སྦེ་འདུག།,213,52
འདི་ཚུ་ལུ་ ཐབས་ལམ་སྒྲིང་སྒྲི་སྦེ་ བརྡ་ལམ་གྱི་ནང་དུ་གནས་ཚུལམི་གཅིག་འོངན་ཆུང་ལས་དང་ གཞི་འཛུགས ཆུ་ལམ་གཉིས་ཀྱི་ ཐུགས་སྐྱེད་བླ་ན་མེད་པའི་ བརྡ་ལམ་གྱི་ནང་དུ་གནས་ཚུལ གཞི་རྟེན་གཙོ་བོ་ཅིག་སྦེ་འདུག།,187,46
འདི་ཚུ་ལུ་ འབད་དགོས་ ཐབས་ལམ་སྒྲིང་སྒྲི་སྦེ་ གྲུབ་འབྲས་ཐོན་མ་ཚུགས་པས།,68,16
ད་རུང་ བརྡ་ལམ་གྱི་ནང་དུ་གནས་ཚུལཆུ་ལམ་གཉིས་ཀྱི་ མོག་མོག ཐུགས་སྐྱེད་བླ་ན་མེད་པའི་ ལྟར་དུ་འབད་བ་ཅིན་ བརྡ་ལམ་གྱི་ནང་དུ་གནས་ཚུལཐབས་ལམ་སྒྲིང་སྒྲི་སྦེ་ དགྲ་ཁྲོད་ཕུག གྲུབ་འབྲས་ཐོན་མ་ཚུགས་པས།,182,45
ད་རུང་ ཕྱག་ལཱ་གནང་མི་གིས་ བརྡ་ལམ་གྱི་ནང་དུ་གནས་ཚུལཐུགས་སྐྱེད་བླ་ན་མེད་པའི་ རི་མོ ལྟར་དུ་འབད་བ་ཅིན་ དཔལ་འབྱོར་ བརྡ་ལམ་གྱི་ནང་དུ་གནས་ཚུལགྲུབ་འབྲས་ཐོན་མ་ཚུགས་པས།,158,40
དུས་སྟོན་བརྩི་སྲུང་ཐོག་ལས་ གཞི་བཙུགས་ཀྱི་རྟེན་འབྲེལ་དང་སྨོན་འདུན།,65,14
༉ འདས་པའི་བདུན་ཕྲག་ནང་ དགེ་ལེགས་ཕུག་དྲན་ཤེས་ཁྲོམ་ནང་ རྒྱལ་རབས་ཅན་གྱི་ དུས་སྐལ་ཅིག་བྱུང་ཡོད་མི་དེ་ཡང་ རྒྱལ་ཡོངས་ནང་ མི་དབང་མངའ་བདག་རིན་པོ་ཆེའི་ དགུང་ལོ་༤༦ བཞེས་པའི་འཁྲུངས་སྐར་དུས་སྟོན་བརྩི་སྲུང་ཞུཝ་དང་འབྲེལ་ གཙོ་རིམ་ཅན་གྱི་གནད་གལ་ཚུ་ བྱུང་ཡོདཔ་ཨིན།,247,59
འདི་གི་སྐབས་ལུ་ བརྡ་ལམ་གྱི་ནང་དུ་གནས་ཚུལ ཨོ་རྒྱན་ནོར་ལྷ་གི་ འབྲུག་འཕྲིན་གླིང་ དེ་གིས་ སྨོན་འདུན་ཕུལ་དགོ།,104,25
བརྡ་ལམ་གྱི་ནང་དུ་གནས་ཚུལའབད་མི་གིས་ ཆེད་གཞི འགོ་འདྲེན་འཐབ་ཅི།,61,15
འདི་གི་སྐབས་ལུ་ འོང་ནི་ཨིནམ་ད་ བརྡ་ལམ་གྱི་ནང་དུ་གནས་ཚུལདེ་གིས་ འབྲུག སྨོན་འདུན་ཕུལ་དགོ།,87,21
ལག་ལེན་བསྟར་སྤྱོད་འབད་དེ་ བརྡ་ལམ་གྱི་ནང་དུ་གནས་ཚུལའགོ་འདྲེན་འཐབ་ཅི།,67,16
འདི་གི་སྐབས་ལུ་ ནི འོང་ནི་ཨིནམ་ད་ ཇི་ཨེམ་སི་གི་གཙོ་བོ་ཅིག་སྦེ་ བརྡ་ལམ་གྱི་ནང་དུ་གནས་ཚུལསྨོན་འདུན་ཕུལ་དགོ།,105,27
གནམ་ལོ་གསར་ཚེས་དང་འབྲེལ་བའི་ མདུན་སྐྱོད།,40,9
༉ ད་འབདན་ འབྲུག་རྒྱལ་ཁབ་དང་ སྤྱིར་འཛམ་གླིང་རྒྱལ་ཁབ་འདི་ར་ དུས་སྐལ་གསརཔ་ཅིག་ སྒོ་ཕྱེ་དོ་ཡོདཔ་ཨིན།,96,23
འདི་བཟུམ་གྱི་ བརྡ་ལམ་གྱི་ནང་དུ་གནས་ཚུལདུས་ཡོལ་སུ་སོང་བའི་མཐའ་མར་ གཞི་འཛུགས འབད་ཡོདཔ་ལས་ འགོ་བཙུགས་ཞིནམ་ལས་ཚུར་ བརྡ་ལམ་གྱི་ནང་དུ་གནས་ཚུལལྟ་བཤལ་ལས་སྡེ་ ཀརྨ ཡོདཔ་སྦེ་འདུག།,168,40
འདི་བཟུམ་གྱི་ ལོ་རྒྱུས་ཚུ་སླབ་ཨིན།,34,8
དེ་འབདཝ་ད་ བརྡ་ལམ་གྱི་ནང་དུ་གནས་ཚུལའབད་ཡོདཔ་ལས་ རི་མོ འགོ་བཙུགས་ཞིནམ་ལས་ཚུར་ སྤྱི་ལོ་༢༠༢༥ བརྡ་ལམ་གྱི་ནང་དུ་གནས་ཚུལཡོདཔ་སྦེ་འདུག།,128,31
འདི་བཟུམ་གྱི་ སངས་རྒྱས་ཆོས ལོ་རྒྱུས་ཚུ་སླབ་ཨིན།,47,11
དེ་འབདཝ་ད་ ཕྱི་རྒྱལ་ལུ་ བརྡ་ལམ་གྱི་ནང་དུ་གནས་ཚུལའགོ་བཙུགས་ཞིནམ་ལས་ཚུར་ ནི སྤྱི་ལོ་༢༠༢༥ ཡུན་རིང་ལུ་ བརྡ་ལམ་གྱི་ནང་དུ་གནས་ཚུལལོ་རྒྱུས་ཚུ་སླབ་ཨིན།,143,35
ན་གཞོན་སྟོང་ཕྲག་ལས་བཅད་མི་ཚུ་གིས་ བརྡ་ལམ་གྱི་ནང་དུ་གནས་ཚུལརྒྱལ་ཡོངས་ཀྱི་གནས་སྟངས་དང་ གླུ་དབྱངས ལྟ སྒེར་སྡེ་ཉམ་ཆུང་ཚུ་ལུ་ བརྡ་ལམ་གྱི་ནང་དུ་གནས་ཚུལལེགས་ལྡན་གྱི་ཁེ་ཕན་ཚུ་ རྩོམ་རིག མར་བབས་སོང་ཡོད་སྦེ་འདུག།,201,50
ན་གཞོན་སྟོང་ཕྲག་ལས་བཅད་མི་ཚུ་གིས་ ཅ་ཆས་དང་ བརྡ་ལམ་གྱི་ནང་དུ་གནས་ཚུལལྟ དར་ལྡན སྒེར་སྡེ་ཉམ་ཆུང་ཚུ་ལུ་ ལམ་ཕྱོགས་དེ་ཅིག་ར་ བརྡ་ལམ་གྱི་ནང་དུ་གནས་ཚུལམར་བབས་སོང་ཡོད་སྦེ་འདུག།,167,44
ཁྲུང་ཁྲུང་སྐེ་ནག་ བདག་འཛིན་འཐབ་ནི་ ག་གི་འགན་ཁུར་ཨིན་ན།,54,14
༉ རྒྱལ་ཁབ་ནང་ མཐའ་འཁོར་གནས་སྟངས་དང་ སྐྱེ་ལྡན་རིགས་སྣ་ལ་སོགས་པ་གིས་ ཕྱུག་སྟེ་ཡོདཔ་ལས་ མཛེས་རྒྱན་འདི་ལུ་བརྟེན་ ཕན་གནོད་ཀྱི་ཁྱད་པར་སྦོམ་ར་ ཐོན་དོ་ཡོདཔ་བཞིན་དུ་ སྤྱིར་འཛམ་གླིང་ག་རའི་ནང་ འདི་བཟུམ་གྱི་ འབད་བརྩོན་དེ་ མེད་ཐབས་མེདཔ་ཅིག་གི་གྲངས་སུ་ ཚུད་དེ་འདུག།,251,60
མ་གཞི་བྱ་རིགས་དེ་ བརྡ་ལམ་གྱི་ནང་དུ་གནས་ཚུལརྫས་སྦྱོར་ཁང་ལ་སོགས་པ་ཚུ་ འབྲུག་གི་གནས་ཚུལ སྲོག་ཆག་གི་རིགས་ཚུ་ཡང་ ལཱ་ཚུ་རྩ་འགེངས་ བརྡ་ལམ་གྱི་ནང་དུ་གནས་ཚུལགནམ་སོ་ཁའི་དུས་ཚོད་འགོ་བཙུགསཔ་དང་འབྲེལ་ རིག་གཞུང གཞི་གནས་ཅིག་ཨིན་མས།,216,54
མ་གཞི་བྱ་རིགས་དེ་ གཙོ་རིམ་སྒྲིག་སྟེ་འབདཝ་ད་ བརྡ་ལམ་གྱི་ནང་དུ་གནས་ཚུལསྲོག་ཆག་གི་རིགས་ཚུ་ཡང་ སྤུ་ན་ཁ ལཱ་ཚུ་རྩ་འགེངས་ ཐོན་དོ་ཡོདཔ་བཞིན་དུ་ བརྡ་ལམ་གྱི་ནང་དུ་གནས་ཚུལགཞི་གནས་ཅིག་ཨིན་མས།,179,46
དེ་འབད་ནི་དེ་གིས་ བརྡ་ལམ་གྱི་ནང་དུ་གནས་ཚུལའབྲུག་ལུ་འོངམ་ད་ འཕྲུལ་ལས ས་ཡོམ་རྐྱབ་ནི་ལ་སོགས་པའི་ འདི་བཟུམ་གྱི་གནས་སྟངས་ནང་ བརྡ་ལམ་གྱི་ནང་དུ་གནས་ཚུལགདོང་ལེན་དང་ འབྲུག་གི་གནས་ཚུལ ཚུད་དེ་འདུག།,186,46
དེ་འབད་ནི་དེ་གིས་ ཉམས་སྲུང་ཚུ་ བརྡ་ལམ་གྱི་ནང་དུ་གནས་ཚུལས་ཡོམ་རྐྱབ་ནི་ལ་སོགས་པའི་ རྫོང་ཁ འདི་བཟུམ་གྱི་གནས་སྟངས་ནང་ ཧ་གོ་དགོཔ་འདུག།,129,33
དེ་འབདཝ་ལས་ བརྡ་ལམ་གྱི་ནང་དུ་གནས་ཚུལཚུད་དེ་འདུག།,48,12
དེ་འབད་ནི་དེ་གིས་ ཤེས་ཡོན ཉམས་སྲུང་ཚུ་ གཙོ་རིམ་སྒྲིག་སྟེ་ བརྡ་ལམ་གྱི་ནང་དུ་གནས་ཚུལའདི་བཟུམ་གྱི་གནས་སྟངས་ནང་ སྤུ་ན་ཁ ཧ་གོ་དགོཔ་འདུག།,131,33
དེ་འབདཝ་ལས་ ཉམས་སྲུང་དང་ བརྡ་ལམ་གྱི་ནང་དུ་གནས་ཚུལཉམས་སྲུང་ཚུ་ དབྱེ་གཞི གཙོ་རིམ་སྒྲིག་སྟེ་ ལས་སྣ་ཚུ་ལུ་ བརྡ་ལམ་གྱི་ནང་དུ་གནས་ཚུལཧ་གོ་དགོཔ་འདུག།,142,35
དེ་འབདཝ་ལས་ ཐིམ་ཕུ ཉམས་སྲུང་དང་ གནོད་དོ་ཡོད་མི་དེ་ཡང་ བརྡ་ལམ་གྱི་ནང་དུ་གནས་ཚུལགཙོ་རིམ་སྒྲིག་སྟེ་ དབྱེ་ཞིབ ལས་སྣ་ཚུ་ལུ་ རང་བཞིན་གནས་སྟངས་ལུ་ བརྡ་ལམ་གྱི་ནང་དུ་གནས་ཚུལ,164,42
མགྱོགས་པ་ར་ བརྡ་ལམ་གྱི་ནང་དུ་གནས་ཚུལ འཁོར་ལམ་གྱི་ཟུར་ཁ་ བསོད་ནམས་ གལ་སྲིད་ ས་སློང་ནི་གི་ལཱ་འབད་དོ་ཡོད་མི་དེ་ཡང་ བརྡ་ལམ་གྱི་ནང་དུ་གནས་ཚུལསྐྱེད་འབད་སྲིད་ནི་དང་ སྟག་ཚང ལག་ལེན་འཐབ་དགོཔ་འདུག།,186,48
མགྱོགས་པ་ར་ ང་བཅས་ཀྱི་བཙོག་གཡུར་རྒྱུ བརྡ་ལམ་གྱི་ནང་དུ་གནས་ཚུལགལ་སྲིད་ བདེ་ཐང་དཀར་ཆགས ས་སློང་ནི་གི་ལཱ་འབད་དོ་ཡོད་མི་དེ་ཡང་ གལ་སྲིད་ བརྡ་ལམ་གྱི་ནང་དུ་གནས་ཚུལལག་ལེན་འཐབ་དགོཔ་འདུག།,176,45
དུག་ཅན་སྦུལ་གྱིས་ ཟླཝ་༡༠ གྱི་རིང་ ལོ་ནག་དབང་གནོན་འབད་ནི།,56,14
༉ རང་ལུགས་གནམ་ལོ་ ཤིང་ཕོ་འབྲུག་ལོ་འདི་ མཇུག་བསྡུཝ་དང་འབྲེལ་ ལོ་ནག་གི་དུས་ཡུན་ ཟླཝ་༡༠ ལུས་མི་དེ་ ཁ་ཙ་ལས་ དེ་གི་ཤུལ་འཛིན་པ་ ཤིང་མོ་སྦྲུལ་ལུ་བཞག་ནུག།,146,38
སྐྱེས་ལོ་༡ སྤུ་ན་ཁ གཞི་བཤེད་ཕོག་མི་ཚུ་ ལུ་ བརྡ་ལམ་གྱི་ནང་དུ་གནས་ཚུལ གཞི་བཤེད་ཕོགཔ་ལས་ པདྨ ལས་༣༠ དུས་ཅིའི་ལོ་ནག་ནང་ བརྡ་ལམ་གྱི་ནང་དུ་གནས་ཚུལགཞི་བཤེད་ཕོག་མི་ཚུ་ གར་རྩལ ལུ་ རིག་འཛིན་དབང་ཕྱུག།,188,49
༉ བརྡ་ལམ་གྱི་ནང་དུ་གནས་ཚུལལས་༣༠ འབྲུག་འཕྲིན་གླིང་ དུས་ཅིའི་ལོ་ནག་ནང་ ལང་མི་ བརྡ་ལམ་གྱི་ནང་དུ་གནས་ཚུལལུ་ རྡོ་རྗེ རིག་འཛིན་དབང་ཕྱུག།,130,32
༉ གནམ་སྒང་ལུ་ བརྡ་ལམ་གྱི་ནང་དུ་གནས་ཚུལདུས་ཅིའི་ལོ་ནག་ནང་ ཁྱི ལང་མི་ ཁྱིམ་རྐྱབ་སར་ བརྡ་ལམ་གྱི་ནང་དུ་གནས་ཚུལརིག་འཛིན་དབང་ཕྱུག།,124,31
བརྡ་ལམ་གྱི་ནང་དུ་གནས་ཚུལཚོགས་འཁོར་ ཀརྨ རང་ལུགས་གནམ་ལོ་ སྤྱིར་བཏང་རྒྱལ་ཁབ་ཀྱི་ བརྡ་ལམ་གྱི་ནང་དུ་གནས་ཚུལསྐྱེས་ལོ་༣༠ ཆེད་གཞི ༦༡།,125,30
འགོ་བཙུགས་དགོཔ་ད་ བརྡ་ལམ་གྱི་ནང་དུ་གནས་ཚུལ རང་ལུགས་གནམ་ལོ་ ལས་བཟོ སྤྱིར་བཏང་རྒྱལ་ཁབ་ཀྱི་ རྐྱེན་ངན་དེ་ཚུ་ བརྡ་ལམ་གྱི་ནང་དུ་གནས་ཚུལ༦༡།,132,33
བརྡ་ལམ་གྱི་ནང་དུ་གནས་ཚུལལོ་ནག་སྐྱོང་བའི་རིང་ལུ་ ཨེ་མ་དར་ཚི ཤིང་ཕོ་འབྲུག་ལོ་འདི་ ལམ་ཐག་རིང་སར་ བརྡ་ལམ་གྱི་ནང་དུ་གནས་ཚུལ གལ་གནད་ཆེ་བའི་ ནི ༧༣།,140,38
འབད་དགོཔ་ཨིན་པས།,16,4
ལོ་འདི་ནང་ བརྡ་ལམ་གྱི་ནང་དུ་གནས་ཚུལཤིང་ཕོ་འབྲུག་ལོ་འདི་ དགྲ་ཁྲོད་ཕུག ལམ་ཐག་རིང་སར་ སྦྲུལ་ལོ་གིས་ བརྡ་ལམ་གྱི་ནང་དུ་གནས་ཚུལ༧༣།,124,31
ཆུ་སྒྲིག འབད་དགོཔ་ཨིན་པས།,25,6
ལོ་འདི་ནང་ དབང་རླུང་དར་མི་ བརྡ་ལམ་གྱི་ནང་དུ་གནས་ཚུལལམ་ཐག་རིང་སར་ མཆོད་རྟེན སྦྲུལ་ལོ་གིས་ སྐྱེས་སྒྲིབ་ཤི་སྒྲིབ་ བརྡ་ལམ་གྱི་ནང་དུ་གནས་ཚུལའབད་དགོཔ་ཨིན་པས།,151,36
ཟླ་ཐོའི་སྔོན་བཤད་དང་འཁྲིལ་བ་ཅིན་ བརྡ་ལམ་གྱི་ནང་དུ་གནས་ཚུལགསོལ་འདེབས་གང་མང་བསག་དགོཔ་མ་ཚད་ འབྲུག་འཕྲིན་གླིང་ ཉི་འཛིན་ཡོད་པའི་ཁར་ ལོ་ཟློག་ཕོག་མི་དེ་ཡང་ བརྡ་ལམ་གྱི་ནང་དུ་གནས་ཚུལང་བཅས་ག་གིས་ར་འབད་རུང་ དབྱེ་གཞི ལོ་ལེགས་ཤོམ་ཅིག་མེདཔ་སྦེ་བཀོད་ནུག།,239,59
ཟླ་ཐོའི་སྔོན་བཤད་དང་འཁྲིལ་བ་ཅིན་ རང་ཟླ་༧ བརྡ་ལམ་གྱི་ནང་དུ་གནས་ཚུལཉི་འཛིན་ཡོད་པའི་ཁར་ གནས་འཁོར ལོ་ཟློག་ཕོག་མི་དེ་ཡང་ ཤིང་མོ་སྦྲུལ་ལོ་འདི་ བརྡ་ལམ་གྱི་ནང་དུ་གནས་ཚུལལོ་ལེགས་ཤོམ་ཅིག་མེདཔ་སྦེ་བཀོད་ནུག།,195,49
ཇི་ཨེམ་སི་འགོ་འདྲེན་འོག་ལུ་ དགེ་ལེགས་ཕུག་ དབུས་ཕྱོགས་ལུང་ཕྱོགས་གཙོ་བསྟེན་སྨན་ཁང་ རྒྱ་སྐྱེད་འབད་ནི།,98,22
༉ ཉལ་ཁྲི་༡༥༠ འབད་མི་ དགེ་ལེགས་ཕུག་ དབུས་ཕྱོགས་ལུང་ཕྱོགས་གཙོ་བསྟེན་སྨན་ཁང་དེ་ དགེ་ལེགས་ཕུག་དྲན་ཤེས་ཁྲོམ་གྱི་ བདག་སྐྱོང་འོག་ལུ་ ཉམས་བཅོས་དང་ རྒྱ་སྐྱེད་འབད་ནི་ཨིན་པས།,163,38
ཉམས་བཅོས་དང་ བརྡ་ལམ་གྱི་ནང་དུ་གནས་ཚུལཨེན་ཨེམ་ཨེསི་དང་གཅིག་ཁར་ སྤ་རོ གསོ་བའི་ཞབས་ཏོག་ཚུ་ སྐྱེལ་འདྲེན་ལྷན་ཁག་འོག་གི་ བརྡ་ལམ་གྱི་ནང་དུ་གནས་ཚུལཁྱད་རིག་དང་ འགོད་རིམ གནོད་སྐྱོན་བྱུང་ཡོདཔ་ཨིན་པས།,188,45
ཉམས་བཅོས་དང་ འཐོབ་ཚུགས་ནི་ཨིན་པས།,33,8
བདག་སྐྱོང་གནས་སོར་དེ་ བརྡ་ལམ་གྱི་ནང་དུ་གནས་ཚུལགསོ་བའི་ཞབས་ཏོག་ཚུ་ དར་ལྡན སྐྱེལ་འདྲེན་ལྷན་ཁག་འོག་གི་ གྲ་སྒྲིག་འབད་ནིའི་དོན་ལུ་ཨིན་མས།,132,32
གསོ་བའི་ལྷན་ཁག་དང་འཁྲིལཝ་ད་ བརྡ་ལམ་གྱི་ནང་དུ་གནས་ཚུལགནོད་སྐྱོན་བྱུང་ཡོདཔ་ཨིན་པས།,80,19
ཉམས་བཅོས་དང་ འཕྲུལ་ལས འཐོབ་ཚུགས་ནི་ཨིན་པས།,42,10
བདག་སྐྱོང་གནས་སོར་དེ་ སྔོན་འགོག་སྨན་བཅོས་ཚུ་ཡང་ བརྡ་ལམ་གྱི་ནང་དུ་གནས་ཚུལསྐྱེལ་འདྲེན་ལྷན་ཁག་འོག་གི་ ཚེས་བཅུ གྲ་སྒྲིག་འབད་ནིའི་དོན་ལུ་ཨིན་མས།,139,33
གསོ་བའི་ལྷན་ཁག་དང་འཁྲིལཝ་ད་ ཟད་འགྲོ་བཏང་སྟེ་ བརྡ་ལམ་གྱི་ནང་དུ་གནས་ཚུལའཐོབ་ཚུགས་ནི་ཨིན་པས།,89,22
བདག་སྐྱོང་གནས་སོར་དེ་ འབྲས སྔོན་འགོག་སྨན་བཅོས་ཚུ་ཡང་ མཉམ་འབྲེལ་འབད་དོ་ཡོདཔ་ཨིན་པས།,82,19
ལྷན་ཁག་གིས་ བརྡ་ལམ་གྱི་ནང་དུ་གནས་ཚུལགྲ་སྒྲིག་འབད་ནིའི་དོན་ལུ་ཨིན་མས།,68,17
གསོ་བའི་ལྷན་ཁག་དང་འཁྲིལཝ་ད་ ཐིམ་ཕུ ཟད་འགྲོ་བཏང་སྟེ་ མ་ལང་པའི་དཀའ་ངལ་སེལ་ཐབས་ལུ་ བརྡ་ལམ་གྱི་ནང་དུ་གནས་ཚུལསྔོན་འགོག་སྨན་བཅོས་ཚུ་ཡང་ མདའ་རྩེད མཉམ་འབྲེལ་འབད་དོ་ཡོདཔ་ཨིན་པས།,168,42
ལྷན་ཁག་གིས་ བར་འཛུལ་ཚུ་ བརྡ་ལམ་གྱི་ནང་དུ་གནས་ཚུལ ཟད་འགྲོ་བཏང་སྟེ་ ནི མ་ལང་པའི་དཀའ་ངལ་སེལ་ཐབས་ལུ་ དགོས་མཁོའི་མི་སྟོབས་དང་ཞབས་ཏོག་ཚུ་ བརྡ་ལམ་གྱི་ནང་དུ་གནས་ཚུལམཉམ་འབྲེལ་འབད་དོ་ཡོདཔ་ཨིན་པས།,185,47
ལྷན་ཁག་གིས་ བརྡ་ལམ་གྱི་ནང་དུ་གནས་ཚུལདགེ་ལེགས་ཕུག་དེ་ ཚེས་བཅུ ཉམས་བཅོས་འབད་ནི་གི་ རྒྱལ་ཡོངས་ཀྱི་དོན་ལུ་ བརྡ་ལམ་གྱི་ནང་དུ་གནས་ཚུལ དགེ་ལེགས་ཕུག་ཁྲོམ་སྡེའི་ དར་ལྡན གཙོ་རིམ་བཟུང་ནི་ཨིན་པས།,183,45
ལྷན་ཁག་གིས་ ས་ཁོངས་མ་འདྲཝ་ཚུ་ནང་ བརྡ་ལམ་གྱི་ནང་དུ་གནས་ཚུལཉམས་བཅོས་འབད་ནི་གི་ སངས་རྒྱས་ཆོས རྒྱལ་ཡོངས་ཀྱི་དོན་ལུ་ སླབ་མིའི་ནང་ བརྡ་ལམ་གྱི་ནང་དུ་གནས་ཚུལགཙོ་རིམ་བཟུང་ནི་ཨིན་པས།,172,43
"འཆར་གཞི་བརྩམས་མི་ བརྡ་ལམ་གྱི་ནང་དུ་གནས་ཚུལསླབ་མིའི་ནང་ ཀུན་གསལ ཆ་ཚད་༡:༡,༡༤༡ དེ་ཅིག་ བརྡ་ལམ་གྱི་ནང་དུ་གནས་ཚུལ",108,27
བཀྲིས་གཡང་རྩེ་ལུ་ མཆོད་རྟེན་སློངས་མི་༤ འཛིན་བཟུང་།,50,12
༉ རྒྱལ་གཞུང་འབྲུག་གི་འགག་སྡེ་གིས་ སྤྱི་ཟླ་༥ པའི་ཚེས་༨ ལུ་ བཀྲིས་གཡང་རྩེ་ སྟོད་ཚོ་རྒེད་འོག་ནང་ མཆོད་རྟེན་སློངས་མིའི་ གནད་དོན་ནང་འབྲེལ་བ་ཡོད་མི་ སྐྱེས་ལོ་༤༤ དང་༥༦ ལང་མི་ ཕོ་སྐྱེས་༢ འཛིན་བཟུང་འབད་ཡོདཔ་ཨིན་པས།,205,50
རྒྱལ་གཞུང་འབྲུག་གི་འགག་སྡེའི་ བརྡ་ལམ་གྱི་ནང་དུ་གནས་ཚུལབདག་འཛིན་བསྐོ་བཞག་འབད་ནིའི་ ཆུ་སྒྲིག ནང་སྲིད་བློན་པོ་དང་གཅིག་ཁར་ ད་རུང་ བརྡ་ལམ་གྱི་ནང་དུ་གནས་ཚུལཁྲིམས་འགལ་དང་ལག་ལེན་ལས་ཁུངས་ཀྱི་ གཞུང་རྒྱུན ཐོབ་ཡོདཔ་ཨིན་པས།,210,49
རྒྱལ་གཞུང་འབྲུག་གི་འགག་སྡེའི་ སྟོད་ཚོ་རྒེད་འོག་ནང་ བརྡ་ལམ་གྱི་ནང་དུ་གནས་ཚུལནང་སྲིད་བློན་པོ་དང་གཅིག་ཁར་ འཕྲུལ་ལས ད་རུང་ འབྲེལ་བ་ཡོདཔ་འོང་ཟེར་ཨིན་པས།,147,35
འདས་པའི་ལོ་ངོ་བཅུ་ཕྲག་གི་རིང་ བརྡ་ལམ་གྱི་ནང་དུ་གནས་ཚུལཐོབ་ཡོདཔ་ཨིན་པས།,70,18
རྒྱལ་གཞུང་འབྲུག་གི་འགག་སྡེའི་ དགོན་པ སྟོད་ཚོ་རྒེད་འོག་ནང་ རྡོ་རྗེ་༡ བརྡ་ལམ་གྱི་ནང་དུ་གནས་ཚུལད་རུང་ གར་རྩལ འབྲེལ་བ་ཡོདཔ་འོང་ཟེར་ཨིན་པས།,134,33
འདས་པའི་ལོ་ངོ་བཅུ་ཕྲག་གི་རིང་ ཉེས་འགེལ་དེ་ བརྡ་ལམ་གྱི་ནང་དུ་གནས་ཚུལསྟོད་ཚོ་རྒེད་འོག་ནང་ རྩོམ་རིག རྡོ་རྗེ་༡ ལྷ་ཁང་ཚུ་ནང་ བརྡ་ལམ་གྱི་ནང་དུ་གནས་ཚུལའབྲེལ་བ་ཡོདཔ་འོང་ཟེར་ཨིན་པས།,172,44
དོགས་པ་ཅན་ཚུ་ག་ར་ བརྡ་ལམ་གྱི་ནང་དུ་གནས་ཚུལསྟོད་ཚོ་རྒེད་འོག་ནང་འཁོད་ཀྱི་ གཞུང་རྒྱུན ཕོ་སྐྱེས་༢ དང་༢༧ བརྡ་ལམ་གྱི་ནང་དུ་གནས་ཚུལནང་དཀར་གཡུས་ཚན་ཚུ་ནང་ ཆུ་སྒྲིག ཡོདཔ་ཨིན་པས།,167,43
དོགས་པ་ཅན་ཚུ་ག་ར་ ཕོ་སྐྱེས་དེ་གིས་ བརྡ་ལམ་གྱི་ནང་དུ་གནས་ཚུལཕོ་སྐྱེས་༢ འབྲུག དང་༢༧ ཞིབ་དཔྱད་ཚུ་འབད་བའི་བསྒང་ཡོད་ཟེར་ཨིནམ་ད་ བརྡ་ལམ་གྱི་ནང་དུ་གནས་ཚུལ ཡོདཔ་ཨིན་པས།,160,42
དོགས་པ་ཅན་ཚུ་ག་ར་ གྲོང་ཚོ ཕོ་སྐྱེས་དེ་གིས་ སྤྱི་ལོ་༢༠༡༧ བརྡ་ལམ་གྱི་ནང་དུ་གནས་ཚུལ,80,22
སློབ་དཔོན་མ་ལང་མི་དང་ བགོ་བཀྲམ་གནད་དོན་ཚུ་ བསྐྱར་ཞིབ་འབད་བའི་བསྒང་ཡོདཔ།,71,17
༉ རྫོང་ཁག་ག་རའི་ནང་ སློབ་དཔོན་བགོ་བཀྲམ་དང་ མ་ལང་མི་དང་འབྲེལ་བའི་ གནད་དོན་སེལ་ཐབས་དོན་ལུ་ ཤེས་རིག་དང་རིག་རྩལ་གོང་འཕེལ་ལྷན་ཁག་གིས་ བརྟག་ཞིབ་ཅིག་ འགོ་འདྲེན་འཐབ་དོ་ཡོདཔ་ཨིན་པས།,172,43
ད་ལྟོ་ཡོད་མི་ཚུ་ བརྡ་ལམ་གྱི་ནང་དུ་གནས་ཚུལཡོད་མི་ཚུ་ ཁྱི རྒྱ་གར་ལས་ ཡོདཔ་ཨིན་པས།,79,21
ཨིན་རུང་ བརྡ་ལམ་གྱི་ནང་དུ་གནས་ཚུལསློབ་ཁང་ཚུ་ གླུ་དབྱངས འབད་ནི་ཨིན་པས།,69,17
ད་ལྟོ་ཡོད་མི་ཚུ་ སློབ་དཔོན་ཚུ་ བརྡ་ལམ་གྱི་ནང་དུ་གནས་ཚུལརྒྱ་གར་ལས་ བུམ་ཐང ཡོདཔ་ཨིན་པས།,85,22
ཨིན་རུང་ བཙུགས་ཚུགས་ནི་ཨིན་པས།,30,7
ད་རེས་ཀྱི་ བརྡ་ལམ་གྱི་ནང་དུ་གནས་ཚུལའབད་ནི་ཨིན་པས།,49,13
ད་ལྟོ་ཡོད་མི་ཚུ་ སངས་རྒྱས་ཆོས སློབ་དཔོན་ཚུ་ སློབ་ཕྲུག་དང་ བརྡ་ལམ་གྱི་ནང་དུ་གནས་ཚུལ ཡོདཔ་ཨིན་པས།,95,24
ཨིན་རུང་ ཧི་མ་ལ་ཡ བཙུགས་ཚུགས་ནི་ཨིན་པས།,39,11
ད་རེས་ཀྱི་ དང་ བརྡ་ལམ་གྱི་ནང་དུ་གནས་ཚུལསློབ་དཔོན་ཚུ་ ཉེས་ཚོགས སློབ་ཕྲུག་དང་ ལོག་འཛུལ་ཞུགས་ བརྡ་ལམ་གྱི་ནང་དུ་གནས་ཚུལབཙུགས་ཚུགས་ནི་ཨིན་པས།,136,32
བརྡ་ལམ་གྱི་ནང་དུ་གནས་ཚུལམགྱོགས་དྲགས་དང་ སྤ་རོ རྒྱལ་གཞུང་ཞི་གཡོག་ལྷན་ཚོགས་ཀྱིས་ བཟོ་རིག་ བརྡ་ལམ་གྱི་ནང་དུ་གནས་ཚུལམཐུན་རྐྱེན་བགོ་བཀྲམ་ཚུ་ ཐིམ་ཕུ གལ་ཅན་ཨིན་པའི་གནས་ཚུལ།,165,39
ཁག་འབག་ཐོག་ བརྡ་ལམ་གྱི་ནང་དུ་གནས་ཚུལརྒྱལ་གཞུང་ཞི་གཡོག་ལྷན་ཚོགས་ཀྱིས་ གར་རྩལ བཟོ་རིག་ བཏང་ཡོདཔ་ཨིན་པས།,101,24
དེ་ཡང་ བརྡ་ལམ་གྱི་ནང་དུ་གནས་ཚུལགལ་ཅན་ཨིན་པའི་གནས་ཚུལ།,53,14
འབྲུག ཁག་འབག་ཐོག་ སྡེ་ཚན་༢ བརྡ་ལམ་གྱི་ནང་དུ་གནས་ཚུལབཟོ་རིག་ འབྲུག་པ བཏང་ཡོདཔ་ཨིན་པས།,84,21
དེ་ཡང་ ཚན་རིག་དང་ བརྡ་ལམ་གྱི་ནང་དུ་གནས་ཚུལཁག་འབག་ཐོག་ འབྲུག་འཕྲིན་གླིང་ སྡེ་ཚན་༢ བཀོལ་སྤྱོད་མ་འབད་བར་ཡོདཔ།,106,26
སློབ་དཔོན་མ་ལང་མི་ལས་ བརྡ་ལམ་གྱི་ནང་དུ་གནས་ཚུལ བཏང་ཡོདཔ་ཨིན་པས།,63,17
དེ་ཡང་ སྤ་རོ ཚན་རིག་དང་ དེ་གིས་ བརྡ་ལམ་གྱི་ནང་དུ་གནས་ཚུལསྡེ་ཚན་༢ དར་ལྡན བཀོལ་སྤྱོད་མ་འབད་བར་ཡོདཔ།,97,26
སློབ་དཔོན་མ་ལང་མི་ལས་ ད་རེས་ བརྡ་ལམ་གྱི་ནང་དུ་གནས་ཚུལཚན་རིག་དང་ དབང་འདུས དེ་གིས་ སྤུས་ཚད་ལུ་ བརྡ་ལམ་གྱི་ནང་དུ་གནས་ཚུལབཀོལ་སྤྱོད་མ་འབད་བར་ཡོདཔ།,142,36
འབྲུག་འདི་ ཡུ་ཨེསི་གིས་ འགྲོ་འགྲུལ་བཀག་དམ་འབད་མི་ ཐོ་ཡིག་ཟིན་བྲིས་ནང་ ཚུད་ཡོདཔ།,79,18
༉ མི་སྡེ་བརྡ་བརྒྱུད་དང་ རྒྱལ་སྤྱིའི་གནས་ཚུལ་ཚུ་ནང་ ཁྱབ་སྤེལ་སོང་མི་ རྒྱལ་ཁབ་ཚུ་གི་ ཐོ་ཡིག་ཟིན་བྲིས་དང་འཁྲིལ་བ་ཅིན་ འབྲུག་འདི་ ཡུ་ཨེསི་ལུ་འཛུལ་ཞུགས་འབད་ནི་དང་ ཡང་ཅིན་ སྐྱོད་ཐམ་བཀག་དམ་དང་འབྲེལ་བའི་ དཀའ་ངལ་འཐོན་ནི་བཟུམ་ཅིག་ ཡོདཔ་ཨིན་པས།,233,56
ཡིག་ཚང་བཀའ་རྒྱ་བཏོན་ཡོདཔ་ཨིན་པས།,32,8
ཉིན་གྲངས་༦༠ འཕྲུལ་ལས དཀའ་ངལ་འབྱུང་ནིའི་ ཉེན་ཁ་ཡོད་པའི་གནས་ཚུལ།,62,15
བརྡ་ལམ་གྱི་ནང་དུ་གནས་ཚུལ འཛུལ་ཞུགས་འབད་མི་ལུ་བརྟེན་ སྟག་ཚང བཙུགས་ཡོདཔ་སྦེ་ཨིན་པས།,81,20
དེ་མ་ཚད་ ཡིག་ཚང་ནང་ བརྡ་ལམ་གྱི་ནང་དུ་གནས་ཚུལདཀའ་ངལ་འབྱུང་ནིའི་ སྤ་རོ ཉེན་ཁ་ཡོད་པའི་གནས་ཚུལ།,91,24
ཡུ་ཨེསི་ལུ་ བརྡ་ལམ་གྱི་ནང་དུ་གནས་ཚུལབཙུགས་ཡོདཔ་སྦེ་ཨིན་པས།,58,14
དེ་མ་ཚད་ རྩོམ་རིག ཡིག་ཚང་ནང་ ལུ་ བརྡ་ལམ་གྱི་ནང་དུ་གནས་ཚུལཉེན་ཁ་ཡོད་པའི་གནས་ཚུལ།,79,21
འབྲུག་མི་ཚུ་ བརྡ་ལམ་གྱི་ནང་དུ་གནས་ཚུལ གནས་སྡུད་གནས་སྟངས་དང་ འབྲུག་པ ཨེ་མི་རི་ཀ་གི་སྲིད་འཛིན་ བསྡུ་ལེན་འབད་བའི་ཤུལ་ལས་ བརྡ་ལམ་གྱི་ནང་དུ་གནས་ཚུལའབྲུག་མི་༥ གནས་འཁོར བར་ཆད་འབྱུང་ནི་ཨིན་པས།,184,47
འབྲུག་མི་ཚུ་ འགྲོ་འགྲུལ་བཀག་དམ་དེ་གིས་ བརྡ་ལམ་གྱི་ནང་དུ་གནས་ཚུལཨེ་མི་རི་ཀ་གི་སྲིད་འཛིན་ ནི བསྡུ་ལེན་འབད་བའི་ཤུལ་ལས་ རྒྱབ་སྣོན་འབད་མི་ལས་ བརྡ་ལམ་གྱི་ནང་དུ་གནས་ཚུལ བར་ཆད་འབྱུང་ནི་ཨིན་པས།,184,47
འབྲུག་མི་ཚུ་ ཤེས་ཡོན འགྲོ་འགྲུལ་བཀག་དམ་དེ་གིས་ འཛུལ་ཞུགས་འབད་ཡོདཔ་ཨིན་པས།,73,17
དེ་བཟུམ་སྦེ་ བརྡ་ལམ་གྱི་ནང་དུ་གནས་ཚུལབསྡུ་ལེན་འབད་བའི་ཤུལ་ལས་ ཧི་མ་ལ་ཡ རྒྱབ་སྣོན་འབད་མི་ལས་ དེ་ལས་ བརྡ་ལམ་གྱི་ནང་དུ་གནས་ཚུལའགྲོ་འགྲུལ་བཀག་དམ་དེ་གིས་ ཕྱུག་མ འཛུལ་ཞུགས་འབད་ཡོདཔ་ཨིན་པས།,182,46
དེ་བཟུམ་སྦེ་ འགྲོ་འགྲུལ་བཀག་དམ་དེ་གིས་ བརྡ་ལམ་གྱི་ནང་དུ་གནས་ཚུལརྒྱབ་སྣོན་འབད་མི་ལས་ བསོད་ནམས་ དེ་ལས་ ག་ནི་ཡང་མེད་རུང་ བརྡ་ལམ་གྱི་ནང་དུ་གནས་ཚུལའཛུལ་ཞུགས་འབད་ཡོདཔ་ཨིན་པས།,168,41
དེ་བཟུམ་སྦེ་ བསོད་ནམས་ འགྲོ་འགྲུལ་བཀག་དམ་དེ་གིས་ ཡུ་ཨེསི་གིས་ བརྡ་ལམ་གྱི་ནང་དུ་གནས་ཚུལདེ་ལས་ ནགས་ཚལ ག་ནི་ཡང་མེད་རུང་ ཀེ་ན་ཌ་དང་ བརྡ་ལམ་གྱི་ནང་དུ་གནས་ཚུལ,152,40
ཐའེ་ལེནཌ་གིས་ མི་དབང་རྒྱལ་བཙུན་རྣམ་༢ ལུ་ ཊི་པི་ཏ་ཀ་གླེགས་བམ་༨༠ ཕུལ་ཡོདཔ།,72,19
ཐི་ར་བ་ཌ་ཟེར་མི་ གནས་འཁོར པར་སྐྲུན་འབད་ཞིནམ་ལས་ ནང་པའི་ཆོས་ལུགས་ཀྱི་ བརྡ་ལམ་གྱི་ནང་དུ་གནས་ཚུལ ཐའེ་ལེནཌ་གི་ མོག་མོག ཁ་ཙ་ བཀྲམ་སྤེལ་འབད་ཡོདཔ་ཨིན་པས།,146,38
འཛམ་གླིང་ཊི་པི་ཏ་ཀ་ བརྡ་ལམ་གྱི་ནང་དུ་གནས་ཚུལཔར་སྐྲུན་འབད་ཞིནམ་ལས་ སྤ་རོ ནང་པའི་ཆོས་ལུགས་ཀྱི་ རྒྱལ་པོའི་ཁབ་ལུ་འཛོམས་ཏེ་ བརྡ་ལམ་གྱི་ནང་དུ་གནས་ཚུལཁ་ཙ་ དགེ་འདུན་པ བཀྲམ་སྤེལ་འབད་ཡོདཔ་ཨིན་པས།,185,47
འཛམ་གླིང་ཊི་པི་ཏ་ཀ་ པ་ བརྡ་ལམ་གྱི་ནང་དུ་གནས་ཚུལནང་པའི་ཆོས་ལུགས་ཀྱི་ འབྲུག་འཕྲིན་གླིང་ རྒྱལ་པོའི་ཁབ་ལུ་འཛོམས་ཏེ་ ཅུ་ལ་ལོང་ཀོརན་མཆོག་གིས་ བརྡ་ལམ་གྱི་ནང་དུ་གནས་ཚུལབཀྲམ་སྤེལ་འབད་ཡོདཔ་ཨིན་པས།,186,45
འཛམ་གླིང་ཊི་པི་ཏ་ཀ་ ཤེས་ཡོན པ་ འཁོར་བའི་ བརྡ་ལམ་གྱི་ནང་དུ་གནས་ཚུལ རྒྱལ་པོའི་ཁབ་ལུ་འཛོམས་ཏེ་ སངས་རྒྱས་ཆོས ཅུ་ལ་ལོང་ཀོརན་མཆོག་གིས་ སླབ་མིའི་ནང་ བརྡ་ལམ་གྱི་ནང་དུ་གནས་ཚུལཔ་ རྒྱུ་དཀའ།,178,45
ཕམ་ཚུ་གིས་ སློབ་གྲྭ་ལུ་ རེ་བ་ལས་ལྷག་པའི་རྒྱབ་སྐྱོར།,51,13
ཨ་རྟག་ར་ རྩོམ་རིག བརྩི་སྲུང་ལས་རིམ་ཚུ་ སྤྲོ་སྣང་བྱུང་བའི་སྐད་ཚུ་གིས་ བརྡ་ལམ་གྱི་ནང་དུ་གནས་ཚུལ བཤད་ཡོདཔ་མ་ཚད་ ནགས་ཚལ ཆ་ཤས་ཅིག་ཨིན་ཟེར་ཨིན་པས།,140,37
སློབ་གྲྭའི་ ཐལ་ཡོདཔ་ལས་ བརྡ་ལམ་གྱི་ནང་དུ་གནས་ཚུལབརྩི་སྲུང་ལས་རིམ་ཚུ་ དར་ལྡན སྤྲོ་སྣང་བྱུང་བའི་སྐད་ཚུ་གིས་ བརྩི་སྲུང་འབད་ནིའི་དོན་ལུ་ བརྡ་ལམ་གྱི་ནང་དུ་གནས་ཚུལཆ་ཤས་ཅིག་ཨིན་ཟེར་ཨིན་པས།,181,44
སློབ་གྲྭའི་ས་ཁོངས་ནང་ བརྡ་ལམ་གྱི་ནང་དུ་གནས་ཚུལལུ་ ཆུ་སྒྲིག སློབ་དཔོན་ཚུ་ཡང་ ང་བཅས་ཀྱི་ བརྡ་ལམ་གྱི་ནང་དུ་གནས་ཚུལསློབ་གྲྭའི་ རྫོང ཁོང་ར་གིས་འབདཝ་ཨིན་པས།,150,36
སློབ་གྲྭའི་ས་ཁོངས་ནང་ ང་བཅས་ཀྱི་དོན་ལུ་ བརྡ་ལམ་གྱི་ནང་དུ་གནས་ཚུལསློབ་དཔོན་ཚུ་ཡང་ ཕྱུག་མ ང་བཅས་ཀྱི་ ༉ བརྡ་ལམ་གྱི་ནང་དུ་གནས་ཚུལཁོང་ར་གིས་འབདཝ་ཨིན་པས།,147,38
མོ་ར་ དེ་ཡང་ བརྡ་ལམ་གྱི་ནང་དུ་གནས་ཚུལཕམ་ཚུ་གིས་ བཀྲ་ཤིས ན་ཧིང་ སེལ་ཐབས་འབད་ནུག།,79,21
སློབ་གྲྭ་དེ་ བརྡ་ལམ་གྱི་ནང་དུ་གནས་ཚུལམོ་ར་ རྫོང དེ་ཡང་ ང་བཅས་ཀྱིས་ བརྡ་ལམ་གྱི་ནང་དུ་གནས་ཚུལན་ཧིང་ འཕྲུལ་ལས སེལ་ཐབས་འབད་ནུག།,123,31
སློབ་གྲྭ་དེ་ ལང་མི་ བརྡ་ལམ་གྱི་ནང་དུ་གནས་ཚུལདེ་ཡང་ བུམ་ཐང ང་བཅས་ཀྱིས་ ཕམ་ཚུ་ཁོང་ར་གིས་ བརྡ་ལམ་གྱི་ནང་དུ་གནས་ཚུལསེལ་ཐབས་འབད་ནུག།,127,33
མི་དབང་མཆོག་གིས་ འགུབ་དགའ་མདོག་ཚེ་རིང་ལུ་ འབུ་རས་དམརཔོ་གནང་ཡོདཔ།,64,15
སྤྱི་ཟླ་༧ པའི་ཚེས་༣༠ ལུ་ མི་དབང་མངའ་བདག་རིན་པོ་ཆེ་མཆོག་གིས་ བཀྲིས་ཆོས་རྫོང་ནང་སྦེ་ མི་དབང་འབྲུག་རྒྱལ་བཞི་པ་མཆོག་གི་ཕྱག་སྒརཔ་ འགུཔ་དགའ་མདོག་ཚེ་རིང་ལུ་ དཔོན་གཉིས་སྐལ་མའི་གོ་གནས་ འབུ་རས་དམརཔོ་གནང་ནུག།,197,48
ད་ལྟོའི་བར་ན་ཡང་ རིག་གཞུང མི་དབང་འབྲུག་རྒྱལ་བཞི་པ་མཆོག་གི་ཕྱག་སྒརཔ་ མི་དབང་འབྲུག་རྒྱལ་བཞི་པ་མཆོག་གི་ བརྡ་ལམ་གྱི་ནང་དུ་གནས་ཚུལ འབུ་རས་དམརཔོ་གནང་ནུག།,147,37
ཆོས་འབྲེལ་ལས་འགུལ་སྦོམ་ཚུ་ལུ་ རྒྱབ་སྐྱོར་འབད་ནིའི་དོན་ལས་ དགེ་ལེགས་ཕུག་དང་ ཕུ་ལ་ཧ་རི་གི་འཁོར་ལམ་ ལེགས་བཅོས་འབད་དོ་ཡོདཔ།,119,29
གྲ་སྒྲིག་འབད་དགོ་ཟེར་ཨིནམ་ད་ ཤེས་ཡོན གཞི་རྟེན་ལཱ་ཚུ་འབད་ཡོདཔ་ཨིན་རུང་ འགྲོ་འགྲུལ་འབད་ཚུགསཔ་བཟོ་ནིའི་དོན་ལུ་ཨིན་པས།,114,27
ལས་འགུལ་གཉིས་ཆ་ར་ བརྡ་ལམ་གྱི་ནང་དུ་གནས་ཚུལ ༉ དར་ལྡན དངུལ་ཀྲམ་ས་ཡ་༧༩.༩༩ ད་རེས་ བརྡ་ལམ་གྱི་ནང་དུ་གནས་ཚུལགཞི་རྟེན་ལཱ་ཚུ་འབད་ཡོདཔ་ཨིན་རུང་ བསོད་ནམས་ འགྲོ་འགྲུལ་འབད་ཚུགསཔ་བཟོ་ནིའི་དོན་ལུ་ཨིན་པས།,189,48
ལས་འགུལ་གཉིས་ཆ་ར་ སྣང་མེད་སྦེ་བཞག་མི་ བརྡ་ལམ་གྱི་ནང་དུ་གནས་ཚུལདངུལ་ཀྲམ་ས་ཡ་༧༩.༩༩ དབང་འདུས ད་རེས་ པདྨ་ཐང་ བརྡ་ལམ་གྱི་ནང་དུ་གནས་ཚུལའགྲོ་འགྲུལ་འབད་ཚུགསཔ་བཟོ་ནིའི་དོན་ལུ་ཨིན་པས།,173,43
དྲིན་ཅན་སྒང་དེ་ འབྲུག་པའི་གསར་བཏོད་ཅན་གྱི་ དེང་སང་གཡུས་ཚན་དང་པ་ཅིག་ལུ་ བསྒྱུར་ནི།,81,20
ད་རེས་ནངས་པ་ དབང་འདུས་ཕོ་བྲང་ལུ་ དུས་རབས་ལས་བཅད་དེ་ ཧེ་མ་ རིན་ཆེན་སྒང་ཟེར་ སླབ་སྲོལ་ཡོད་མི་ དྲིན་ཅན་སྒང་དེ་ གཞི་སྒྱུར་དང་ བསྒྱུར་བཅོས་སྦོམ་སྦེ་ར་ འགྱོ་དོ་ཡོདཔ་ཨིན་པས།,166,41
རྐྱབ་ནི་ཨིན་པས།,15,4
སྡོད་ཁྱིམ་ག་ར་ བརྡ་ལམ་གྱི་ནང་དུ་གནས་ཚུལལས་འགུལ་གྱིས་ མཆོད་རྟེན སྤྲོ་སྣང་ཚུ་ ལས་འགུལ་ལས་བྱེད་ཚོགས་ཆུང་གིས་ བརྡ་ལམ་གྱི་ནང་དུ་གནས་ཚུལའཛུལ་འཐུས་ཚུ་ཡང་ བཀྲ་ཤིས གཞིས་ཆགས་ཡོདཔ་ཨིན་པས།,176,42
སྡོད་ཁྱིམ་ག་ར་ བཟོ་སྟེ་ཡོདཔ་ཨིན་པས།,35,9
ཐེད་ཚོ་རྒཔོ་དང་འཁྲིལ་བ་ཅིན་ བརྡ་ལམ་གྱི་ནང་དུ་གནས་ཚུལསྤྲོ་སྣང་ཚུ་ སྤུ་ན་ཁ ལས་འགུལ་ལས་བྱེད་ཚོགས་ཆུང་གིས་ གུང་པ་༨༦ བརྡ་ལམ་གྱི་ནང་དུ་གནས་ཚུལ གཞིས་ཆགས་ཡོདཔ་ཨིན་པས།,158,41
སྡོད་ཁྱིམ་ག་ར་ ཚེས་བཅུ བཟོ་སྟེ་ཡོདཔ་ཨིན་པས།,43,11
ཐེད་ཚོ་རྒཔོ་དང་འཁྲིལ་བ་ཅིན་ སྟོངམ་སྦེ་ཡོདཔ་ཨིན་པས།,50,12
དེ་ཡང་ བརྡ་ལམ་གྱི་ནང་དུ་གནས་ཚུལལས་འགུལ་ལས་བྱེད་ཚོགས་ཆུང་གིས་ གླུ་དབྱངས གུང་པ་༨༦ ལས་འགུལ་གྱི་དོན་ལུ་ བརྡ་ལམ་གྱི་ནང་དུ་གནས་ཚུལབཟོ་སྟེ་ཡོདཔ་ཨིན་པས།,144,36
ཐེད་ཚོ་རྒཔོ་དང་འཁྲིལ་བ་ཅིན་ ཤེས་ཡོན སྟོངམ་སྦེ་ཡོདཔ་ཨིན་པས།,58,14
དེ་ཡང་ འགྱོ་དོ་ཡོདཔ་ཨིན་པས།,27,7
རྒྱལ་ཁབ་ཀྱི་ བརྡ་ལམ་གྱི་ནང་དུ་གནས་ཚུལགུང་པ་༨༦ གཡག ལས་འགུལ་གྱི་དོན་ལུ་ ཉེན་སྲུང་གི་ཚ་གྱང་ཚུ་ བརྡ་ལམ་གྱི་ནང་དུ་གནས་ཚུལསྟོངམ་སྦེ་ཡོདཔ་ཨིན་པས།,138,35
དེ་ཡང་ ལས་བཟོ འགྱོ་དོ་ཡོདཔ་ཨིན་པས།,34,9
རྒྱལ་ཁབ་ཀྱི་ དུས་རབས་ལས་བཅད་དེ་ བརྡ་ལམ་གྱི་ནང་དུ་གནས་ཚུལལས་འགུལ་གྱི་དོན་ལུ་ རྫོང ཉེན་སྲུང་གི་ཚ་གྱང་ཚུ་ འཐུས་ཀྱི་གཞི་བཀོད་དང་ བརྡ་ལམ་གྱི་ནང་དུ་གནས་ཚུལ འགྱོ་དོ་ཡོདཔ་ཨིན་པས།,170,43
རྒྱལ་ཁབ་ཀྱི་ ཐིམ་ཕུ དུས་རབས་ལས་བཅད་དེ་ དྲིན་ཆེན་སྒང་གི་ བརྡ་ལམ་གྱི་ནང་དུ་གནས་ཚུལ,80,21
བླམ་ཚེ་རིང་དབང་འདུས་ལུ་ གཞུང་འབྲེལ་ཐོག་ལས་ ངོ་སྦྱོར་ཡི་གུ་གནང་ཡོདཔ།,67,16
སྟོན་པ་རྡོར་གདན་མའི་ སྤུ་ན་ཁ དད་ཅན་སྐྱེས་བོ་རྣམས་ཀྱི་ དཔལ་མི་དབང་མངའ་བདག་རིན་པོ་ཆེའི་ བརྡ་ལམ་གྱི་ནང་དུ་གནས་ཚུལ བཞེངས་གནང་ནི་ཨིན་པའི་ འབྲུག་པ བསྣམས་ཡོད་པའི་གནས་ཚུལ།,163,41
འབྲུག་གི་རྒྱལ་ས་ལྟེ་བ་ བརྡ་ལམ་གྱི་ནང་དུ་གནས་ཚུལདད་ཅན་སྐྱེས་བོ་རྣམས་ཀྱི་ ཀརྨ དཔལ་མི་དབང་མངའ་བདག་རིན་པོ་ཆེའི་ དཔལ་ལྡན་འབྲུག་པའི་ བརྡ་ལམ་གྱི་ནང་དུ་གནས་ཚུལབསྣམས་ཡོད་པའི་གནས་ཚུལ།,173,42
མི་དབང་མཆོག་གིས་ མཐོ་རིམ་ཤེས་ཚད་མཐར་འཁྱོལ་གྱི་ མཛད་སྒོ་ཐེངས་༡༦ པའི་ནང་ དབུ་བཞུགས།,81,19
བུམ་ཐང་ལུ་ སོ་ནམ་བཟའ་ཆས་སྲིད་བྱུས་ཐོག་ལུ་ ཞལ་འཛོམས་འཚོགས་ཡོདཔ།,62,15
༉ སོ་ནམ་དང་སྒོ་ནོར་ལྷན་ཁག་གིས་ བུམ་ཐང་ལུ་སྦེ་ ཉིནནམ་གསུམ་གྱི་ རྒྱལ་ཡོངས་ཞལ་འཛོམས་ཅིག་འཚོགས་ཡོདཔ་ད་ དེ་ཡང་ སོ་ནམ་བཟའ་ཆས་རིམ་ལུགས་ཀྱི་ བསྒྱུར་བཅོས་དང་འབྲེལ་བའི་ འབད་རྩོལ་ཐོག་ལུ་ དམིས་གཏད་བསྐྱེད་དེ་ སྲིད་བྱུས་བཟོ་ནི་དོན་ལུ་ཨིན་པས།,227,54
གཙོ་རིམ་ཅན་གྱི་གནད་དོན་ཚུ་ བརྡ་ལམ་གྱི་ནང་དུ་གནས་ཚུལསྤྱི་ཟླ་༣ གནམ་འདུས་བཞིན་དུ རྒྱ་སྐྱེད་ངོ་ཚབ་ པའི་ བརྡ་ལམ་གྱི་ནང་དུ་གནས་ཚུལཐབས་བྱུས་ཀྱི་གདམ་ཁ་ ཨེ་མ་དར་ཚི ཚོང་འབྲེལ་འགོ་དཔོན་ཡོདཔ་ཨིན་པས།,186,47
གཙོ་རིམ་ཅན་གྱི་གནད་དོན་ཚུ་ ཞིབ་འཚོལ་བ་དང་ བརྡ་ལམ་གྱི་ནང་དུ་གནས་ཚུལརྒྱ་སྐྱེད་ངོ་ཚབ་ ཤེས་ཡོན པའི་ འདི་ཚུ་ལག་ལེན་ཚུལ་བཞིན་འཐབ་ཚུགས་ཐབས་ལུ་ བརྡ་ལམ་གྱི་ནང་དུ་གནས་ཚུལཚོང་འབྲེལ་འགོ་དཔོན་ཡོདཔ་ཨིན་པས།,191,47
གཙོ་རིམ་ཅན་གྱི་གནད་དོན་ཚུ་ ཧི་མ་ལ་ཡ ཞིབ་འཚོལ་བ་དང་ བཅའ་མར་གཏོགས་མི་ཚུ་གི་ཁ་ཐུག་ལས་ བརྡ་ལམ་གྱི་ནང་དུ་གནས་ཚུལཔའི་ ཐིམ་ཕུ འདི་ཚུ་ལག་ལེན་ཚུལ་བཞིན་འཐབ་ཚུགས་ཐབས་ལུ་ བཤད་ཡོདཔ་ཨིན་པས།,175,47
ང་བཅས་ལུ་ཡོད་པའི་་འཆར་གཞི་ཚུ་ བརྡ་ལམ་གྱི་ནང་དུ་གནས་ཚུལཞིབ་འཚོལ་བ་དང་ འབྲུག བཅའ་མར་གཏོགས་མི་ཚུ་གི་ཁ་ཐུག་ལས་ བཤད་པའི་ཁར་ བརྡ་ལམ་གྱི་ནང་དུ་གནས་ཚུལའདི་ཚུ་ལག་ལེན་ཚུལ་བཞིན་འཐབ་ཚུགས་ཐབས་ལུ་ ཉེས་ཚོགས བཤད་ཡོདཔ་ཨིན་པས།,208,53
ང་བཅས་ལུ་ཡོད་པའི་་འཆར་གཞི་ཚུ་ བཟོ་ནིའི་འགན་ཁུར་དང་བཅས་ བརྡ་ལམ་གྱི་ནང་དུ་གནས་ཚུལ བཅའ་མར་གཏོགས་མི་ཚུ་གི་ཁ་ཐུག་ལས་ མོག་མོག བཤད་པའི་ཁར་ དེ་ལས་ བརྡ་ལམ་གྱི་ནང་དུ་གནས་ཚུལབཤད་ཡོདཔ་ཨིན་པས།,179,47
སྤུ་ན་ཁ་ ཁུ་རུ་ཀུན་ཕན་ཟམ་གསརཔ་ འགོ་འབྱེད་འབད་ཡོདཔ།,50,13
༉ སྤུ་ན་ཁ་ ཁུ་རུ་ཀུན་ཕན་ཟམ་གསརཔ་བཟོ་སྐྲུན་འབད་མི་དེ་ གཞི་རྟེན་མཁོ་ཆས་དང་ སྐྱེལ་འདྲེན་བློན་པོ་ཅན་དར་བྷ་དུར་གུ་རུང་དང་ རྒྱ་གར་གཞུང་ཚབ་ སཱན་དིབ་ཨར་ཡ་གཉིས་ཀྱིས་ འགོ་འབྱེད་འབད་ཡོདཔ་ཨིན་པས།,183,47
ལུ་ རྩོམ་རིག འབད་བ་ཅིན་ གློག་མེ་ལ་སོགས་པའི་ བརྡ་ལམ་གྱི་ནང་དུ་གནས་ཚུལ ལུ་ གནམ་འདུས་བཞིན་དུ ལྟ་བཤལཔ་ འགོ་འབྱེད་འབད་ཡོདཔ་ཨིན་པས།,125,31
རིང་ཚད་མི་ཊར་༡༠༠ བརྡ་ལམ་གྱི་ནང་དུ་གནས་ཚུལའབད་བ་ཅིན་ ཧི་མ་ལ་ཡ གློག་མེ་ལ་སོགས་པའི་ བཟོ་སྐྲུན་འབད་ཡོདཔ་ཨིན་པས།,107,29
ཟམ་དེ་གིས་ བརྡ་ལམ་གྱི་ནང་དུ་གནས་ཚུལལྟ་བཤལཔ་ བདེ་སྨིན འགོ་འབྱེད་འབད་ཡོདཔ་ཨིན་པས།,79,19
རིང་ཚད་མི་ཊར་༡༠༠ བཟོ་སྐྲུན་འབད་ཡོདཔ་ད་ བརྡ་ལམ་གྱི་ནང་དུ་གནས་ཚུལགློག་མེ་ལ་སོགས་པའི་ ཚེས་བཅུ བཟོ་སྐྲུན་འབད་ཡོདཔ་ཨིན་པས།,117,29
ཟམ་དེ་གིས་ སྟབས་ཅིག་ལུ་ བརྡ་ལམ་གྱི་ནང་དུ་གནས་ཚུལའགོ་འབྱེད་འབད་ཡོདཔ་ཨིན་པས།,74,18
རིང་ཚད་མི་ཊར་༡༠༠ དགྲ་ཁྲོད་ཕུག བཟོ་སྐྲུན་འབད་ཡོདཔ་ད་ འབད་མི་ཟམ་དེ་ བརྡ་ལམ་གྱི་ནང་དུ་གནས་ཚུལབཟོ་སྐྲུན་འབད་ཡོདཔ་ཨིན་པས།,116,29
གཞལམ་སྒང་ལུ་ དབུལ་ཕོངས་ཀྱི་ཚད་གཞི་མར་བབས་སོང་རུང་ འདྲ་མཉམ་མེད་པའི་གནས་ཚད་ཡར་སེང་།,81,21
༉ གཞལམ་སྒང་ལུ་ འདྲ་མཉམ་གྱི་གནས་སྟངས་ནང་ ཆ་མཚུངས་མེད་མི་གིས་ སྤྱི་ལོ་༢༠༢༢ ནང་༠.༣༢ ལས་ སྤྱི་ལོ་༢༠༢༥ ནང་༠.༣༦ གུ་ལུ་ཡར་སེང་སོང་ཡོདཔ་ད་ དེ་གིས་ དབུལ་ཕོངས་ཀྱི་ཚད་གཞི་དེ་ བརྒྱ་ཆ་༤.༣ གུ་ལུ་ལྷོད་ཡོད་པའི་ བརྡ་མཚོན་སྟོནམ་ཨིན་པས།,217,54
"གཞལམ་སྒང་ལུ་ ཀརྨ མེ་ཊིག་ཊོན་༡,༥༥༥ ནང་མེ་ཊིག་ཊོན་༡,༧༧༨ བརྡ་ལམ་གྱི་ནང་དུ་གནས་ཚུལ མར་བབས་འགྱོ་དོ་ཡོདཔ་སྦེ་ཨིན་པས།",110,28
རྫོང་ཁག་ནང་ བརྡ་ལམ་གྱི་ནང་དུ་གནས་ཚུལ ཧ་ལམ་སྤྱང་ཤོས་དང་ འབྲུག མཁོ་སྤྲོད་འབད་མི་གིས་ ད་རེས་ནངས་པར་ བརྡ་ལམ་གྱི་ནང་དུ་གནས་ཚུལམ་འོངས་པའི་ནང་ འབྲུག་གི་གནས་ཚུལ དེ་འཕྲོ་ལས་བསལ་དགོཔ་འདུག་ཟེར་ཨིན་པས།,189,48
རྫོང་ཁག་ནང་ ཤེས་ཡོན་དེ་ཅིག་ར་མེད་མི་ཚུ་ནང་ བརྡ་ལམ་གྱི་ནང་དུ་གནས་ཚུལམཁོ་སྤྲོད་འབད་མི་གིས་ པདྨ ད་རེས་ནངས་པར་ འདྲ་མཉམ་གྱི་གནས་སྟངས་ནང་ བརྡ་ལམ་གྱི་ནང་དུ་གནས་ཚུལདེ་འཕྲོ་ལས་བསལ་དགོཔ་འདུག་ཟེར་ཨིན་པས།,192,49
ཀླད་སྐོར་དེ་གིས་ ཡར་དྲག་སོང་ཡོདཔ་སྦེ་ཨིན་པས།,44,11
ཤེས་ཡོན་ཅན་དང་ བརྡ་ལམ་གྱི་ནང་དུ་གནས་ཚུལཔའི་ནང་ འཕྲུལ་ལས གསོ་བའི་ཁྱབ་ཚད་ཡར་དྲག་སོང་ཡོདཔ་ད་ བརྒྱ་ཆ་༤༡.༤ བརྡ་ལམ་གྱི་ནང་དུ་གནས་ཚུལཀླད་སྐོར་དེ་གིས་ ཕྱུག་མ ཡར་དྲག་སོང་ཡོདཔ་སྦེ་ཨིན་པས།,177,45
ཤེས་ཡོན་ཅན་དང་ གྲོང་གསེབ་མི་འཚེའི་གནས་སྟངས་ལས་རིམ་ལུ་ བརྡ་ལམ་གྱི་ནང་དུ་གནས་ཚུལ གསོ་བའི་ཁྱབ་ཚད་ཡར་དྲག་སོང་ཡོདཔ་ད་ གཞུང་རྒྱུན བརྒྱ་ཆ་༤༡.༤ ཤེས་ཡོན་ཡར་དྲག་ བརྡ་ལམ་གྱི་ནང་དུ་གནས་ཚུལ ཡར་དྲག་སོང་ཡོདཔ་སྦེ་ཨིན་པས།,204,52
སྤྱི་ཚོགས་ནང་ ཨམ་་སྲུ་འཐུས་མི་ མར་བབས་སོང་མི་ལུ་ བཙག་འཐུའི་བྱ་རིམ་ གཞི་སྒྱུར་འབད་དགོ་པའི་ གྲོས་དོན།,99,23
༉ རྒྱལ་ཁབ་ནང་ མི་རློབས་ཕྱེད་ལྷགཔ་ཅིག་ ཨམ་སྲུ་ཡོད་རུང་ སྲིད་དོན་པའི་འགོ་ཁྲིད་ཐོག་ལུ་ལྷོདཔ་ད་ ཨམ་སྲུ་དེ་ཅིག་ཐོན་ནི་མེད་མི་གིས་ སྤྱི་ཚོགས་ཀྱི་གནས་རིམ་ནང་ གྱངས་ཁ་དེ་ དམའ་ཤོས་སྦེ་ར་ ལུས་ཏེ་ཡོདཔ་ཨིན་པས།,196,49
རྒྱལ་ཡོངས་ཚོགས་སྡེའི་ནང་ བརྡ་ལམ་གྱི་ནང་དུ་གནས་ཚུལབྱིན་དོ་ཡོད་པའི་ཁར་ ཆོག་མི་སྡུད སྤྱི་ལོ་༢༠༡༨ འཐུས་མི་༧ བརྡ་ལམ་གྱི་ནང་དུ་གནས་ཚུལཨམ་སྲུ་གི་འཐུས་མི་དེ་ འབད་དགོས་ སླབ་ཡོདཔ་ཨིན་པས།,176,43
རྒྱལ་ཡོངས་ཚོགས་སྡེའི་ནང་ ཨམ་སྲུ་དང་ བརྡ་ལམ་གྱི་ནང་དུ་གནས་ཚུལསྤྱི་ལོ་༢༠༡༨ དཀྱིལ་ར འཐུས་མི་༧ དངུལ་འབྲེལ་སེམས་ཤུགས་མཐུན་རྐྱེན་གྱི་ བརྡ་ལམ་གྱི་ནང་དུ་གནས་ཚུལསླབ་ཡོདཔ་ཨིན་པས།,168,39
རྒྱལ་ཡོངས་ཚོགས་སྡེའི་ནང་འབད་རུང་ བརྡ་ལམ་གྱི་ནང་དུ་གནས་ཚུལསྤྱི་ཚོགས་ནང་ བུམ་ཐང འཐུས་མི་༤༧ ༉ བརྡ་ལམ་གྱི་ནང་དུ་གནས་ཚུལདམའ་ཤོས་སྦེ་ར་ དབྱེ་གཞི བཙག་འཐུ་གྲུབ་མ་ཚུགསཔ་ཨིན་པས།,167,41
རྒྱལ་ཡོངས་ཚོགས་སྡེའི་ནང་འབད་རུང་ བཙག་འཐུ་གྲུབ་མི་ཚུ་ལུ་ བརྡ་ལམ་གྱི་ནང་དུ་གནས་ཚུལའཐུས་མི་༤༧ གར་རྩལ ༉ སྲིད་དོན་ནང་ བརྡ་ལམ་གྱི་ནང་དུ་གནས་ཚུལ,137,35
ཐིམ་ཕུག་ཁྲོམ་སྡེ་གིས་ ཁྲིམས་བརྒལ་ཐོག་ལས་ ཕྱགས་སྙིགས་ག་ལྷོད་བཀོག་མི་ ངོ་རྐྱང་༢༩ ལུ་ ཉེས་བྱ་བཀལ་ཡོདཔ།,99,23
༉ ཐིམ་ཕུག་ཁྲོམ་སྡེའི་ འཁོར་ལམ་དང་ གཙང་ཆུ་ དེ་ལས་ མི་མང་འཛོམས་སའི་ ས་ཁོངས་ཚུ་ནང་ ཁྲིམས་བརྒལ་ཐོག་ལས་ ཕྱགས་སྙིགས་བཀོག་མི་ གྱངས་ཁ་ཡར་སེང་སོང་མི་དང་འབྲེལ་ ཐིམ་ཕུག་ཁྲོམ་སྡེ་གིས་ ཉེས་བྱ་བཀལ་ནི་ ལམ་ལུགས་ཅིག་ འགོ་བཙུགས་ཏེ་ ཡོདཔ་ཨིན་པས།,226,54
ཐིམ་ཕུག་ལུ་སྡོད་མི་ཅིག་གིས་ བརྡ་ལམ་གྱི་ནང་དུ་གནས་ཚུལཕྱགས་སྙིགས་འཛིན་སྐྱོང་བཅའ་ཡིག་དང་འཁྲིལ་ འཆར་སྤྱོད ཐིམ་ཕུག་ཁྲོམ་སྡེའི་ ཡང་བསྐྱར་དུ་ བརྡ་ལམ་གྱི་ནང་དུ་གནས་ཚུལས་ཁོངས་ཁག་ལས་ཕར་ བདེ་ཐང་དཀར་ཆགས འབོ་བཀུག་འབད་དོ་ཡོདཔ་ཨིན་པས།,219,52
ཐིམ་ཕུག་ལུ་སྡོད་མི་ཅིག་གིས་ བསྡུ་ལེན་འབད་ཡོདཔ་ཨིན་པས།,53,13
ཉེས་བྱ་བཀལ་ནིའི་ བརྡ་ལམ་གྱི་ནང་དུ་གནས་ཚུལཐིམ་ཕུག་ཁྲོམ་སྡེའི་ དགེ་འདུན་པ ཡང་བསྐྱར་དུ་ ཁྲོམ་སྡེ་ལྟེ་བའི་ས་ཁོངས་ཚུ་ནང་ བརྡ་ལམ་གྱི་ནང་དུ་གནས་ཚུལའབོ་བཀུག་འབད་དོ་ཡོདཔ་ཨིན་པས།,168,41
ཐིམ་ཕུག་ལུ་སྡོད་མི་ཅིག་གིས་ དགོན་པ བསྡུ་ལེན་འབད་ཡོདཔ་ཨིན་པས།,60,15
ཉེས་བྱ་བཀལ་ནིའི་ ལས་རིམ་གལ་ཅན་ཚུ་ཡང་ བརྡ་ལམ་གྱི་ནང་དུ་གནས་ཚུལཡང་བསྐྱར་དུ་ དབང་འདུས ཁྲོམ་སྡེ་ལྟེ་བའི་ས་ཁོངས་ཚུ་ནང་ ཁེ་ཕན་འབྱུང་ནི་ཨིནམ་མ་ཚད་ བརྡ་ལམ་གྱི་ནང་དུ་གནས་ཚུལབསྡུ་ལེན་འབད་ཡོདཔ་ཨིན་པས།,189,48
"དེ་མ་ཚད་ བརྡ་ལམ་གྱི་ནང་དུ་གནས་ཚུལབཙུགས་པའི་ཁར་ རྫོང་ཁ ཉེས་བྱ་དངུལ་ཀྲམ་༤༡,༢༥༠ སེལ་ཐབས་ལུ་ བརྡ་ལམ་གྱི་ནང་དུ་གནས་ཚུལབཙུགས་པའི་སྐབས་ གླུ་དབྱངས ཡར་འཕར་སོང་མི་ཚུ་ཨིན་པས།",163,40
"དེ་མ་ཚད་ བསྟར་སྤྱོད་འབད་ནི་ལུ་ བརྡ་ལམ་གྱི་ནང་དུ་གནས་ཚུལ ཉེས་བྱ་དངུལ་ཀྲམ་༤༡,༢༥༠ ཚེས་བཅུ སེལ་ཐབས་ལུ་ ཕྱགས་སྙིགས་བཀོག་ས་ བརྡ་ལམ་གྱི་ནང་དུ་གནས་ཚུལཡར་འཕར་སོང་མི་ཚུ་ཨིན་པས།",166,42
སྨན་གཡོགམ་གི་མཐོ་རིམ་མཐར་འཁྱོལ་མི་ ལེ་ཤ་ཡོད་རུང་ མཁོ་འདོད་བཀོད་མི་ མང་སུ་ཐོན་དོ་ཡོདཔ།,85,21
༉ རྒྱལ་ཁབ་ནང་ སྨན་གཡོགམ་གི་སྦྱོང་བརྡར་ལས་རིམ་གྱིས་ གསོ་བའི་ཁྱད་རིག་རྒྱ་སྐྱེད་འབད་དེ་ར་ཡོདཔ་ད་ དེ་ཁར་ ན་གཞོན་སྤྲོ་བ་སྐྱེད་མི་དང་ མཐོ་རིམ་མཐར་འཁྱོལ་མིའི་ གྱངས་ཁ་མང་སུ་ཐོན་དོ་ཡོདཔ་ལས་ དེ་གིས་ གསོ་བའི་མཐའ་སྐྱོང་ནང་ ལེགས་འཆར་ཅིག་ཨིན་པས།,231,57
སྤྱི་ལོ་༢༠༢༥ བརྡ་ལམ་གྱི་ནང་དུ་གནས་ཚུལམཐར་འཁྱོལ་ཡོདཔ་ སྟག་ཚང སྤྱི་ལོ་༢༠༢༥ སྨན་གཡོགམ་གི་ བརྡ་ལམ་གྱི་ནང་དུ་གནས་ཚུལ ཁྱད་རིག་འདི་ནང་ དབྱེ་གཞི ཡར་སེང་འགྱོ་དོ་ཡོདཔ་སྦེ་ཨིན་པས།,168,41
སྤྱི་ལོ་༢༠༢༥ ཡར་སེང་སོང་ཡོདཔ་ད་ བརྡ་ལམ་གྱི་ནང་དུ་གནས་ཚུལ སྤྱི་ལོ་༢༠༢༥ དར་ལྡན སྨན་གཡོགམ་གི་ མཐར་འཁྱོལ་ཡོདཔ་ད་ བརྡ་ལམ་གྱི་ནང་དུ་གནས་ཚུལཡར་སེང་འགྱོ་དོ་ཡོདཔ་སྦེ་ཨིན་པས།,164,41
སྤྱི་ལོ་༢༠༢༥ ལས་བཟོ ཡར་སེང་སོང་ཡོདཔ་ད་ གྱངས་ཁ་མང་སུ་ཐོན་དོ་ཡོདཔ་ལས་ བརྡ་ལམ་གྱི་ནང་དུ་གནས་ཚུལསྨན་གཡོགམ་གི་ དབྱེ་ཞིབ མཐར་འཁྱོལ་ཡོདཔ་ད་ སློབ་དུས་ནང་ཡོདཔ་ཨིན་པས།,157,39
འབྲུག་ཨེ་པོ་ལོ་སྨན་གཡོགམ་གཙུག་ལག་གིས་ བརྡ་ལམ་གྱི་ནང་དུ་གནས་ཚུལཡར་སེང་སོང་ཡོདཔ་ད་ འབྲུག གྱངས་ཁ་མང་སུ་ཐོན་དོ་ཡོདཔ་ལས་ སློབ་ཕྲུག་༡༢ བརྡ་ལམ་གྱི་ནང་དུ་གནས་ཚུལམཐར་འཁྱོལ་ཡོདཔ་ད་ ཆེད་གཞི སློབ་དུས་ནང་ཡོདཔ་ཨིན་པས།,203,50
འབྲུག་ཨེ་པོ་ལོ་སྨན་གཡོགམ་གཙུག་ལག་གིས་ སྤྱི་ལོ་༢༠༢༣ བརྡ་ལམ་གྱི་ནང་དུ་གནས་ཚུལགྱངས་ཁ་མང་སུ་ཐོན་དོ་ཡོདཔ་ལས་ བླ་མ སློབ་ཕྲུག་༡༢ ༢༩༩ བརྡ་ལམ་གྱི་ནང་དུ་གནས་ཚུལསློབ་དུས་ནང་ཡོདཔ་ཨིན་པས།,174,44
འདི་དང་གཅིག་ཁར་ བརྡ་ལམ་གྱི་ནང་དུ་གནས་ཚུལསྦེ་ མདའ་རྩེད སྤྱི་ལས་༢༠༢༤ ཨེ་པོ་ལོ་གིས་ བརྡ་ལམ་གྱི་ནང་དུ་གནས་ཚུལསྤྱི་ལོ་༢༠༢༥ བླ་མ ཡོད་ཟེར་ཨིན་པས།,138,35
འདི་དང་གཅིག་ཁར་ གཞུང་གི་ལཱ་གཡོག་ནང་བཙུགས་ཡོདཔ་ད་ བརྡ་ལམ་གྱི་ནང་དུ་གནས་ཚུལསྤྱི་ལས་༢༠༢༤ འབྲུག་གི་གནས་ཚུལ ཨེ་པོ་ལོ་གིས་ བསུབས་ཐབས་ལུ་ བརྡ་ལམ་གྱི་ནང་དུ་གནས་ཚུལཡོད་ཟེར་ཨིན་པས།,170,42
འདི་དང་གཅིག་ཁར་ དགོན་པ གཞུང་གི་ལཱ་གཡོག་ནང་བཙུགས་ཡོདཔ་ད་ དེ་ཅིག་ བརྡ་ལམ་གྱི་ནང་དུ་གནས་ཚུལཨེ་པོ་ལོ་གིས་ འབྲུག་འཕྲིན་གླིང་ བསུབས་ཐབས་ལུ་ དང་༢༠༢༧ བརྡ་ལམ་གྱི་ནང་དུ་གནས་ཚུལགཞུང་གི་ལཱ་གཡོག་ནང་བཙུགས་ཡོདཔ་ད་ དགེ་འདུན་པ དེ་ཅིག་ ལྷོད་ཡོདཔ་སྦེ་ཨིན་པས།,239,58
སྤེལ་ཁང་གི་ བརྡ་ལམ་གྱི་ནང་དུ་གནས་ཚུལབསུབས་ཐབས་ལུ་ ཁྱི དང་༢༠༢༧ གི་ནང་འཁོད་ལུ་ བརྡ་ལམ་གྱི་ནང་དུ་གནས་ཚུལདེ་ཅིག་ ཉེས་ཚོགས ལྷོད་ཡོདཔ་སྦེ་ཨིན་པས།,139,34
"སྤེལ་ཁང་གི་ ལུ་༡,༨༣༨ བརྡ་ལམ་གྱི་ནང་དུ་གནས་ཚུལ དང་༢༠༢༧ ཀརྨ གི་ནང་འཁོད་ལུ་ འདི་ཚུ་ངོས་ལེན་ལེགས་ཤོམ་ཡོད་པའི་ བརྡ་ལམ་གྱི་ནང་དུ་གནས་ཚུལལྷོད་ཡོདཔ་སྦེ་ཨིན་པས།",151,38
ལྕང་ཤིང་སྤེག་-ན་གླིང་གི་ ས་གནས་ས་ཁོངས་འཆར་གཞི་དེ་ མཐའ་བཅད་གུ་ལྷོད་ཡོདཔ།,71,18
༉ མོང་སྒར་རྫོང་ཁག་ ལྕང་ཤིང་སྤེག་དང་ ན་གླིང་བར་ན་གི་ ས་གནས་ས་ཁོངས་འཆར་གཞི་དེ་ མཇུག་བསྡུ་རན་ཁར་ལྷོད་དེ་ཡོདཔ་ད་ དེ་ཡང་ ཡུན་རིངམོ་སྦེ་ར་ བསྒུགས་སྡོད་པའི་ཤུལ་ལུ་ ཐོབ་ཡོདཔ་ཨིན་པས།,173,44
མོང་སྒར་རྫོང་བདག་གིས་ བརྡ་ལམ་གྱི་ནང་དུ་གནས་ཚུལལས་ལྷག་སྟེ་ཚུད་པ་ཅིན་ འབད་དགོས་ པའི་ཚེས་༡༥ མི་མང་དང་གཅིག་ཁར་ བརྡ་ལམ་གྱི་ནང་དུ་གནས་ཚུལཁྲོམ་གྱི་གཡུས་ཚན་ གྲོང་ཚོ མཇུག་མ་བསྡུ་བར་ཡོདཔ་ཨིན་པས།,184,46
མོང་སྒར་རྫོང་བདག་གིས་ གཙུག་སྡེའི་ས་ཚན་ཚུ་ བརྡ་ལམ་གྱི་ནང་དུ་གནས་ཚུལཔའི་ཚེས་༡༥ མོག་མོག མི་མང་དང་གཅིག་ཁར་ གལ་སྲིད་ བརྡ་ལམ་གྱི་ནང་དུ་གནས་ཚུལམཇུག་མ་བསྡུ་བར་ཡོདཔ་ཨིན་པས།,163,41
གཞི་རྟེན་དང་སྐྱེལ་འདྲེན་ལྷན་ཁག་འོག་ལུ་ བརྡ་ལམ་གྱི་ནང་དུ་གནས་ཚུལལས་འགུལ་ཆ་འཇོག་གནངམ་དང་འབྲེལ་ ཧི་མ་ལ་ཡ འབད་དགོཔ་སྦེ་ རྫོང་ཁག་བདག་སྐྱོང་གིས་ བརྡ་ལམ་གྱི་ནང་དུ་གནས་ཚུལཁྲོམ་ལམ་གློག་མེ་ ཀརྨ འབད་ནི་ཨིན་པས།,198,49
གཞི་རྟེན་དང་སྐྱེལ་འདྲེན་ལྷན་ཁག་འོག་ལུ་ པའི་ནང་སའི་ཇོ་བདག་ཚུ་དང་ བརྡ་ལམ་གྱི་ནང་དུ་གནས་ཚུལའབད་དགོཔ་སྦེ་ རྫོང་ཁ རྫོང་ཁག་བདག་སྐྱོང་གིས་ སྤྲ་གླིང་ལས་ བརྡ་ལམ་གྱི་ནང་དུ་གནས་ཚུལ འབད་ནི་ཨིན་པས།,184,46
མོང་སྒར་རྫོང་བདག་ བརྡ་ལམ་གྱི་ནང་དུ་གནས་ཚུལམཐའ་བཅད་ཀྱི་གྲོས་བསྟུན་ཚུ་འབད་ཡོདཔ་ད་ བླ་མ ད་ལྟོ་མཁོ་གལ་ཅན་གྱི་ཚོད་རྩིས་ཚུ་ ལག་ལེན་བསྟར་སྤྱོད་མ་འབད་བའི་ཧེ་མར་ བརྡ་ལམ་གྱི་ནང་དུ་གནས་ཚུལཁོང་གིས་ ཁྱི ཐོབ་ཡོདཔ་ཨིན་པས།,206,52
མོང་སྒར་རྫོང་བདག་ རྫོང་ཁག་བདག་སྐྱོང་གིས་ བརྡ་ལམ་གྱི་ནང་དུ་གནས་ཚུལད་ལྟོ་མཁོ་གལ་ཅན་གྱི་ཚོད་རྩིས་ཚུ་ གནམ་འདུས་བཞིན་དུ ལག་ལེན་བསྟར་སྤྱོད་མ་འབད་བའི་ཧེ་མར་ བསྒུགས་སྡོད་པའི་ཤུལ་ལུ་ བརྡ་ལམ་གྱི་ནང་དུ་གནས་ཚུལཐོབ་ཡོདཔ་ཨིན་པས།,214,52
འཛམ་གླིང་དམག་འཐབ་བྲེལ་ཟིང་དང་ ནང་འཁོད་ཅ་ཆས་དང་ཞབས་ཏོག་ཁྲལ་གྱིས་ སྐྱ་ནམ་གོང་ཚད་ཡར་སེང་ འགྱོ་དོ་ཡོདཔ།,99,25
༉ འབྲུག་རྒྱལ་ཁབ་འདི་ སྤྱི་ལོ་༢༠༢༦ ནང་ པར་སི་ཡན་གཱོལཕ་བྲེལ་ཟིང་གིས་ གནོད་ཉེན་འབྱུང་ནི་འགོ་བཙུགས་ཡོདཔ་ད་ འཛམ་གླིང་གཅིག་འགྱུར་ནང་ ནུས་ཤུགས་ནང་ དགོས་མཁོ་ དེ་ལས་ བཟའ་ཆས་ཀྱི་རིམ་ལུགས་ལུ་ ཐོ་ཕོག་མི་གིས་ རྒྱལ་ཁབ་ཀྱི་དཔལ་འབྱོར་ལུ་གནོད་པ་བྱུང་ནི་ཨིན་པས།,243,58
སྤྱི་ལོ་༢༠༢༦ བརྡ་ལམ་གྱི་ནང་དུ་གནས་ཚུལབཟའ་འཐུང་མེན་པའི་སྐྱ་ནམ་ཚུ་ གནམ་འདུས་བཞིན་དུ འབད་ཡོད་ད་ འཁྲིལ་བ་ཅིན་ བརྡ་ལམ་གྱི་ནང་དུ་གནས་ཚུལཟླ་རིམ་བཞིན་དུ་ གནས་འཁོར གསལ་སྟོན་འབད་ཡོདཔ་ཨིན་པས།,180,44
སྤྱི་ལོ་༢༠༢༦ གི་རྩིས་ བརྡ་ལམ་གྱི་ནང་དུ་གནས་ཚུལ འབད་ཡོད་ད་ སངས་རྒྱས་ཆོས འཁྲིལ་བ་ཅིན་ སོ་ནམ་དང་ བརྡ་ལམ་གྱི་ནང་དུ་གནས་ཚུལགསལ་སྟོན་འབད་ཡོདཔ་ཨིན་པས།,143,36
ཨི་རཱན་ སྐྱེལ་འདྲེན་གྱི་སྣུམ་འཁོར་ཊེང་ཀར་ བརྡ་ལམ་གྱི་ནང་དུ་གནས་ཚུལ འཛམ་གླིང་གི་ ནགས་ཚལ དེ་འཕྲོ་ལས་ ཡར་སེང་སོང་ཡོདཔ་ཨིན་པས།,122,30
འབྲུག་རྒྱལ་ཁབ་བཟུམ་ཅིག་ནང་ བརྡ་ལམ་གྱི་ནང་དུ་གནས་ཚུལ,51,13
ཤར་ཕྱོགས་ཀྱི་ ས་གནས་གཞུང་གི་འགོ་ཁྲིདཔ་ཚུ་ལུ་ ཞི་བའི་མི་སྡེ་ལས་ཚོགས་ཀྱི་ མཁོ་གལ་མང་སུ་དགོ་ནི།,92,24
༉ འབྲུག་ལུ་ཡོད་པའི་ ཞི་བའི་མི་སྡེ་ལས་ཚོགས་ཀྱིས་ ཤེས་རབ་རྩེ་མཐོ་རིམ་སློབ་གྲྭ་ནང་སྦེ་ ཉིནམ་གཅིག་གི་ གོ་བ་བརྡ་སྤྲོད་ཀྱི་ལས་རིམ་ནང་ བཀྲིས་སྒང་ལུ་ཡོད་པའི་ ས་གནས་གཞུང་གི་འགོ་ཁྲིདཔ་དང་ སློབ་ཕྲུག་ཚུ་གིས་ བཅའ་མར་གཏོགས་ཡོདཔ་ཨིན་པས།,221,54
ང་གིས་ བརྡ་ལམ་གྱི་ནང་དུ་གནས་ཚུལབདག་སྐྱོང་འགོ་དཔོན་ མཆོད་རྟེན ས་གནས་གཞུང་གི་འགོ་ཁྲིདཔ་དང་ འབད་ཚུགས་ནི་མས་ཟེར་ཨིན་པས།,115,28
བཀྲིས་སྒང་རྫོང་ཁག་ཚོགས་འདུའི་ཁྲི་འཛིན་དང་ བརྡ་ལམ་གྱི་ནང་དུ་གནས་ཚུལཞི་བའི་མི་སྡེ་ལས་ཚོགས་ཀྱི་སྐོར་ལས་ རྩོམ་རིག ཧ་གོ་ཚུགས་པས་ཟེར་ཨིན་པས།,134,33
ང་གིས་ གཅེས་སྐྱོང་ བརྡ་ལམ་གྱི་ནང་དུ་གནས་ཚུལས་གནས་གཞུང་གི་འགོ་ཁྲིདཔ་དང་ གཡག འབད་ཚུགས་ནི་མས་ཟེར་ཨིན་པས།,101,25
བཀྲིས་སྒང་རྫོང་ཁག་ཚོགས་འདུའི་ཁྲི་འཛིན་དང་ ན་གཞོན་ཚུ་ བརྡ་ལམ་གྱི་ནང་དུ་གནས་ཚུལ ཧ་གོ་ཚུགས་པས་ཟེར་ཨིན་པས།,102,26
ང་གིས་ རྫོང་ཁ གཅེས་སྐྱོང་ ལོག་ཅི་ལོག་ཅི་ར་ བརྡ་ལམ་གྱི་ནང་དུ་གནས་ཚུལའབད་ཚུགས་ནི་མས་ཟེར་ཨིན་པས།,93,24
གཞུང་གིས་ ངང་ལམ་གྱི་ སྨན་ཁང་རྒྱ་སྐྱེད་ མི་འབད་ནི།,49,12
༉ གསོ་བ་ལྷན་ཁག་གིས་ པདྨ་དགའ་ཚལ་ ངང་ལམ་གྱི་ སྨན་ཁང་དེ་ རྒྱ་སྐྱེད་གཏང་ཐོག་ལས་ ཉལ་ཁྲི་༢༠ ལུ་ ཡར་སེང་འབད་ནི་གི་ ལས་རིམ་ཡོད་མི་དེ་ འཆར་གཞི་༡༣ པའི་ ལས་སྣ་ལས་ ཕྱིར་བཏོན་བཏང་ཡོདཔ་ཨིན་པས།,178,47
ས་བསླང་རྟེན་འབྲེལ་འབད་ཡོདཔ་ཨིན་པས།,34,8
མེ་རག་གི་ ཨེ་ཏོག་མེ་ཏོག་དུས་སྟོན་གྱིས་ མགྲོན་སྐྱོང་ཁང་ལུ་ ཁེ་ཕན་སྦོམ་བྱུང་ཡོདཔ།,79,19
"དེ་ཡང་ཞག་རེ་ནང་ ཆོག་མི་སྡུད འབད་བ་ཅིན་ གི་བར་ན་བཟོ་ཡོདཔ་ད་ བརྡ་ལམ་གྱི་ནང་དུ་གནས་ཚུལ འོང་འབབ་དངུལ་ཀྲམ་༡༥༠,༠༠༠ དབྱེ་ཞིབ ན་ཧིང་ལས་ དེ་ཅིག་འཛོམས་ཡོདཔ་ཨིན་པས།",153,40
འགྲོ་འགྲུལ་འབད་དེ་འོང་མི་མང་ཤོས་ཅིག་གིས་ བརྡ་ལམ་གྱི་ནང་དུ་གནས་ཚུལའབད་བ་ཅིན་ སྤུ་ན་ཁ གི་བར་ན་བཟོ་ཡོདཔ་ད་ ཁང་ཚན་ཚུ་ བརྡ་ལམ་གྱི་ནང་དུ་གནས་ཚུལན་ཧིང་ལས་ ཉེས་ཚོགས དེ་ཅིག་འཛོམས་ཡོདཔ་ཨིན་པས།,182,48
འགྲོ་འགྲུལ་འབད་དེ་འོང་མི་མང་ཤོས་ཅིག་གིས་ རྐང་པ་ར་དེ་ལྷོ་དང་ བརྡ་ལམ་གྱི་ནང་དུ་གནས་ཚུལགི་བར་ན་བཟོ་ཡོདཔ་ད་ བུམ་ཐང ཁང་ཚན་ཚུ་ ཁེ་ཕན་འབྱུང་དོ་ཡོདཔ་ད་ བརྡ་ལམ་གྱི་ནང་དུ་གནས་ཚུལདེ་ཅིག་འཛོམས་ཡོདཔ་ཨིན་པས།,193,51
ན་ཧིང་གི་ལོ་ལུ་འབད་བ་ཅིན་ བརྡ་ལམ་གྱི་ནང་དུ་གནས་ཚུལ བཀོད་རྒྱ་དེ་ཡང་ དབང་འདུས བཤད་མིའི་ནང་ ལྟ་བར་འོངམ་མས་ཟེར་ཨིན་པས།,114,31
སྤྱི་ལོ་༢༠༡༥ བརྡ་ལམ་གྱི་ནང་དུ་གནས་ཚུལན་ཧིང་གི་ལོ་ལུ་ ཕྱུག་མ བཞི་དེ་རེ་ཡོདཔ་ཨིན་པས།,82,22
ན་ཧིང་གི་ལོ་ལུ་འབད་བ་ཅིན་ ལོག་ལྟབ་སྦེ་ཡར་སེང་སོང་ཡོདཔ་ད་ བརྡ་ལམ་གྱི་ནང་དུ་གནས་ཚུལ བཤད་མིའི་ནང་ འབྲུག ལྟ་བར་འོངམ་མས་ཟེར་ཨིན་པས།,126,34
སྤྱི་ལོ་༢༠༡༥ གུང་གཉིས་ཀྱིས་ བརྡ་ལམ་གྱི་ནང་དུ་གནས་ཚུལབཞི་དེ་རེ་ཡོདཔ་ཨིན་པས།,74,18
ན་ཧིང་གི་ལོ་ལུ་འབད་བ་ཅིན་ རྩོམ་རིག ལོག་ལྟབ་སྦེ་ཡར་སེང་སོང་ཡོདཔ་ད་ དུས་ཅི་འབད་རུང་ བརྡ་ལམ་གྱི་ནང་དུ་གནས་ཚུལལྟ་བར་འོངམ་མས་ཟེར་ཨིན་པས།,131,35
སྡོད་མིའི་གླ་འཐུས་ཚུ་ རང་བཞིན་གྱི་མཛེས་ཆ་ལྡན་ཏེ་ཡོད་མི་ཚུ་ བརྡ་ལམ་གྱི་ནང་དུ་གནས་ཚུལཁྱམ་གུང་༣༨༠ ཧི་མ་ལ་ཡ བཀྲིས་དབང་འདུས་ཀྱིས་ ཡོད་ཟེར་ཨིན་པས།,140,36
གྲོང་གསེབ་མགྲོན་སྐྱོང་ཁང་ནང་ བརྡ་ལམ་གྱི་ནང་དུ་གནས་ཚུལསྡོད་མིའི་གླ་འཐུས་ཚུ་ རི་མོ རང་བཞིན་གྱི་མཛེས་ཆ་ལྡན་ཏེ་ཡོད་མི་ཚུ་ ཧ་ཅུང་གདོང་དཀར་ བརྡ་ལམ་གྱི་ནང་དུ་གནས་ཚུལབཀྲིས་དབང་འདུས་ཀྱིས་ དབྱེ་གཞི ཡོད་ཟེར་ཨིན་པས།,203,49
གྲོང་གསེབ་མགྲོན་སྐྱོང་ཁང་ནང་ ཨེ་ཏོག་མེ་ཏོག་གི་ བརྡ་ལམ་གྱི་ནང་དུ་གནས་ཚུལརང་བཞིན་གྱི་མཛེས་ཆ་ལྡན་ཏེ་ཡོད་མི་ཚུ་ ཁྱི ཧ་ཅུང་གདོང་དཀར་ ན་ཧིང་གི་ལོ་ལུ་ བརྡ་ལམ་གྱི་ནང་དུ་གནས་ཚུལཡོད་ཟེར་ཨིན་པས།,183,47
གྲོང་གསེབ་མགྲོན་སྐྱོང་ཁང་ནང་ འཆར་སྤྱོད ཨེ་ཏོག་མེ་ཏོག་གི་ བཟོ་ཚུགས་ཅི་ཟེར་ཨིན་པས།,80,19
ས་གནས་ནང་ བརྡ་ལམ་གྱི་ནང་དུ་གནས་ཚུལཧ་ཅུང་གདོང་དཀར་ རྒྱུ་དཀའ།,59,15
ན་ཧིང་གི་ལོ་ལུ་ ལེགས་ཤོམ་སྦེ་ བརྡ་ལམ་གྱི་ནང་དུ་གནས་ཚུལཨེ་ཏོག་མེ་ཏོག་གི་ མདའ་རྩེད བཟོ་ཚུགས་ཅི་ཟེར་ཨིན་པས།,104,27
ས་གནས་ནང་ སེམས་ཤུགས་བསྐྱེད་དོ་ བརྡ་ལམ་གྱི་ནང་དུ་གནས་ཚུལ ན་ཧིང་གི་ལོ་ལུ་ སངས་རྒྱས་ཆོས ལེགས་ཤོམ་སྦེ་ ལྟ་བཤལ་ལུ་འོང་མི་དང་ བརྡ་ལམ་གྱི་ནང་དུ་གནས་ཚུལབཟོ་ཚུགས་ཅི་ཟེར་ཨིན་པས།,167,43
ས་གནས་ནང་ ཐིམ་ཕུ སེམས་ཤུགས་བསྐྱེད་དོ་ བཟོ་ཚུགས་ཡོདཔ་ཨིན་པས།,59,14
དུས་ཅི་འབད་བ་ཅིན་ བརྡ་ལམ་གྱི་ནང་དུ་གནས་ཚུལལེགས་ཤོམ་སྦེ་ བླ་མ ལྟ་བཤལ་ལུ་འོང་མི་དང་ བཤད་དོ་ཡོདཔ་ད་ བརྡ་ལམ་གྱི་ནང་དུ་གནས་ཚུལསེམས་ཤུགས་བསྐྱེད་དོ་ ཁྱི བཟོ་ཚུགས་ཡོདཔ་ཨིན་པས།,167,42
དུས་ཅི་འབད་བ་ཅིན་ ཁོ་གིས་ བརྡ་ལམ་གྱི་ནང་དུ་གནས་ཚུལལྟ་བཤལ་ལུ་འོང་མི་དང་ དགེ་འདུན་པ བཤད་དོ་ཡོདཔ་ད་ ཨེ་ཏོག་མེ་ཏོག་དུས་སྟོན་གྱི་སྐབས་ལུ་ བརྡ་ལམ་གྱི་ནང་དུ་གནས་ཚུལབཟོ་ཚུགས་ཡོདཔ་ཨིན་པས།,178,46
དུས་ཅི་འབད་བ་ཅིན་ ནགས་ཚལ ཁོ་གིས་ ཤར་ཁ་ཐུག་ལུ་ཡོདཔ་སྦེ་ཨིན་པས།,61,17
བྱང་མགོ་གཡུས་ཚན་ལས་ བརྡ་ལམ་གྱི་ནང་དུ་གནས་ཚུལབཤད་དོ་ཡོདཔ་ད་ མོག་མོག ཨེ་ཏོག་མེ་ཏོག་དུས་སྟོན་གྱི་སྐབས་ལུ་ དུས་ཅི་སྤྱི་ཟླ་༤ བརྡ་ལམ་གྱི་ནང་དུ་གནས་ཚུལཁོ་གིས་ བདེ་ཐང་དཀར་ཆགས ཤར་ཁ་ཐུག་ལུ་ཡོདཔ་སྦེ་ཨིན་པས།,195,51
བྱང་མགོ་གཡུས་ཚན་ལས་ ལྷོད་མི་གིས་ བརྡ་ལམ་གྱི་ནང་དུ་གནས་ཚུལཨེ་ཏོག་མེ་ཏོག་དུས་སྟོན་གྱི་སྐབས་ལུ་ བདེ་ཐང་དཀར་ཆགས དུས་ཅི་སྤྱི་ཟླ་༤ ལྟ་བཤལ་འགོ་དཔོན་གྱིས་ བརྡ་ལམ་གྱི་ནང་དུ་གནས་ཚུལཤར་ཁ་ཐུག་ལུ་ཡོདཔ་སྦེ་ཨིན་པས།,199,51
བྱང་མགོ་གཡུས་ཚན་ལས་ ཉེས་ཚོགས ལྷོད་མི་གིས་ ༉ བརྡ་ལམ་གྱི་ནང་དུ་གནས་ཚུལདུས་ཅི་སྤྱི་ཟླ་༤ དགྲ་ཁྲོད་ཕུག ལྟ་བཤལ་འགོ་དཔོན་གྱིས་ འོང་དོ་ཡོདཔ་ལས་ བརྡ་ལམ་གྱི་ནང་དུ་གནས་ཚུལལྷོད་མི་གིས་ གཞི་འཛུགས ༉ ཧེ་མ་འབད་བ་ཅིན་ བརྡ་ལམ་གྱི་ནང་དུ་གནས་ཚུལ,225,58
རྒྱལ་ཁམས་ས་གཏེར་ལས་འཛིན་གྱིས་ ཆུ་ཞིང་མེད་བཏང་པའི་ཉོགས་བཤད།,58,14
༉ རྒྱལ་ཁམས་ས་གཏེར་ལས་འཛིན་གྱིས་ ས་གཏེར་ནང་ གད་ཚིགས་བཟོ་བའི་སྐབས་ བསམ་གྲུབ་ལྗོངས་མཁར་ ཕུན་ཚོགས་ཐང་རྒེད་འོག་གི་ སོ་ནམ་པ་ཅིག་གིས་ ཁོ་རའི་ཆུ་ཞིང་ མེདཔ་བཏང་ཡོད་པའི་ ཉོགས་བཤད་བཀོད་དེ་ ཡོདཔ་ཨིན་པས།,190,46
བསམ་གྲུབ་ལྗོངས་མཁར་ལུ་ བརྡ་ལམ་གྱི་ནང་དུ་གནས་ཚུལགལ་སྲིད་ ཆུ་སྒྲིག ཐོན་ཤུགས་གཙོ་ཅན་ཅིག་ཨིནམ་ད་ ལས་འཛིན་ བརྡ་ལམ་གྱི་ནང་དུ་གནས་ཚུལརྒྱལ་ཁམས་ས་གཏེར་ལས་འཛིན་གྱིས་ གོ འབད་འོང་ཟེར་ཨིན་པས།,178,43
བསམ་གྲུབ་ལྗོངས་མཁར་ལུ་ ཚ་གྱང་ཡོད་ལུགས་ཚུ་ བརྡ་ལམ་གྱི་ནང་དུ་གནས་ཚུལཐོན་ཤུགས་གཙོ་ཅན་ཅིག་ཨིནམ་ད་ ཁྱི ལས་འཛིན་ དོགས་སེལ་འབད་མིའི་ནང་ བརྡ་ལམ་གྱི་ནང་དུ་གནས་ཚུལའབད་འོང་ཟེར་ཨིན་པས།,172,42
བསམ་གྲུབ་ལྗོངས་མཁར་ལུ་ ཆོས་ལྡན་ ཚ་གྱང་ཡོད་ལུགས་ཚུ་ ཁོ་གི་ཆུ་ཞིང་ནང་ བརྡ་ལམ་གྱི་ནང་དུ་གནས་ཚུལལས་འཛིན་ སྤུ་ན་ཁ དོགས་སེལ་འབད་མིའི་ནང་ ས་གཏེར་གྱི་ བརྡ་ལམ་གྱི་ནང་དུ་གནས་ཚུལཚ་གྱང་ཡོད་ལུགས་ཚུ་ རྫོང་ཁ ཁོ་གི་ཆུ་ཞིང་ནང་ འཛུལ་ནུག་ཟེར་ཨིན་པས།,230,59
ཁོ་གིས་ བརྡ་ལམ་གྱི་ནང་དུ་གནས་ཚུལ དོགས་སེལ་འབད་མིའི་ནང་ མཆོད་རྟེན ས་གཏེར་གྱི་ བསམ་གྲུབ་ལྗོངས་མཁར་ བརྡ་ལམ་གྱི་ནང་དུ་གནས་ཚུལཁོ་གི་ཆུ་ཞིང་ནང་ སྟག་ཚང འཛུལ་ནུག་ཟེར་ཨིན་པས།,165,41
ཁོ་གིས་ ད་རེས་ བརྡ་ལམ་གྱི་ནང་དུ་གནས་ཚུལས་གཏེར་གྱི་ འཆར་སྤྱོད བསམ་གྲུབ་ལྗོངས་མཁར་ ཁས་ལེན་འབད་དེ་ཡོད་ཟེར་ བརྡ་ལམ་གྱི་ནང་དུ་གནས་ཚུལའཛུལ་ནུག་ཟེར་ཨིན་པས།,148,36
ཁོ་གིས་ གནམ་འདུས་བཞིན་དུ ད་རེས་ ཤེས་རྟོགས་ཡོདཔ་བཞིན་དུ་ བརྡ་ལམ་གྱི་ནང་དུ་གནས་ཚུལ བསམ་གྲུབ་ལྗོངས་མཁར་ རྒྱུ་དཀའ།,110,26
ཁས་ལེན་འབད་དེ་ཡོད་ཟེར་ གཞུང་འབྲེལ་ཐོག་ལས་ བརྡ་ལམ་གྱི་ནང་དུ་གནས་ཚུལད་རེས་ ཧི་མ་ལ་ཡ ཤེས་རྟོགས་ཡོདཔ་བཞིན་དུ་ ཞུ་བ་འབད་ནུག།,119,31
ཁོ་གིས་འབད་བ་ཅིན་ བརྡ་ལམ་གྱི་ནང་དུ་གནས་ཚུལཁས་ལེན་འབད་དེ་ཡོད་ཟེར་ ཆུ་སྒྲིག གཞུང་འབྲེལ་ཐོག་ལས་ འབད་མ་ཚུགས་ཟེར་ཨིན་པས།,115,29
ཕུརཔ་རྡོ་རྗེ་གིས་ བརྡ་ལམ་གྱི་ནང་དུ་གནས་ཚུལཤེས་རྟོགས་ཡོདཔ་བཞིན་དུ་ བཀྲ་ཤིས ཞུ་བ་འབད་ནུག།,87,21
ཁོ་གིས་འབད་བ་ཅིན་ གནོད་པ་བྱུང་པའི་སྐོར་ལས་ བརྡ་ལམ་གྱི་ནང་དུ་གནས་ཚུལ གཞུང་འབྲེལ་ཐོག་ལས་ གནས་འཁོར འབད་མ་ཚུགས་ཟེར་ཨིན་པས།,118,30
ཕུརཔ་རྡོ་རྗེ་གིས་ ས་གཏེར་དེ་གིས་ བརྡ་ལམ་གྱི་ནང་དུ་གནས་ཚུལཞུ་བ་འབད་ནུག།,70,18
ཁོ་གིས་འབད་བ་ཅིན་ མདའ་རྩེད གནོད་པ་བྱུང་པའི་སྐོར་ལས་ ཕུན་ཚོགས་ཐང་རྒེད་འོག་གི་ བརྡ་ལམ་གྱི་ནང་དུ་གནས་ཚུལའབད་མ་ཚུགས་ཟེར་ཨིན་པས།,123,31
ཕུརཔ་རྡོ་རྗེ་གིས་ ཧི་མ་ལ་ཡ ས་གཏེར་དེ་གིས་ འཕྲུལ་ཆས་ཚུ་ བརྡ་ལམ་གྱི་ནང་དུ་གནས་ཚུལགནོད་པ་བྱུང་པའི་སྐོར་ལས་ གཞུང་རྒྱུན ཕུན་ཚོགས་ཐང་རྒེད་འོག་གི་ ༉ བརྡ་ལམ་གྱི་ནང་དུ་གནས་ཚུལ,166,43
གློ་བུར་སྨན་ཁང་ནང་ དྲུང་འཚོ་འཐེབ་བཙུགས་དགོཔ་ཡོདཔ།,49,11
༉ རྒྱལ་ཁབ་ཀྱི་གནས་སྟངས་ ཡར་དྲག་འགྱོ་བའི་བསྒང་ལས་ འདི་དང་བསྟུན་པའི་ འགྱུར་བ་ཚུ་ཡང་ འགྱོ་དོ་ཡོདཔ་བཞིན་དུ་ གོང་འཕེལ་དང་ འགྱུར་བ་གཉིས་ བརྡ་མཐུན་འབད་དགོཔ་ཡོད།,153,36
འགྱོ་དོ་ཡོདཔ་བཞིན་དུ་ རྫོང་ཁ འགྱུར་བ་གཉིས་ཀྱི་ གཞི་འགྱམ་སྒྲིངསྒྲི་ཚུད་ནི་ལུ་ བརྡ་ལམ་གྱི་ནང་དུ་གནས་ཚུལ བཀྲིན་དགའ་ཚོར་བསམ་དགོཔ་འདུག།,130,30
བརྡ་ལམ་གྱི་ནང་དུ་གནས་ཚུལ སྨན་བཅོས་ཀྱིས་དོན་ལུ་ ཀརྨ ལོ་བསྟར་བཞིན་དུ་ དེ་གིས་ བརྡ་ལམ་གྱི་ནང་དུ་གནས་ཚུལབཅོ་ཐབས་འབད་མ་ཚུགས་པ་ཅིན་ གཞུང་རྒྱུན བསལ་དགོཔ་འདུག།,151,37
གཞུང་ལུ་ བརྡ་ལམ་གྱི་ནང་དུ་གནས་ཚུལལོ་བསྟར་བཞིན་དུ་ བདེ་ཐང་དཀར་ཆགས དེ་གིས་ ལཱ་ཁག་འོང་།,84,22
ཧེ་མ་འབད་བ་ཅིན་ བརྡ་ལམ་གྱི་ནང་དུ་གནས་ཚུལབསལ་དགོཔ་འདུག།,54,14
མཆོད་རྟེན གཞུང་ལུ་ ནདཔ་ཚུ་དྲུང་འཚོ་ལེ་ཤ་ཡོད་ནི་དེ་གིས་ བརྡ་ལམ་གྱི་ནང་དུ་གནས་ཚུལདེ་གིས་ དབྱེ་གཞི ལཱ་ཁག་འོང་།,107,28
ཧེ་མ་འབད་བ་ཅིན་ འབྲུག་རྒྱལ་ཁབ་ནང་ བརྡ་ལམ་གྱི་ནང་དུ་གནས་ཚུལ གཞུང་ལུ་ འཆར་སྤྱོད ནདཔ་ཚུ་དྲུང་འཚོ་ལེ་ཤ་ཡོད་ནི་དེ་གིས་ ཟད་འགྲོ་དངུལ་ཀྲམ་ཐེར་འབུམ་ལས་བཅད་དེ་ བརྡ་ལམ་གྱི་ནང་དུ་གནས་ཚུལལཱ་ཁག་འོང་།,186,49
ཨིན་རུང་ བརྡ་ལམ་གྱི་ནང་དུ་གནས་ཚུལའདི་དང་བསྟུན་པའི་ ཀརྨ རྒྱལ་ཁབ་ནང་འཁོད་ལུ་ འགྲོས་ཀྱིས་སྦེ་ བརྡ་ལམ་གྱི་ནང་དུ་གནས་ཚུལསྨན་ཁང་དང་ ཁྱི གལ་ཅན་ཅིག་ཨིན།,144,35
ཨིན་རུང་ ཤེས་རིག་གོང་འཕེལ་བཏང་ནི་ལུ་ བརྡ་ལམ་གྱི་ནང་དུ་གནས་ཚུལ རྒྱལ་ཁབ་ནང་འཁོད་ལུ་ འབད་དགོས་ འགྲོས་ཀྱིས་སྦེ་ དྲུང་འཚོ་ཚུ་གིས་ བརྡ་ལམ་གྱི་ནང་དུ་གནས་ཚུལགལ་ཅན་ཅིག་ཨིན།,163,40
ཨིན་རུང་ སྤུ་ན་ཁ ཤེས་རིག་གོང་འཕེལ་བཏང་ནི་ལུ་ ཧེ་མའི་ལམ་ཤུལ་བདའ་སྟེ་ར་ བརྡ་ལམ་གྱི་ནང་དུ་གནས་ཚུལ,94,26
འཛམ་གླིང་ཞི་བདེའི་སྨོན་ལམ་ཆེན་མོ་ ཁྱད་དུ་འཕགས་པའི་ལས་རིམ།,57,14
༉ འབྲུག་རྒྱལ་ཁབ་འདི་ འཛམ་གླིང་ནང་ རྒྱལ་ཁབ་ཆུང་ཀུ་ཅིག་འབད་རུང་ འཛམ་གླིང་སྤྱིར་བཏང་ལུ་ཕན་ཐོགས་ཅན་གྱི་ འཛམ་གླིང་ཞི་བདེའི་སྨོན་ལམ་ཆེན་མོ་ འཚོགས་གནང་མི་དེ་ འཛམ་གླིང་ནང་ དཔེ་སྟོན་བཟུམ་ཅིག་ལུ་ གྱུརཝ་ཨིན་མས།,199,47
འཛམ་གླིང་ཞི་བདེའི་སྨོན་ལམ་ཆེན་མོ་ནང་ བརྡ་ལམ་གྱི་ནང་དུ་གནས་ཚུལདུས་ཅི་་ མཆོད་རྟེན འཛམ་གླིང་ཞི་བདེའི་ དེ་ལས་ བརྡ་ལམ་གྱི་ནང་དུ་གནས་ཚུལ འཛམ་གླིང་སྤྱིར་བཏང་ལུ་ཕན་ཐོགས་ཅན་གྱི་ གཞི་འཛུགས བརྡ་མཚོན་ཅིག་གསལ་སྟོན་འབདཝ་མས།,209,50
འཛམ་གླིང་ཞི་བདེའི་སྨོན་ལམ་ཆེན་མོ་ནང་ བྱོན་གནང་ཡོདཔ་མ་ཚད་ བརྡ་ལམ་གྱི་ནང་དུ་གནས་ཚུལའཛམ་གླིང་ཞི་བདེའི་ མདའ་རྩེད དེ་ལས་ ཐུགས་སྨོན་དང་ བརྡ་ལམ་གྱི་ནང་དུ་གནས་ཚུལ བརྡ་མཚོན་ཅིག་གསལ་སྟོན་འབདཝ་མས།,185,45
སྣུམ་འཁོར་བཞག་འཐུས་བསྡུ་ལེན་ལས་ ཅ་ཆས་དང་ ཞབས་ཏོག་ཁྲལ་བསྡུ་ལེན་ མཚམས་འཇོག་འབད་ཡོདཔ།,82,19
༉ འོང་འབབ་དང་ཅ་དམ་ལས་ཁུངས་ཀྱིས་ གནས་སྐབས་ཅིག་གི་དོན་ལུ་ ཐིམ་ཕུག་ལུ་ སྣུམ་འཁོར་བཞག་འཐུས་ལས་ ཅ་ཆས་དང་ཞབས་ཏོག་གི་ཁྲལ་བསྡུ་ལེན་འབད་ནི་དེ་ མཚམས་འཇོག་འབད་ཡོད་མི་དེ་ཡང་ ལག་ལེན་རིམ་ལུགས་ཚུ་ ཚུལ་མཐུན་བཟོ་དོན་ལུ་ཨིན་པས།,209,54
ཁྲོམ་སྡེའི་རྒྱུན་སྐྱོང་འཆར་དངུལ་ནང་ ཆེད་གཞི བཤད་མིའི་ནང་ ལས་བྱེདཔ་༡༨ བརྡ་ལམ་གྱི་ནང་དུ་གནས་ཚུལ ལཱ་ལེགས་ཤོམ་འབད་མ་བཏུབ་མི་དང་ བདེ་ཐང་དཀར་ཆགས གནད་དོན་ཚུ་ཐོན་ཡོདཔ་ཨིན་པས།,166,41
ཀེ་སི་ཨར་འཐུས་མི་གིས་ ཏིལ་བྷ་དུར་སུ་བ་གིས་ བརྡ་ལམ་གྱི་ནང་དུ་གནས་ཚུལབཤད་མིའི་ནང་ གཞུང་རྒྱུན ལས་བྱེདཔ་༡༨ ལས་སྡེའི་རྩིས་ཁང་གི་སྐོར་ལས་ བརྡ་ལམ་གྱི་ནང་དུ་གནས་ཚུལགནད་དོན་ཚུ་ཐོན་ཡོདཔ་ཨིན་པས།,183,46
ཀེ་སི་ཨར་འཐུས་མི་གིས་ འཕྲུལ་ལས ཏིལ་བྷ་དུར་སུ་བ་གིས་ གཅིག་མཐུན་བཟོ་ཚུགས་ཟེར་ཨིན་པས།,82,21
ཐིམ་ཕུག་ཁྲོམ་སྡེ་གིས་ བརྡ་ལམ་གྱི་ནང་དུ་གནས་ཚུལལས་བྱེདཔ་༡༨ གནས་འཁོར ལས་སྡེའི་རྩིས་ཁང་གི་སྐོར་ལས་ ཁྲོམ་སྡེ་ལུ་ བརྡ་ལམ་གྱི་ནང་དུ་གནས་ཚུལཏིལ་བྷ་དུར་སུ་བ་གིས་ བདེ་ཐང་དཀར་ཆགས གཅིག་མཐུན་བཟོ་ཚུགས་ཟེར་ཨིན་པས།,199,49
ཐིམ་ཕུག་ཁྲོམ་སྡེ་གིས་ རེ་སྤྲོད་དོ་ཡོདཔ་བཞིན་དུ་ བརྡ་ལམ་གྱི་ནང་དུ་གནས་ཚུལལས་སྡེའི་རྩིས་ཁང་གི་སྐོར་ལས་ རྩོམ་རིག ཁྲོམ་སྡེ་ལུ་ གནས་སྐབས་ཅིག་གི་དོན་ལུ་ བརྡ་ལམ་གྱི་ནང་དུ་གནས་ཚུལགཅིག་མཐུན་བཟོ་ཚུགས་ཟེར་ཨིན་པས།,201,48
ཁྲོམ་སྡེ་འགོ་དཔོན་གྱིས་ བརྡ་ལམ་གྱི་ནང་དུ་གནས་ཚུལཁོང་རའི་ཟླ་རིམ་དངུལ་ཕོགས་ནང་ལས་ ཉེས་ཚོགས བསྡུ་ལེན་འབད་དོ་ཡོདཔ་ད་ ལག་ལེན་པ་ཚུ་གིས་ བརྡ་ལམ་གྱི་ནང་དུ་གནས་ཚུལལས་བྱེདཔ་༡༨ མདའ་རྩེད རེ་སྤྲོད་དོ་ཡོདཔ་ཨིན་པས།,199,49
ཁྲོམ་སྡེ་འགོ་དཔོན་གྱིས་ གྲོས་འཛོམས་ཅིག་ བརྡ་ལམ་གྱི་ནང་དུ་གནས་ཚུལབསྡུ་ལེན་འབད་དོ་ཡོདཔ་ད་ གར་རྩལ ལག་ལེན་པ་ཚུ་གིས་ ཉིན་བསྟར་གྱི་འོང་འབབ་ལུ་ བརྡ་ལམ་གྱི་ནང་དུ་གནས་ཚུལརེ་སྤྲོད་དོ་ཡོདཔ་ཨིན་པས།,185,45
ཀེ་སི་ཨར་གྱི་བསྡུ་ལེན་འབད་མི་ཚུ་གིས་ བརྡ་ལམ་གྱི་ནང་དུ་གནས་ཚུལནོར་འཛིན་ལམ་ ཆེད་གཞི ཤེས་ཡོན་མེད་མི་ཚུ་ལུ་ སྣུམ་འཁོར་བཞག་འཐུས་ལས་ བརྡ་ལམ་གྱི་ནང་དུ་གནས་ཚུལསྣུམ་འཁོར་བཞག་ཐང་ལས་ འགོད་རིམ འཐུས་ཚུ་བསྡུ་ལེན་འབད་དོ་ཡོདཔ་ཨིན་པས།,217,54
ཀེ་སི་ཨར་གྱི་བསྡུ་ལེན་འབད་མི་ཚུ་གིས་ ཀྱི་ཁྱབ་ཚད་ནང་ བརྡ་ལམ་གྱི་ནང་དུ་གནས་ཚུལཤེས་ཡོན་མེད་མི་ཚུ་ལུ་ སྟག་ཚང སྣུམ་འཁོར་བཞག་འཐུས་ལས་ ལག་ལེན་རིམ་ལུགས་ཚུ་ བརྡ་ལམ་གྱི་ནང་དུ་གནས་ཚུལ འཐུས་ཚུ་བསྡུ་ལེན་འབད་དོ་ཡོདཔ་ཨིན་པས།,209,54
ཀེ་སི་ཨར་གྱི་བསྡུ་ལེན་འབད་མི་ཚུ་གིས་ ནགས་ཚལ ཀྱི་ཁྱབ་ཚད་ནང་ དེ་གི་ཁེ་འཐུས་ཚུ་གི་སྤྲོད་རིམ་ཡོདཔ་ད་ བརྡ་ལམ་གྱི་ནང་དུ་གནས་ཚུལ སྣུམ་འཁོར་བཞག་འཐུས་ལས་ རྫོང ལག་ལེན་རིམ་ལུགས་ཚུ་ རེ་བསྡུ་ལེན་འབད་དོ་ཡོདཔ་ཨིན་པས།,201,52
དེ་འབདཝ་ད་ བརྡ་ལམ་གྱི་ནང་དུ་གནས་ཚུལཀྱི་ཁྱབ་ཚད་ནང་ མཆོད་རྟེན དེ་གི་ཁེ་འཐུས་ཚུ་གི་སྤྲོད་རིམ་ཡོདཔ་ད་ ཟླཝ་རེ་ནང་ བརྡ་ལམ་གྱི་ནང་དུ་གནས་ཚུལལག་ལེན་རིམ་ལུགས་ཚུ་ འབྲུག་འཕྲིན་གླིང་ རེ་བསྡུ་ལེན་འབད་དོ་ཡོདཔ་ཨིན་པས།,202,50
དེ་འབདཝ་ད་ ཐོ་ཡིག་རིམ་ལུགས་ཚུ་ བརྡ་ལམ་གྱི་ནང་དུ་གནས་ཚུལདེ་གི་ཁེ་འཐུས་ཚུ་གི་སྤྲོད་རིམ་ཡོདཔ་ད་ དགོན་པ ཟླཝ་རེ་ནང་ སླབ་ཨིན་པས།,122,32
ལས་སྡེ་གིས་ བརྡ་ལམ་གྱི་ནང་དུ་གནས་ཚུལ,36,10
སྤྱི་ཟླ་༧ པ་ལས་ ངང་ལམ་དོས་ཕབ་ལེན་འབད་སར་ ལག་ལེན་འགོབཙུགས་ནི།,60,16
༉ ངང་ལམ་དཔལ་འཛོམས་ཐང་ནང་ དོས་ཕབ་ལེན་འབད་སར་ སྦོམ་ཤོས་ཅིག་ བཟོ་སྐྲུན་འབད་མི་དེ་ མཇུག་བསྡུ་ནི་གུ་ ལྷོད་ཡོདཔ་ལས་ དུས་ཅི་ སྤྱི་ཟླ་༧ པ་ལས་ ལག་ལེན་འགོབཙུགས་ནིའི་ ལས་རིམ་ཡོདཔ་ཨིན་པས།,175,43
ལས་འགུལ་གྱི་དོན་ལས་ བརྡ་ལམ་གྱི་ནང་དུ་གནས་ཚུལཕུན་ཚོགས་གླིང་ལས་ སྟག་ཚང སྦོམ་ཤོས་ཅིག་ ཚལ་ལུ་ཚུ་ བརྡ་ལམ་གྱི་ནང་དུ་གནས་ཚུལསླབ་མིའི་ནང་ ཀུན་གསལ བཤདཔ་ཨིན་པས།,150,37
ལས་འགུལ་གྱི་དོན་ལས་ རྒྱ་གར་གྱི་ས་མཚམས་ཀྱི་ཉེ་འདབས་ བརྡ་ལམ་གྱི་ནང་དུ་གནས་ཚུལསྦོམ་ཤོས་ཅིག་ སྤ་རོ ཚལ་ལུ་ཚུ་ སླབ་མིའི་ནང་ བརྡ་ལམ་གྱི་ནང་དུ་གནས་ཚུལབཤདཔ་ཨིན་པས།,154,39
ལས་འགུལ་གྱི་དོན་ལས་ རྒྱུ་དཀའ།,29,7
དོས་ཕབ་ལེན་འབད་སར་ བརྡ་ལམ་གྱི་ནང་དུ་གནས་ཚུལལཱ་བརྒྱ་ཆ་༩༠ རི་མོ ལྟེ་བ་ཅིག་ལུ་ ཀུན་ལེགས་རྡོ་རྗེ་གིས་ བརྡ་ལམ་གྱི་ནང་དུ་གནས་ཚུལསོ་ནམ་པ་ཚུ་གིས་ གོ འགྱུར་ནི་ཨིན་པས།,157,42
དོས་ཕབ་ལེན་འབད་སར་ ད་རེས་ བརྡ་ལམ་གྱི་ནང་དུ་གནས་ཚུལལྟེ་བ་ཅིག་ལུ་ ཁྱི ཀུན་ལེགས་རྡོ་རྗེ་གིས་ བཟོ་སྐྲུན་འབད་ནི་ བརྡ་ལམ་གྱི་ནང་དུ་གནས་ཚུལའགྱུར་ནི་ཨིན་པས།,148,37
དོས་ཕབ་ལེན་འབད་སར་ ཕྱུག་མ ད་རེས་ དོས་ཕབ་ལེན་འབད་སའི་ བརྡ་ལམ་གྱི་ནང་དུ་གནས་ཚུལཀུན་ལེགས་རྡོ་རྗེ་གིས་ པདྨ བཟོ་སྐྲུན་འབད་ནི་ ཕྱིའི་ལཱ་ཚོན་གཏང་ནི་དང་ བརྡ་ལམ་གྱི་ནང་དུ་གནས་ཚུལ,169,43
འཇིགས་མེད་རྡོ་རྗེ་རྒྱལ་ཡོངས་གླིག་ག་ཡང་ཡོདཔ་མ་ཚད་ འབྲུག མོ་ར་མནོ་ནི་བཏགསཔ་ཅིག་ལས་འགོ་བཙུགས་ རེ་བ་ལས་འབད་རུང་ བརྡ་ལམ་གྱི་ནང་དུ་གནས་ཚུལ མེའི་འོད་མདངས་དེ་ རྡོ་རྗེ གཡུས་ཚན་གཞན་མི་ཚུ་ ཚ་གྱང་ཡོདཔ་སྦེ་ཨིན་པས།,200,51
ངེ་གི་ཨའི་གིས་ བརྡ་ལམ་གྱི་ནང་དུ་གནས་ཚུལམོ་ར་མནོ་ནི་བཏགསཔ་ཅིག་ལས་འགོ་བཙུགས་ མདའ་རྩེད རེ་བ་ལས་འབད་རུང་ དུ་པ་གིས་ བརྡ་ལམ་གྱི་ནང་དུ་གནས་ཚུལགཡུས་ཚན་གཞན་མི་ཚུ་ འབྲུག ཚ་གྱང་ཡོདཔ་སྦེ་ཨིན་པས།,182,47
ངེ་གི་ཨའི་གིས་ ལཱ་འབད་ཡོདཔ་ལས་ བརྡ་ལམ་གྱི་ནང་དུ་གནས་ཚུལརེ་བ་ལས་འབད་རུང་ རིག་གཞུང དུ་པ་གིས་ འབྲུག་གི་གཡུས་ཚན་གློག་མེ་མེད་པར་ལུས་སོཔ་ཨིན་ན་དང་ བརྡ་ལམ་གྱི་ནང་དུ་གནས་ཚུལཚ་གྱང་ཡོདཔ་སྦེ་ཨིན་པས།,187,49
ངེ་གི་ཨའི་གིས་ ཐིམ་ཕུ ལཱ་འབད་ཡོདཔ་ལས་ མ་འོངས་པའི་ བརྡ་ལམ་གྱི་ནང་དུ་གནས་ཚུལདུ་པ་གིས་ མོག་མོག འབྲུག་གི་གཡུས་ཚན་གློག་མེ་མེད་པར་ལུས་སོཔ་ཨིན་ན་དང་ འདི་བཟུམ་གྱི་ལས་འགུལ་དེ་ བརྡ་ལམ་གྱི་ནང་དུ་གནས་ཚུལལཱ་འབད་ཡོདཔ་ལས་ རྒྱུ་དཀའ།,216,55
གློག་མེ་འཕྲུལ་ཁང་བསྒྲུབ་སྟེ་ བརྡ་ལམ་གྱི་ནང་དུ་གནས་ཚུལདེ་གིས་ གཞུང་རྒྱུན གནམ་གྲུ་ཧེ་ལི་ཀོབ་ཊར་གྱི་ཐོག་ལས་ ཡོད་མི་ལས་ བརྡ་ལམ་གྱི་ནང་དུ་གནས་ཚུལབྱང་ཁ་ཐུག་ལུ་ཡོད་པའི་ དཀྱིལ་ར སྐྱེལ་འདྲེན་འབད་ནི་ཨིན་ཟེར་ཨིན་པས།,204,50
གློག་མེ་འཕྲུལ་ཁང་བསྒྲུབ་སྟེ་ གློག་མེ་ལས་འགུལ་འབྲིང་མ་ བརྡ་ལམ་གྱི་ནང་དུ་གནས་ཚུལ གནམ་གྲུ་ཧེ་ལི་ཀོབ་ཊར་གྱི་ཐོག་ལས་ ལས་བཟོ ཡོད་མི་ལས་ རྟ་དང་ བརྡ་ལམ་གྱི་ནང་དུ་གནས་ཚུལསྐྱེལ་འདྲེན་འབད་ནི་ཨིན་ཟེར་ཨིན་པས།,195,49
གློག་མེ་འཕྲུལ་ཁང་བསྒྲུབ་སྟེ་ བདེ་སྨིན གློག་མེ་ལས་འགུལ་འབྲིང་མ་ སྤྱི་ལོ་༢༠༢༤ བརྡ་ལམ་གྱི་ནང་དུ་གནས་ཚུལཡོད་མི་ལས་ སྟག་ཚང རྟ་དང་ ག་ཅི་སྦེ་ བརྡ་ལམ་གྱི་ནང་དུ་གནས་ཚུལགློག་མེ་ལས་འགུལ་འབྲིང་མ་ དགོན་པ སྤྱི་ལོ་༢༠༢༤ བཙུགས་ཡོདཔ་སྦེ་ཨིན་པས།,226,55
ལུང་ནག་ནང་གི་ བརྡ་ལམ་གྱི་ནང་དུ་གནས་ཚུལ རྟ་དང་ གྲོང་ཚོ ག་ཅི་སྦེ་ འགོ་དང་པ་ཨིན་པས།,80,23
ལས་འགུལ་དེ་ བརྡ་ལམ་གྱི་ནང་དུ་གནས་ཚུལ སྤྱི་ལོ་༢༠༢༤ ཁྱི བཙུགས་ཡོདཔ་སྦེ་ཨིན་པས།,76,19
ལུང་ནག་ནང་གི་ ལས་མི་ཚུ་ བརྡ་ལམ་གྱི་ནང་དུ་གནས་ཚུལག་ཅི་སྦེ་ མོག་མོག འགོ་དང་པ་ཨིན་པས།,82,23
ལས་འགུལ་དེ་ དེ་ཁར་ བརྡ་ལམ་གྱི་ནང་དུ་གནས་ཚུལབཙུགས་ཡོདཔ་སྦེ་ཨིན་པས།,65,16
ལུང་ནག་ནང་གི་ ཆོས་ལྡན་ ལས་མི་ཚུ་ ད་ལྟོ་ཨ་ལུ་ཨིནམ་ད་ བརྡ་ལམ་གྱི་ནང་དུ་གནས་ཚུལ འགོ་དང་པ་ཨིན་པས།,93,27
ཡུདཔ་ཐེངས་ཅིག་ བརྡ་ལམ་གྱི་ནང་དུ་གནས་ཚུལ རྒྱལ་ཁབ་ནང་ རྫོང་ཁ ཆུང་བ་གཞི་བཙུགས་འབད་ནི་ཨིནམ་ད་ གཡུས་ཚན་དག་པ་ཅིག་ནང་ བརྡ་ལམ་གྱི་ནང་དུ་གནས་ཚུལདེ་ཡང་ གཡག འགྱོ་དོ་ཡོདཔ་ཨིན་པས།,166,43
ཡུདཔ་ཐེངས་ཅིག་ མ་དངུལ་ཚུ་དགོཔ་ཡོདཔ་སྦེ་ཨིན་པས།,46,11
ལུང་ནག་ནང་ལུ་ བརྡ་ལམ་གྱི་ནང་དུ་གནས་ཚུལཆུང་བ་གཞི་བཙུགས་འབད་ནི་ཨིནམ་ད་ མཆོད་རྟེན གཡུས་ཚན་དག་པ་ཅིག་ནང་ འབྲུག་གློག་མེ་ལས་འཛིན་གཉིས་ཀྱིས་ བརྡ་ལམ་གྱི་ནང་དུ་གནས་ཚུལའགྱོ་དོ་ཡོདཔ་ཨིན་པས།,177,44
ཡུདཔ་ཐེངས་ཅིག་ གྲོང་ཚོ མ་དངུལ་ཚུ་དགོཔ་ཡོདཔ་སྦེ་ཨིན་པས།,54,13
ལུང་ནག་ནང་ལུ་ རྒྱལ་ཁབ་ཀྱི་གནས་སྟངས་ནང་ བརྡ་ལམ་གྱི་ནང་དུ་གནས་ཚུལགཡུས་ཚན་དག་པ་ཅིག་ནང་ དར་ལྡན འབྲུག་གློག་མེ་ལས་འཛིན་གཉིས་ཀྱིས་ ད་ལྟོ་ཡང་ བརྡ་ལམ་གྱི་ནང་དུ་གནས་ཚུལམ་དངུལ་ཚུ་དགོཔ་ཡོདཔ་སྦེ་ཨིན་པས།,189,48
ལུང་ནག་ནང་ལུ་ རྒྱུ་དཀའ།,23,6
ཐིམ་ཕུག་རྫོང་ཁག་ཁྲིམས་འདུན་གྱིས་ ས་ཆ་ལན་གྲངས་ལེ་ཤ་བཙོང་མི་ ཆ་མེད་བཏང་ཡོདཔ།,74,19
༉ ཐིམ་ཕུག་རྫོང་ཁག་ཁྲིམས་འདུན་གྱིས་ འབྲུག་རྒྱལ་ཡོངས་དངུལ་ཁང་གིས་ མི་མང་ལུ་ ཚོང་སྒྱུར་འཐབ་མི་དེ་ རྩོད་རྙོག་དང་ ཚད་འཛིན་འབད་མི་ཚུ་ཆ་མེད་བཏང་ཐོག་ལས་ སའི་མིང་ཐོ་དེ་ ཚོང་སྒྱུར་ཐོག་ལས་ ཉོ་མི་ལུ་ སྤོ་སོར་འབད་དགོཔ་སྦེ་ བཀའ་རྒྱ་གནང་ཡོདཔ་ཨིན་པས།,234,57
འཁྲུན་ཆོད་ནང་ བརྡ་ལམ་གྱི་ནང་དུ་གནས་ཚུལསྤྱི་ལོ་༢༠༡༩ ཐིམ་ཕུ བཙོང་ཡོདཔ་ད་ འབྲུག་རྒྱལ་ཡོངས་དངུལ་ཁང་ནང་ བརྡ་ལམ་གྱི་ནང་དུ་གནས་ཚུལཁྲིམས་འདུན་ལས་ ཤེས་ཡོན ངོས་ལེན་འབད་ནི་ཨིན་ཟེར་ཨིན་པས།,176,42
འཁྲུན་ཆོད་ནང་ འབྲུག་རྒྱལ་ཡོངས་དངུལ་ཁང་གིས་ བརྡ་ལམ་གྱི་ནང་དུ་གནས་ཚུལ བཙོང་ཡོདཔ་ད་ འབྲུག་གི་གནས་ཚུལ འབྲུག་རྒྱལ་ཡོངས་དངུལ་ཁང་ནང་ མགོ་རྙོག་ཡོདཔ་སྦེ་ཨིན་པས།,151,35
སྤྱི་ལོ་༢༠༡༥ བརྡ་ལམ་གྱི་ནང་དུ་གནས་ཚུལངོས་ལེན་འབད་ནི་ཨིན་ཟེར་ཨིན་པས།,67,17
འཁྲུན་ཆོད་ནང་ གཞི་འཛུགས འབྲུག་རྒྱལ་ཡོངས་དངུལ་ཁང་གིས་ བཀའ་གནང་ཡོདཔ་ཨིན་པས།,73,16
ཁྲིམས་འདུན་ལས་ བརྡ་ལམ་གྱི་ནང་དུ་གནས་ཚུལའབྲུག་རྒྱལ་ཡོངས་དངུལ་ཁང་ནང་ བདེ་སྨིན མགོ་རྙོག་ཡོདཔ་སྦེ་ཨིན་པས།,101,23
སྤྱི་ལོ་༢༠༡༥ རྒྱལ་ཡོངས་ས་ཆ་ལྷན་ཚོགས་ལུ་ བརྡ་ལམ་གྱི་ནང་དུ་གནས་ཚུལའབྲུག་རྒྱལ་ཡོངས་དངུལ་ཁང་གིས་ ཐིམ་ཕུ བཀའ་གནང་ཡོདཔ་ཨིན་པས།,120,29
ཁྲིམས་འདུན་ལས་ གཏའ་མར་བཙུགས་ཏེ་ཡོད་པའི་ བརྡ་ལམ་གྱི་ནང་དུ་གནས་ཚུལམགོ་རྙོག་ཡོདཔ་སྦེ་ཨིན་པས།,89,21
སྤྱི་ལོ་༢༠༡༥ གནས་འཁོར རྒྱལ་ཡོངས་ས་ཆ་ལྷན་ཚོགས་ལུ་ ས་ཆ་དེ་ བརྡ་ལམ་གྱི་ནང་དུ་གནས་ཚུལབཀའ་གནང་ཡོདཔ་ཨིན་པས།,101,26
རྩོད་རྙོག་དེ་ བརྡ་ལམ་གྱི་ནང་དུ་གནས་ཚུལ,38,10
སོ་ནམ་པའི་ཐོ་བཀོད་རིམ་ལུགས་ཀྱིས་ དམིགས་ཡུལ་གྱི་ རྒྱབ་སྐྱོར་འབད་ཚུགས་ནི།,71,16
༉ སྤ་རོ་ བཙན་ཏོག་རྒེད་འོག་གི་ བྱང་ཁ་ཐུག་གི་ ལུང་གཤོང་ནང་ལས་ སྐྱེ་ལོ་༤༠ ལང་མི་ བཙན་སྐྱོགས་ཚེ་རིང་གིས་ བྲག་སྐྱེས་མཉམ་ལས་སྡེ་ཚན་དང་ཅིག་ཁར་ མི་སྡེའི་སྡེ་ཚན་ཚུ་གིས་སྦེ་ གཡག་འཚོ་སྐྱོང་དང་ ཐོན་སྐྱེད་ཡར་སེང་འབད་ནིའི་ ཐབས་ལམ་སྒྲིག་དོ་ཡོདཔ་ཨིན་པས།,237,59
གཞུང་གི་ལས་ཚབ་དང་ བརྡ་ལམ་གྱི་ནང་དུ་གནས་ཚུལརིམ་ལུགས་ཚུ་གི་སྙན་ཞུ་དེ་ བླ་མ སོ་ནམ་ཐོ་བཀོད་རིམ་ལུགས་ཚུ་ འབད་བརྩོན་བསྐྱེད་དོ་ཡོདཔ་ད་ བརྡ་ལམ་གྱི་ནང་དུ་གནས་ཚུལ བདག་སྐྱོང་དང་ ཆོས་ལྡན་ བཀྲམ་སྤེལ་འབད་དོ་ཡོདཔ་ཨིན་པས།,205,52
གཞུང་གི་ལས་ཚབ་དང་ བསྒྱུར་བཅོས་འབད་ཡོདཔ་སྦེ་ཨིན་པས།,50,12
ཐོ་བཀོད་ཀྱི་སྐབས་ལུ་ བརྡ་ལམ་གྱི་ནང་དུ་གནས་ཚུལསོ་ནམ་ཐོ་བཀོད་རིམ་ལུགས་ཚུ་ རྫོང་ཁ འབད་བརྩོན་བསྐྱེད་དོ་ཡོདཔ་ད་ བྱང་ཁ་ཐུག་གི་ བརྡ་ལམ་གྱི་ནང་དུ་གནས་ཚུལབཀྲམ་སྤེལ་འབད་དོ་ཡོདཔ་ཨིན་པས།,174,43
གཞུང་གི་ལས་ཚབ་དང་ དགྲ་ཁྲོད་ཕུག བསྒྱུར་བཅོས་འབད་ཡོདཔ་སྦེ་ཨིན་པས།,63,15
ཐོ་བཀོད་ཀྱི་སྐབས་ལུ་ གིས་ བརྡ་ལམ་གྱི་ནང་དུ་གནས་ཚུལའབད་བརྩོན་བསྐྱེད་དོ་ཡོདཔ་ད་ གནས་འཁོར བྱང་ཁ་ཐུག་གི་ བསྒྱུར་བཅོས་འགྱོ་དོ་ཟེར་ བརྡ་ལམ་གྱི་ནང་དུ་གནས་ཚུལབསྒྱུར་བཅོས་འབད་ཡོདཔ་སྦེ་ཨིན་པས།,182,42
ཐོ་བཀོད་ཀྱི་སྐབས་ལུ་ བསོད་ནམས་ གིས་ ལེགས་ཐོན་ཅན་སྦེ་འོང་ནི་ཨིན་པས།,66,16
འདི་ཚུ་གིས་སྦེ་ བརྡ་ལམ་གྱི་ནང་དུ་གནས་ཚུལ བྱང་ཁ་ཐུག་གི་ བསོད་ནམས་ བསྒྱུར་བཅོས་འགྱོ་དོ་ཟེར་ སོ་ནམ་འཆར་གཞི་སྙན་ཞུ་འབད་ནི་ཚུ་ བརྡ་ལམ་གྱི་ནང་དུ་གནས་ཚུལགིས་ སྤུ་ན་ཁ ལེགས་ཐོན་ཅན་སྦེ་འོང་ནི་ཨིན་པས།,189,49
འདི་ཚུ་གིས་སྦེ་ བཤད་པའི་ཁར་ བརྡ་ལམ་གྱི་ནང་དུ་གནས་ཚུལབསྒྱུར་བཅོས་འགྱོ་དོ་ཟེར་ འབྲུག སོ་ནམ་འཆར་གཞི་སྙན་ཞུ་འབད་ནི་ཚུ་ སོ་ནམ་ཐོན་སྐྱེད་ནང་ བརྡ་ལམ་གྱི་ནང་དུ་གནས་ཚུལལེགས་ཐོན་ཅན་སྦེ་འོང་ནི་ཨིན་པས།,189,47
འདི་ཚུ་གིས་སྦེ་ ཨེ་མ་དར་ཚི བཤད་པའི་ཁར་ ལག་ལེན་ལམ་ལུགས་ཚུ་ བརྡ་ལམ་གྱི་ནང་དུ་གནས་ཚུལསོ་ནམ་འཆར་གཞི་སྙན་ཞུ་འབད་ནི་ཚུ་ གནས་འཁོར སོ་ནམ་ཐོན་སྐྱེད་ནང་ སོ་ནམ་ས་ཆ་གོང་འཕེལ་ལས་སྣ་དང་ བརྡ་ལམ་གྱི་ནང་དུ་གནས་ཚུལ,196,54
རིན་ཐང་ཅན་གྱི་ལྟ་བཤལཔ་ ཚུལ་ལྡན་འགྱོ་མ་ཚུགས་མི་གིས་ ལཱ་གཡོག་གི་གྱངས་ཁ་མར་བབས།,76,20
ལཱ་གཡོག་ནང་ལས་ གཞི་འཛུགས གདོང་ཐུག་འབད་མི་ལུ་བརྟེན་ཨིནམ་ད་ ཡུན་བརྟན་གོང་འཕེལ་འཐུས་ བརྡ་ལམ་གྱི་ནང་དུ་གནས་ཚུལ ལྟ་བཤལཔ་དང་ རྒྱུ་དཀའ།,128,31
ལང་མི་ ཚད་ཅིག་ལས་བརྒལ་མིན་ནུག།,30,8
ཀུན་སྤྱོད་ཀྱི་མདུན་ལམ་བཟང་ནི་དེ་ བརྡ་ལམ་གྱི་ནང་དུ་གནས་ཚུལགདོང་ཐུག་འབད་མི་ལུ་བརྟེན་ཨིནམ་ད་ འབད་དགོས་ ཡུན་བརྟན་གོང་འཕེལ་འཐུས་ ཀརྨ་བདེ་ཆེན་གྱི་སྐོར་ལས་ བརྡ་ལམ་གྱི་ནང་དུ་གནས་ཚུལལང་མི་ ཆེད་གཞི ཚད་ཅིག་ལས་བརྒལ་མིན་ནུག།,211,51
ཀུན་སྤྱོད་ཀྱི་མདུན་ལམ་བཟང་ནི་དེ་ མཐོང་ས་ལུ་ཡོདཔ་ལས་ བརྡ་ལམ་གྱི་ནང་དུ་གནས་ཚུལཡུན་བརྟན་གོང་འཕེལ་འཐུས་ ཆུ་སྒྲིག ཀརྨ་བདེ་ཆེན་གྱི་སྐོར་ལས་ ལྟར་སྤྱོད་འབད་དགོཔ་འདུག།,158,37
བརྡ་ལམ་གྱི་ནང་དུ་གནས་ཚུལཚད་ཅིག་ལས་བརྒལ་མིན་ནུག།,47,12
ཀུན་སྤྱོད་ཀྱི་མདུན་ལམ་བཟང་ནི་དེ་ གཞི་འཛུགས མཐོང་ས་ལུ་ཡོདཔ་ལས་ ཞབས་ཏོག་གི་སྤུས་ཚད་ཉམས་འགྱོ་ནི་ བརྡ་ལམ་གྱི་ནང་དུ་གནས་ཚུལ ཀརྨ་བདེ་ཆེན་གྱི་སྐོར་ལས་ མཆོད་རྟེན ལྟར་སྤྱོད་འབད་དགོཔ་འདུག།,178,43
ལས་བྱེདཔ་ལཱ་འཐེབ་འབད་མི་དང་ བརྡ་ལམ་གྱི་ནང་དུ་གནས་ཚུལམཐོང་ས་ལུ་ཡོདཔ་ལས་ དུས་ཆེན ཞབས་ཏོག་གི་སྤུས་ཚད་ཉམས་འགྱོ་ནི་ ལས་རིམ་སོར་སྒྱུར་འབད་ཡོད་མི་ཚུ་ཡང་ བརྡ་ལམ་གྱི་ནང་དུ་གནས་ཚུལལྟར་སྤྱོད་འབད་དགོཔ་འདུག།,194,48
འབྲུག་རྒྱལ་ཁབ་ནང་ བརྡ་ལམ་གྱི་ནང་དུ་གནས་ཚུལཤུལ་ལས་ དགེ་འདུན་པ རིན་ཐང་ཅན་གྱི་ལྟ་བཤལ་དེ་ ད་རེས་ནངས་པར་ཡང་ བརྡ་ལམ་གྱི་ནང་དུ་གནས་ཚུལ༉ བདེ་སྨིན ཆ་མཐུན་འབད་མི་ཚུགས་དོ་ཡོདཔ་ཨིན།,169,44
"འབྲུག་རྒྱལ་ཁབ་ནང་ ཟླ་རིམ་དངུལ་ཕོགས་དངུལ་ཀྲམ་༡༢,༥༠༠ བརྡ་ལམ་གྱི་ནང་དུ་གནས་ཚུལརིན་ཐང་ཅན་གྱི་ལྟ་བཤལ་དེ་ གཞུང་རྒྱུན ད་རེས་ནངས་པར་ཡང་ མར་ཕབ་འབད་ཡོདཔ་ད་ བརྡ་ལམ་གྱི་ནང་དུ་གནས་ཚུལཆ་མཐུན་འབད་མི་ཚུགས་དོ་ཡོདཔ་ཨིན།",201,50
ཁྱིམ་ནང་ལཱ་འབད་མི་ ཕྱིའི་ལས་མི་བཙུགས་མི་གིས་ ཨམ་སྲུ་ཚུ་ལུ་ ཕན་ཐོགས་བྱུང་དོ་ཡོདཔ།,80,20
"ཕུན་ཚོགས་གླིང་ལུ་སྡོད་མི་ བརྡ་ལམ་གྱི་ནང་དུ་གནས་ཚུལ ཟླ་༡༠ གླུ་དབྱངས དེ་ཅིག་ ལཱ་གཡོག་ལས་ཁུངས་ཀྱི་ བརྡ་ལམ་གྱི་ནང་དུ་གནས་ཚུལདངུལ་ཀྲམ་༣,༧༥༠ སྤ་རོ དཀའ་ངལ་འདུག་ཟེར་ཨིན་པས།",164,41
ཕུན་ཚོགས་གླིང་ལུ་སྡོད་མི་ ཨ་ལུ་གསརཔ་སྐྱེས་མི་ཨའི་གིས་ བརྡ་ལམ་གྱི་ནང་དུ་གནས་ཚུལ དེ་ཅིག་ མོག་མོག ལཱ་གཡོག་ལས་ཁུངས་ཀྱི་ ཉེན་སྐྱོབ་ཡོདཔ་སྦེ་ བརྡ་ལམ་གྱི་ནང་དུ་གནས་ཚུལདཀའ་ངལ་འདུག་ཟེར་ཨིན་པས།,183,45
ཕུན་ཚོགས་གླིང་ལུ་སྡོད་མི་ ནི ཨ་ལུ་གསརཔ་སྐྱེས་མི་ཨའི་གིས་ བཞེས་སྒོ་འབད་ནི་ བརྡ་ལམ་གྱི་ནང་དུ་གནས་ཚུལལཱ་གཡོག་ལས་ཁུངས་ཀྱི་ དབང་འདུས ཉེན་སྐྱོབ་ཡོདཔ་སྦེ་ མི་ཆོག་ཟེར་ཨིན་པས།,166,40
ལས་མི་ཚུ་གིས་ བརྡ་ལམ་གྱི་ནང་དུ་གནས་ཚུལཨ་ལུ་གསརཔ་སྐྱེས་མི་ཨའི་གིས་ གཞུང་རྒྱུན བཞེས་སྒོ་འབད་ནི་ ཉུང་མཐའ་དེ་ བརྡ་ལམ་གྱི་ནང་དུ་གནས་ཚུལཉེན་སྐྱོབ་ཡོདཔ་སྦེ་ རི་མོ མི་ཆོག་ཟེར་ཨིན་པས།,174,43
ལས་མི་ཚུ་གིས་ དཀའ་ངལ་ཚུ་ཡོདཔ་བཞིན་དུ་ བརྡ་ལམ་གྱི་ནང་དུ་གནས་ཚུལ བཞེས་སྒོ་འབད་ནི་ གནས་འཁོར ཉུང་མཐའ་དེ་ འགོ་དཔོན་གྱིས་ བརྡ་ལམ་གྱི་ནང་དུ་གནས་ཚུལམི་ཆོག་ཟེར་ཨིན་པས།,158,40
ལས་མི་ཚུ་གིས་ ཆོས་ལྡན་ དཀའ་ངལ་ཚུ་ཡོདཔ་བཞིན་དུ་ མཐའ་སྐྱོང་འབད་མི་སྦེ་ བརྡ་ལམ་གྱི་ནང་དུ་གནས་ཚུལཉུང་མཐའ་དེ་ རྒྱུ་དཀའ།,114,28
མོ་རའི་ཉམས་མྱོང་དང་བསྟུན་ བརྡ་ལམ་གྱི་ནང་དུ་གནས་ཚུལཨམ་སྲུ་གི་ཐོག་ལུ་ གནས་འཁོར སྦེ་ཡོད་མི་དེ་ ལག་ལེན་བསྟར་སྤྱོད་འབད་ནི་གི་ བརྡ་ལམ་གྱི་ནང་དུ་གནས་ཚུལཁྲལ་རིགས་ཚུ་ལྷན་གྲོགས་འབད་དགོཔ་ད་ དགྲ་ཁྲོད་ཕུག མོ་གིས་བཤདཔ་ཨིན་པས།,211,52
མོ་རའི་ཉམས་མྱོང་དང་བསྟུན་ བསངས་མས་ཟེར་ཨིན་པས།,45,11
ལཱ་འབད་ས་ལས་ལོག་ལྷོདཔ་ཅིག་ བརྡ་ལམ་གྱི་ནང་དུ་གནས་ཚུལསྦེ་ཡོད་མི་དེ་ དབྱེ་ཞིབ ལག་ལེན་བསྟར་སྤྱོད་འབད་ནི་གི་ མན་ཆད་འབད་མི་ཚུ་གི་དོན་ལུ་ བརྡ་ལམ་གྱི་ནང་དུ་གནས་ཚུལ མོ་གིས་བཤདཔ་ཨིན་པས།,175,46
མོ་རའི་ཉམས་མྱོང་དང་བསྟུན་ མཆོད་རྟེན བསངས་མས་ཟེར་ཨིན་པས།,55,13
ལཱ་འབད་ས་ལས་ལོག་ལྷོདཔ་ཅིག་ སྡེ་ཚན་གཉིས་ཆ་ར་ལུ་ བརྡ་ལམ་གྱི་ནང་དུ་གནས་ཚུལལག་ལེན་བསྟར་སྤྱོད་འབད་ནི་གི་ ཐིམ་ཕུ མན་ཆད་འབད་མི་ཚུ་གི་དོན་ལུ་ འགོ་དཔོན་གྱིས་བཤད་པའི་ཁར་ བརྡ་ལམ་གྱི་ནང་དུ་གནས་ཚུལབསངས་མས་ཟེར་ཨིན་པས།,203,53
སྒྲིག་གཞི་དང་མ་འཁྲིལ་བར་ སྐྱིན་འགྲུལ་བྱིན་པའི་དང་ལེན་སྙན་ཞུ་ ངན་ལྷད་བཀག་སྡོམ་ལྷན་ཚོགས་ལུ་ཕུལ་ཡོདཔ།,98,23
༉ སྤྱི་ཟླ་༡ པའི་ཚེས་༡༦ ལུ་ སྒྲིག་གཞི་དང་མ་འཁྲིལ་བ་ སྐྱིན་འགྲུལ་བྱིན་པའི་གནད་ཀྱི་ དང་ལེན་འབད་བའི་ སྙན་ཞུ་དེ་ དཔལ་འབྱོར་ལྷན་ཐབས་ལས་རིམ་མ་དངུལ་ཚོགས་ཆུང་གིས་ ངན་ལྷད་བཀག་སྡོམ་ལྷན་ཚོགས་ལུ་ཕུལ་ ཡོདཔ་ཨིན་པས།,199,49
བརྡ་ལམ་གྱི་ནང་དུ་གནས་ཚུལཀྱི་ཤུལ་ལས་ འཕྲུལ་ལས ལུ་ དངུལ་ཀྲམ་ས་ཡ་༣༥.༡༧༧ བརྡ་ལམ་གྱི་ནང་དུ་གནས་ཚུལསྐྱིན་འགྲུལ་འཛིན་གྲོལ་ནང་ སྤ་རོ སླབ་སྟེ་ཡོད་པའི་གནས་ཚུལ།,149,36
གྲོས་བསྟུན་འབད་ཡོདཔ་ཨིན་པས།,27,6
ཉིནམ་༢ བརྡ་ལམ་གྱི་ནང་དུ་གནས་ཚུལལུ་ དབྱེ་གཞི དངུལ་ཀྲམ་ས་ཡ་༣༥.༡༧༧ སྒྲིག་སྟེ་ཡོདཔ་ཨིན་པས།,86,21
དེ་ཡང་ བརྡ་ལམ་གྱི་ནང་དུ་གནས་ཚུལ སླབ་སྟེ་ཡོད་པའི་གནས་ཚུལ།,56,15
བདེ་ཐང་དཀར་ཆགས གྲོས་བསྟུན་འབད་ཡོདཔ་ཨིན་པས།,42,10
ཉིནམ་༢ དང་ལེན་འབད་བའི་ བརྡ་ལམ་གྱི་ནང་དུ་གནས་ཚུལདངུལ་ཀྲམ་ས་ཡ་༣༥.༡༧༧ གནམ་འདུས་བཞིན་དུ སྒྲིག་སྟེ་ཡོདཔ་ཨིན་པས།,106,26
དེ་ཡང་ ནང་འཁོད་ལུ་ བརྡ་ལམ་གྱི་ནང་དུ་གནས་ཚུལགྲོས་བསྟུན་འབད་ཡོདཔ་ཨིན་པས།,70,17
ཉིནམ་༢ སངས་རྒྱས་ཆོས དང་ལེན་འབད་བའི་ འགོ་འདྲེན་འཐབ་ཡོདཔ་ཨིན་པས།,62,15
ཞལ་འཛོམས་སྐབས་ བརྡ་ལམ་གྱི་ནང་དུ་གནས་ཚུལསྒྲིག་སྟེ་ཡོདཔ་ཨིན་པས།,61,14
དེ་ཡང་ འབྲུག ནང་འཁོད་ལུ་ ཐབས་ལམ་བཏོན་དགོ་པའི་སྐོར་ལས་ཡང་ བརྡ་ལམ་གྱི་ནང་དུ་གནས་ཚུལདང་ལེན་འབད་བའི་ ཉེས་ཚོགས འགོ་འདྲེན་འཐབ་ཡོདཔ་ཨིན་པས།,132,32
ཞལ་འཛོམས་སྐབས་ ཟླཝ་༡ བརྡ་ལམ་གྱི་ནང་དུ་གནས་ཚུལནང་འཁོད་ལུ་ ཆོས་ལྡན་ ཐབས་ལམ་བཏོན་དགོ་པའི་སྐོར་ལས་ཡང་ ལོག་ལེན་དགོཔ་དང་ བརྡ་ལམ་གྱི་ནང་དུ་གནས་ཚུལའགོ་འདྲེན་འཐབ་ཡོདཔ་ཨིན་པས།,165,40
དངུལ་ཁང་གིས་ བརྡ་ལམ་གྱི་ནང་དུ་གནས་ཚུལཡན་ལག་ཡིག་ཚང་ལུ་ འབྲུག་པ དངུལ་ཀྲམ་ས་ཡ་༣༥.༣༢ སྒྲིག་གཞི་དང་མ་འཁྲིལ་བ་ བརྡ་ལམ་གྱི་ནང་དུ་གནས་ཚུལ དང་ལེན་འབད་ཡོད་མི་སྙན་ཞུ་ཚུ་ དབྱེ་གཞི བསྒྱུར་བཅོས་འབད་ཡོདཔ་ཨིན་པས།,196,50
དངུལ་ཁང་གིས་ ཟླཝ་༣ བརྡ་ལམ་གྱི་ནང་དུ་གནས་ཚུལདངུལ་ཀྲམ་ས་ཡ་༣༥.༣༢ དཀྱིལ་ར སྒྲིག་གཞི་དང་མ་འཁྲིལ་བ་ སྤྱི་ཟླ་༡༢ བརྡ་ལམ་གྱི་ནང་དུ་གནས་ཚུལབསྒྱུར་བཅོས་འབད་ཡོདཔ་ཨིན་པས།,157,39
གནད་དོན་དེའི་ཐད་ལུ་ བརྡ་ལམ་གྱི་ནང་དུ་གནས་ཚུལལས་བྱེདཔ་ཚོགས་ཆུང་ལུ་ གནམ་འདུས་བཞིན་དུ གནད་དོན་ཐད་ཁར་ རྒྱལ་གཞུང་དངུལ་ལས་དབང་འཛིན་གྱིས་ བརྡ་ལམ་གྱི་ནང་དུ་གནས་ཚུལསྙན་ཞུ་དེ་ འབྲུག་གི་གནས་ཚུལ བཀའ་རྒྱ་གནང་ཡོདཔ་ཨིན་པས།,207,50
གནད་དོན་དེའི་ཐད་ལུ་ འཐུས་ཤོར་བྱུང་ཡོད་པའི་ བརྡ་ལམ་གྱི་ནང་དུ་གནས་ཚུལགནད་དོན་ཐད་ཁར་ གཤེས་ཚན རྒྱལ་གཞུང་དངུལ་ལས་དབང་འཛིན་གྱིས་ འཛིན་སྐྱོང་པ་གོངམ་ཚུ་དང་ བརྡ་ལམ་གྱི་ནང་དུ་གནས་ཚུལ,172,42
སོ་ནམ་སྡེ་ཚན་ནང་ ལས་མི་མ་ལང་པའི་དཀའ་ལང་ ཕྱིའི་ལས་མི་གིས་ བསལ་ཚུགས་ནི་བཟུམ་ཡོདཔ།,79,21
རྒྱབ་སྐྱོར་འབད་ནི་མ་གཏོགས་ ལས་བཟོ ཐོན་ཤུགས་མར་ཉམས་དང་ གནད་དོན་ཅིག་མེན་པར་ བརྡ་ལམ་གྱི་ནང་དུ་གནས་ཚུལ འབྲུག་ལུ་ཕྱིའི་ལས་མི་བཙུགས་ཏེ་ གཞུང་རྒྱུན ཧེ་མ་ལས་ཡོད་པའི་ གྱངས་ཁ་ཡར་སེང་སོང་སྟེ་འདུག།,185,46
འདི་བཟུམ་གྱི་ བརྡ་ལམ་གྱི་ནང་དུ་གནས་ཚུལཐོན་ཤུགས་མར་ཉམས་དང་ རྩོམ་རིག གནད་དོན་ཅིག་མེན་པར་ འཕྲལ་འཕྲལ་སྐབས་རྐྱངམ་གཅིག་དང་ བརྡ་ལམ་གྱི་ནང་དུ་གནས་ཚུལཧེ་མ་ལས་ཡོད་པའི་ གནས་འཁོར གྱངས་ཁ་ཡར་སེང་སོང་སྟེ་འདུག།,194,47
འདི་བཟུམ་གྱི་ ནང་འདྲེན་ལུ་ བརྡ་ལམ་གྱི་ནང་དུ་གནས་ཚུལགནད་དོན་ཅིག་མེན་པར་ རྫོང་ཁ འཕྲལ་འཕྲལ་སྐབས་རྐྱངམ་གཅིག་དང་ ལཱ་མངམ་བཏོན་ནི་མི་འོང་།,131,32
ས་གནས་གཞུང་གི་ཁ་ཐུག་ལས་ བརྡ་ལམ་གྱི་ནང་དུ་གནས་ཚུལགྱངས་ཁ་ཡར་སེང་སོང་སྟེ་འདུག།,75,20
འདི་བཟུམ་གྱི་ རྡོ་རྗེ ནང་འདྲེན་ལུ་ བཟའ་འཐུང་གི་གོང་ཚད་ཡར་སེང་ བརྡ་ལམ་གྱི་ནང་དུ་གནས་ཚུལའཕྲལ་འཕྲལ་སྐབས་རྐྱངམ་གཅིག་དང་ དགེ་འདུན་པ ལཱ་མངམ་བཏོན་ནི་མི་འོང་།,150,37
ས་གནས་གཞུང་གི་ཁ་ཐུག་ལས་ འགྱོ་དོ་ཡོད་མི་དང་ བརྡ་ལམ་གྱི་ནང་དུ་གནས་ཚུལནང་འདྲེན་ལུ་ སྤུ་ན་ཁ བཟའ་འཐུང་གི་གོང་ཚད་ཡར་སེང་ ཡོདཔ་ཨིན་ན་ཟེར་བའི་ བརྡ་ལམ་གྱི་ནང་དུ་གནས་ཚུལལཱ་མངམ་བཏོན་ནི་མི་འོང་།,182,49
འདི་བཟུམ་གྱི་གནས་སྟངས་ལུ་བརྟེན་ བརྡ་ལམ་གྱི་ནང་དུ་གནས་ཚུལདཀའ་ངལ་དང་ དུས་ཆེན ཐོན་ཡོདཔ་ལས་ སོ་ནམ་སྡེ་ཚན་ནང་ཡང་ བརྡ་ལམ་གྱི་ནང་དུ་གནས་ཚུལསོ་ནམ་གྱི་ལཱ་འབད་མི་མེད་པའི་ བཀྲ་ཤིས སྤང་སྦེ་ལུས་ས་མཐོང་མས།,191,49
འདི་བཟུམ་གྱི་གནས་སྟངས་ལུ་བརྟེན་ ཟླ་༥ བརྡ་ལམ་གྱི་ནང་དུ་གནས་ཚུལཐོན་ཡོདཔ་ལས་ ཉེས་ཚོགས སོ་ནམ་སྡེ་ཚན་ནང་ཡང་ འདི་བཟུམ་གྱི་ལཱ་དེ་ བརྡ་ལམ་གྱི་ནང་དུ་གནས་ཚུལསྤང་སྦེ་ལུས་ས་མཐོང་མས།,169,43
བུམ་ཐང་གི་ གྲོང་གསེབ་མགྱོན་སྐྱོང་ཁང་གི་ཚོང་འབྲེལ་ ལོག་ཡར་རྒྱས་འགྱོ་དོ་ཡོདཔ།,75,17
༉ བུམ་ཐང་ལུ་གཞི་བཙུགས་འབད་མི་ གྲོང་གསེབ་མགྲོན་སྐྱོང་ཁང་ཚུ་ ནད་ཡམས་ཀོ་བིཌ་༡༩ གིས་ གནོད་པ་སྦོམ་སྦེ་ར་ རྐྱབ་པའི་ཤུལ་ལུ་ ད་རེས་ལོག་བསྐྱར་གསོ་ འབད་དོ་ཡོདཔ་ཨིན་པས།,157,39
མཁོ་མངགས་འབད་དོ་ཡོདཔ་སྦེ་ཨིན་པས།,32,8
ནད་ཡམས་ཀྱིས་ བརྡ་ལམ་གྱི་ནང་དུ་གནས་ཚུལརང་ལུགས་ཀྱི་ཐོག་ལས་ འབྲུག་པ འོང་འབབ་བཟོ་ས་ ཟླཝ་རེ་ནང་ བརྡ་ལམ་གྱི་ནང་དུ་གནས་ཚུལབཟའ་ཁང་ལེ་ཤ་ཅིག་ར་ ཁྱི གུ་ལུ་ལྷོད་ཡོདཔ་ཨིན་པས།,161,42
ནད་ཡམས་ཀྱིས་ ཐོ་སྦོམ་སྦེ་ར་ཕོག་ཡོདཔ་ཨིན་པས།,43,11
ནད་ཡམས་ཐོན་ཞིནམ་ལས་ཚུར་ བརྡ་ལམ་གྱི་ནང་དུ་གནས་ཚུལ འོང་འབབ་བཟོ་ས་ མོག་མོག ཟླཝ་རེ་ནང་ གཏམ་ཞིང་ལྷ་ཁང་ བརྡ་ལམ་གྱི་ནང་དུ་གནས་ཚུལགུ་ལུ་ལྷོད་ཡོདཔ་ཨིན་པས།,145,38
ནད་ཡམས་ཀྱིས་ རྡོ་རྗེ ཐོ་སྦོམ་སྦེ་ར་ཕོག་ཡོདཔ་ཨིན་པས།,51,13
ནད་ཡམས་ཐོན་ཞིནམ་ལས་ཚུར་ ནང་པའི་ཆོས་འབྲེལ་གྱི་ བརྡ་ལམ་གྱི་ནང་དུ་གནས་ཚུལཟླཝ་རེ་ནང་ བླ་མ གཏམ་ཞིང་ལྷ་ཁང་ རྒྱལ་སྤྱིའི་ལྟ་བཤལ་པའི་དོན་ལུ་ བརྡ་ལམ་གྱི་ནང་དུ་གནས་ཚུལཐོ་སྦོམ་སྦེ་ར་ཕོག་ཡོདཔ་ཨིན་པས།,186,47
རྒྱལ་ཁབ་ནང་ ན་གཞོན་ལཱ་གཡོག་མེད་པའི་ ཚད་གཞི་བརྒྱ་ཆ་༡༧.༨ ཡར་འཕར།,62,16
"ལཱ་གཡོག་འཚོལ་མི་༣,༠༠༠ དེ་ཅིག་གིས་ ལྷན་ཁག་གི་ ཡོངས་འབྲེལ་ལམ་ལུགས་ནང་ ཐོ་བཀོད་འབད་དེ་ཡོདཔ་ཨིན་པས།",95,23
སླབ་མིའི་ནང་ བཀྲ་ཤིས ཀྱི་ བརྒྱ་ཆ་༨༠ བརྡ་ལམ་གྱི་ནང་དུ་གནས་ཚུལ ལྷན་ཁག་གི་ གོ ལྷབ་སྦྱང་དང་ བརྡ་མཚོན་ཅིག་ཡང་ཨིན་ཟེར་ཨིན་པས།,119,31
འབྲུག་ལུ་ བརྡ་ལམ་གྱི་ནང་དུ་གནས་ཚུལཀྱི་ ཧི་མ་ལ་ཡ བརྒྱ་ཆ་༨༠ དགོས་མཁོ་བྱུང་མི་དང་འབྲེལ་ བརྡ་ལམ་གྱི་ནང་དུ་གནས་ཚུལལྷབ་སྦྱང་དང་ བདེ་སྨིན བརྡ་མཚོན་ཅིག་ཡང་ཨིན་ཟེར་ཨིན་པས།,162,41
འབྲུག་ལུ་ ཆ་ཤས་ལས་རིམ་ཅིག་སྦེ་ བརྡ་ལམ་གྱི་ནང་དུ་གནས་ཚུལབརྒྱ་ཆ་༨༠ རིག་གཞུང དགོས་མཁོ་བྱུང་མི་དང་འབྲེལ་ ཚད་གཞི་དེ་ བརྡ་ལམ་གྱི་ནང་དུ་གནས་ཚུལབརྡ་མཚོན་ཅིག་ཡང་ཨིན་ཟེར་ཨིན་པས།,167,42
ད་རེས་ བརྡ་ལམ་གྱི་ནང་དུ་གནས་ཚུལ སྒེར་སྡེ་ ཀུན་གསལ དོན་སྨིན་ཅན་དང་ ལཱ་གཡོག་གི་ བརྡ་ལམ་གྱི་ནང་དུ་གནས་ཚུལསེམས་ཁམས་ འབྲུག འགོ་འདྲེན་འཐབ་ཡོདཔ་ཨིན་པས།,144,35
ད་རེས་ དེ་ལས་ བརྡ་ལམ་གྱི་ནང་དུ་གནས་ཚུལདོན་སྨིན་ཅན་དང་ སངས་རྒྱས་ཆོས ལཱ་གཡོག་གི་ ཡོདཔ་ཨིན་པས།,91,23
ཨང་གྲངས་དེ་ བརྡ་ལམ་གྱི་ནང་དུ་གནས་ཚུལའགོ་འདྲེན་འཐབ་ཡོདཔ་ཨིན་པས།,62,15
ད་རེས་ དགོན་པ དེ་ལས་ སླབ་མིའི་ནང་ བརྡ་ལམ་གྱི་ནང་དུ་གནས་ཚུལལཱ་གཡོག་གི་ འཕྲུལ་ལས ཡོདཔ་ཨིན་པས།,91,23
ཨང་གྲངས་དེ་ ན་གཞོན་སྟོང་ཕྲག་ལས་བཅད་དེ་ བརྡ་ལམ་གྱི་ནང་དུ་གནས་ཚུལདེ་ལས་ བདེ་ཐང་དཀར་ཆགས སླབ་མིའི་ནང་ སླབ་མིའི་ནང་ བརྡ་ལམ་གྱི་ནང་དུ་གནས་ཚུལཡོདཔ་ཨིན་པས།,147,37
བགོ་བཤའི་བདག་དབང་གིས་ དམིགས་གཏད་སེམས་ཤུགས་ལུ་ཁ་སྒྱུར།,53,12
སྡོད་དོ་ཡོདཔ་ཨིན་པས།,20,5
ཁས་བླངས་ཀྱི་ལཱ་དེ་་འཕྲོ་མཐུད་དེ་ར་ དགེ་སློང་དང་ བརྡ་ལམ་གྱི་ནང་དུ་གནས་ཚུལཔའེ་ཐ་ཆུ་གི་བར་ན་བསལ་བའི་ཁར་ འབྲུག་གི་གནས་ཚུལ ཕྱགས་བདར་རྐྱབ་མི་སྡེ་ཚན་གྱིས་ བགོ་བཤའ་དང་བསྟུན་ བརྡ་ལམ་གྱི་ནང་དུ་གནས་ཚུལ འདི་ཚུ་ཨིན་ཟེར་ཁོ་གིས་བཤདཔ་ཨིན་པས།,225,58
བརྡ་ལམ་གྱི་ནང་དུ་གནས་ཚུལཀི་ལོམི་ཊར་༢༥ བདེ་སྨིན སྤྱི་ཟླ་༡༢ གནམ་དགུན་ཐོན་པའི་བསྒང་ལས་ བརྡ་ལམ་གྱི་ནང་དུ་གནས་ཚུལཨའི་པོ་ལི་རོང་ཆུ་དང་ བསོད་ནམས་ ཕྱགས་བདར་གྱི་ལཱ་ཚུ་འབད་ཡོདཔ་ཨིན་པའི་གནས་ཚུལ།,183,46
ཁས་ལས་རིམ་ནང་ བརྡ་ལམ་གྱི་ནང་དུ་གནས་ཚུལསྤྱི་ཟླ་༡༢ འབྲུག གནམ་དགུན་ཐོན་པའི་བསྒང་ལས་ ཇི་ཨེམ་སི་ནང་ བརྡ་ལམ་གྱི་ནང་དུ་གནས་ཚུལཕྱགས་བདར་གྱི་ལཱ་ཚུ་འབད་ཡོདཔ་ཨིན་པའི་གནས་ཚུལ།,163,41
ནགས་ཚལ ཁས་ལས་རིམ་ནང་ ཁོ་གིས་བཤདཔ་ཨིན་པས།,40,11
ལ་ལུ་ཅིག་གིས་ བརྡ་ལམ་གྱི་ནང་དུ་གནས་ཚུལགནམ་དགུན་ཐོན་པའི་བསྒང་ལས་ པདྨ ཇི་ཨེམ་སི་ནང་ མར་བབས་འགྱོ་མི་ལུ་བརྟེན་ བརྡ་ལམ་གྱི་ནང་དུ་གནས་ཚུལཁས་ལས་རིམ་ནང་ ལས་བཟོ ཁོ་གིས་བཤདཔ་ཨིན་པས།,171,44
ལ་ལུ་ཅིག་གིས་ ཆུ་གཟར་སྒང་ བརྡ་ལམ་གྱི་ནང་དུ་གནས་ཚུལཇི་ཨེམ་སི་ནང་ བླ་མ མར་བབས་འགྱོ་མི་ལུ་བརྟེན་ བཅའ་མར་གཏོགས་མི་ནང་ བརྡ་ལམ་གྱི་ནང་དུ་གནས་ཚུལ ཁོ་གིས་བཤདཔ་ཨིན་པས།,158,42
ལ་ལུ་ཅིག་གིས་ རྩོམ་རིག ཆུ་གཟར་སྒང་ སེམས་ཤུགས་འཐེབ་བསྐྱེད་མི་ལུ་བརྟེན་ཨིན་པས།,76,18
དགེ་ལེགས་ཕུག་ལུ་ བརྡ་ལམ་གྱི་ནང་དུ་གནས་ཚུལམར་བབས་འགྱོ་མི་ལུ་བརྟེན་ དགྲ་ཁྲོད་ཕུག བཅའ་མར་གཏོགས་མི་ནང་ ད་རེས་ བརྡ་ལམ་གྱི་ནང་དུ་གནས་ཚུལཆུ་གཟར་སྒང་ དུས་ཆེན སེམས་ཤུགས་འཐེབ་བསྐྱེད་མི་ལུ་བརྟེན་ཨིན་པས།,191,46
དགེ་ལེགས་ཕུག་ལུ་ དེ་ལས་་འབྲུག་མི་ཕྱི་རྒྱལ་ཁབ་ནང་སྡོད་མི་ཚུ་ཡོདཔ་ཨིན་པས།,71,18
སློབ་གྲྭ་དང་ བརྡ་ལམ་གྱི་ནང་དུ་གནས་ཚུལབཅའ་མར་གཏོགས་མི་ནང་ འབྲུག་འཕྲིན་གླིང་ ད་རེས་ ལོ་ངོ་དང་པའི་སློབ་ཕྲུག་སྐྱེས་ལོ་༡༩ བརྡ་ལམ་གྱི་ནང་དུ་གནས་ཚུལ སེམས་ཤུགས་འཐེབ་བསྐྱེད་མི་ལུ་བརྟེན་ཨིན་པས།,183,44
དགེ་ལེགས་ཕུག་ལུ་ ཆོས་ལྡན་ དེ་ལས་་འབྲུག་མི་ཕྱི་རྒྱལ་ཁབ་ནང་སྡོད་མི་ཚུ་ཡོདཔ་ཨིན་པས།,80,20
སློབ་གྲྭ་དང་ བཅའ་མར་གཏོགས་ནིའི་ བརྡ་ལམ་གྱི་ནང་དུ་གནས་ཚུལད་རེས་ དབྱེ་ཞིབ ལོ་ངོ་དང་པའི་སློབ་ཕྲུག་སྐྱེས་ལོ་༡༩ ཁས་བླངས་པ་གཞན་ བརྡ་ལམ་གྱི་ནང་དུ་གནས་ཚུལདེ་ལས་་འབྲུག་མི་ཕྱི་རྒྱལ་ཁབ་ནང་སྡོད་མི་ཚུ་ཡོདཔ་ཨིན་པས།,200,50
སློབ་གྲྭ་དང་ བདེ་ཐང་དཀར་ཆགས བཅའ་མར་གཏོགས་ནིའི་ ཁྱད་འཕགས་ཅན་གྱི་ལཱ་ཅིག་འབད་ཚུགས་པའི་ བརྡ་ལམ་གྱི་ནང་དུ་གནས་ཚུལ ལོ་ངོ་དང་པའི་སློབ་ཕྲུག་སྐྱེས་ལོ་༡༩ གཞི་འཛུགས ཁས་བླངས་པ་གཞན་ ལཱ་ཤུགས་བཏོན་ཐོག་ལས་ བརྡ་ལམ་གྱི་ནང་དུ་གནས་ཚུལབཅའ་མར་གཏོགས་ནིའི་ རྒྱུ་དཀའ།,242,59
"ཁྱད་འཕགས་ཅན་གྱི་ལཱ་ཅིག་འབད་ཚུགས་པའི་ མ་ཎི་བགྱང་པར་ བརྡ་ལམ་གྱི་ནང་དུ་གནས་ཚུལཁས་བླངས་པ་གཞན་ པདྨ ལཱ་ཤུགས་བཏོན་ཐོག་ལས་ ཐིམ་ཕུག་ལས་ཁས་བླངས་པ་༢,༢༠༠ བརྡ་ལམ་གྱི་ནང་དུ་གནས་ཚུལ",166,43
ལོ་ཊསི་བོརན་ཊེལ་ཟེར་མི་ལམ་ གཞུང་འབྲེལ་ཐོག་ འགོ་འབྱེད་འབད་ཡོདཔ།,62,14
འདི་བཟུམ་གྱི་ བརྡ་ལམ་གྱི་ནང་དུ་གནས་ཚུལསའི་མཛེས་བཀོད་ཉམས་སྲུང་དང་ གནམ་འདུས་བཞིན་དུ ཁས་བླངས་པ་༢༠༠ གནོད་ཉེན་ཉུང་བའི་འགྲུལ་སྐྱོད་ བརྡ་ལམ་གྱི་ནང་དུ་གནས་ཚུལགུ་རུ་རིན་པོ་ཆེ་གིས་ ཆོས་ལྡན་ བྱོན་ཡོདཔ་སྦེ་ཨིན་པས།,201,48
འདི་བཟུམ་གྱི་ སྐུ་རྗེས་ལྷ་ཁང་དང་ བརྡ་ལམ་གྱི་ནང་དུ་གནས་ཚུལཁས་བླངས་པ་༢༠༠ རྩོམ་རིག གནོད་ཉེན་ཉུང་བའི་འགྲུལ་སྐྱོད་ གཞུང་འབྲེལ་ཐོག་ལུ་ བརྡ་ལམ་གྱི་ནང་དུ་གནས་ཚུལབྱོན་ཡོདཔ་སྦེ་ཨིན་པས།,174,41
འདི་གིས་ཡང་མ་ཚད་པར་ བརྡ་ལམ་གྱི་ནང་དུ་གནས་ཚུལས་གནས་ལས་བརྒྱུད་དེ་ གར་རྩལ དེ་ཡང་ དེ་ལས་ བརྡ་ལམ་གྱི་ནང་དུ་གནས་ཚུལབརྩི་མཐོང་ཅན་གྱི་ དགེ་འདུན་པ འབྱུང་ཚུགས་ཟེར་ཨིན་པས།,160,41
འདི་གིས་ཡང་མ་ཚད་པར་ ས་གནས་ཀྱི་མི་སྡེ་ཚུ་ལུ་ བརྡ་ལམ་གྱི་ནང་དུ་གནས་ཚུལདེ་ཡང་ ཤེས་ཡོན དེ་ལས་ ནག་སྦྱིས་སྐོར་ཕུག་ལས་སྦེ་ བརྡ་ལམ་གྱི་ནང་དུ་གནས་ཚུལའབྱུང་ཚུགས་ཟེར་ཨིན་པས།,162,42
ལོ་ཊསི་བོརན་ཊེལ་ཟེར་མི་ བརྡ་ལམ་གྱི་ནང་དུ་གནས་ཚུལལམ་སྲོལ་གྱི་ གཞི་འཛུགས གྲོང་གསེབ་མགྲོན་སྐྱོང་ཁང་ རྒྱལཔོ་སིན་དྷུ་ར་ཛ་གིས་ བརྡ་ལམ་གྱི་ནང་དུ་གནས་ཚུལལོ་ཊསི་བོརན་ཊེལ་ཟེར་མི་ལམ་དེ་ ཆེད་གཞི སེལ་ཡོདཔ་ཨིན་པས།,199,48
ལོ་ཊསི་བོརན་ཊེལ་ཟེར་མི་ ས་ཁོངས་ཚུ་ བརྡ་ལམ་གྱི་ནང་དུ་གནས་ཚུལ,59,16
གསོ་བའི་གནད་དོན་དང་འབྲེལ་བའི་སྐོར་ རྒྱལ་ཡོངས་ཚོགས་སྡེ་གིས་ ཞུ་བ་འབད་ཡོདཔ།,73,17
༉ རྒྱལ་ཡོངས་ཚོགས་སྡེ་གིས་ དཔལ་འབྱོར་ཚོགས་ཆུང་གི་ རྒྱལ་ཡོངས་འཕྲོད་བསྟེན་རིམ་ལུགས་བསྐྱར་ཞིབ་དོན་ལུ་ གྲོས་འདེབས་ཁག་༧ ཕུལ་མི་ལས་ གྲོས་འདེབས་བཞི་ ཆ་འཇོག་གནང་ཡོདཔ་ཨིན་པས།,164,37
རྩི་རང་གི་འཐུས་མི་ བརྡ་ལམ་གྱི་ནང་དུ་གནས་ཚུལདཔལ་འབྱོར་ཚོགས་ཆུང་གི་ཁ་ཐུག་ལས་ རྡོ་རྗེ ཡར་སེང་འབད་དེ་ ཡོངས་འབྲེལ་ཨིན་ཊར་ནེཊ་གི་ བརྡ་ལམ་གྱི་ནང་དུ་གནས་ཚུལ ཚུན་ ཚེས་བཅུ བལྟ་དོ་ཡོདཔ་སྦེ་ཨིན་པས།,185,47
རྩི་རང་གི་འཐུས་མི་ ལས་༣ བརྡ་ལམ་གྱི་ནང་དུ་གནས་ཚུལཡར་སེང་འབད་དེ་ མོག་མོག ཡོངས་འབྲེལ་ཨིན་ཊར་ནེཊ་གི་ གསོ་བའི་ཁྱད་རིག་ཞབས་ཏོག་རྩ་བརྟན་ཚུ་ལུ་ བརྡ་ལམ་གྱི་ནང་དུ་གནས་ཚུལབལྟ་དོ་ཡོདཔ་སྦེ་ཨིན་པས།,183,47
རྩི་རང་གི་འཐུས་མི་ ཆོག་མི་སྡུད ལས་༣ བཟོ་དགོཔ་འདུག་ཟེར་ཨིན་པས།,61,16
དཔལ་འབྱོར་ཚོགས་ཆུང་གི་ཁྲི་འཛིན་དང་ བརྡ་ལམ་གྱི་ནང་དུ་གནས་ཚུལཡོངས་འབྲེལ་ཨིན་ཊར་ནེཊ་གི་ མཆོད་རྟེན གསོ་བའི་ཁྱད་རིག་ཞབས་ཏོག་རྩ་བརྟན་ཚུ་ལུ་ སྙན་ཞུའི་ནང་ བརྡ་ལམ་གྱི་ནང་དུ་གནས་ཚུལལས་༣ གཞུང་རྒྱུན བཟོ་དགོཔ་འདུག་ཟེར་ཨིན་པས།,212,51
དཔལ་འབྱོར་ཚོགས་ཆུང་གི་ཁྲི་འཛིན་དང་ གློག་མེ་མཐུན་རྐྱེན་སྙོམས་སྒྲིག་མེད་མི་ བརྡ་ལམ་གྱི་ནང་དུ་གནས་ཚུལགསོ་བའི་ཁྱད་རིག་ཞབས་ཏོག་རྩ་བརྟན་ཚུ་ལུ་ བདེ་ཐང་དཀར་ཆགས སྙན་ཞུའི་ནང་ ཐོ་ཕོག་དོ་ཡོདཔ་སྦེ་ཨིན་པས།,191,46
ཐིམ་ཕུག་གི་འཐུས་མི་ བརྡ་ལམ་གྱི་ནང་དུ་གནས་ཚུལབཟོ་དགོཔ་འདུག་ཟེར་ཨིན་པས།,69,17
དཔལ་འབྱོར་ཚོགས་ཆུང་གི་ཁྲི་འཛིན་དང་ ཚེས་བཅུ གློག་མེ་མཐུན་རྐྱེན་སྙོམས་སྒྲིག་མེད་མི་ ལཱ་གཡོག་དང་ བརྡ་ལམ་གྱི་ནང་དུ་གནས་ཚུལསྙན་ཞུའི་ནང་ རྡོ་རྗེ ཐོ་ཕོག་དོ་ཡོདཔ་སྦེ་ཨིན་པས།,165,39
ཐིམ་ཕུག་གི་འཐུས་མི་ དེ་ལས་ བརྡ་ལམ་གྱི་ནང་དུ་གནས་ཚུལགློག་མེ་མཐུན་རྐྱེན་སྙོམས་སྒྲིག་མེད་མི་ འབྲུག་གི་གནས་ཚུལ ལཱ་གཡོག་དང་ བལྟ་དགོཔ་འོང་ཟེར་ཨིན་པས།,143,34
ཁོ་གིས་འབད་བ་ཅིན་ བརྡ་ལམ་གྱི་ནང་དུ་གནས་ཚུལཐོ་ཕོག་དོ་ཡོདཔ་སྦེ་ཨིན་པས།,68,18
ཐིམ་ཕུག་གི་འཐུས་མི་ རྩོམ་རིག དེ་ལས་ མི་སྟོབས་ལངམ་སྦེ་མེད་མི་དང་ བརྡ་ལམ་གྱི་ནང་དུ་གནས་ཚུལ,88,23
ན་གཞོན་༣༡༩ གིས་ ལོ་བསྟར་ཕུཊ་བཱོལ་བཙག་འཐུ་ནང་ བཅའ་མར་གཏོགས་ཡོདཔ།,63,15
༉ ཐོམ་ཕུག་ལུ་ཡོད་པའི་ འབྲུག་ཕུཌ་བཱོལ་ཨེ་ཀ་ཌ་མི་གིས་ འཕྲལ་ཁམས་ཅིག་ཁར་ རྒྱལ་ཁབ་ཀྱི་རྫོང་ཁག་ཚུ་ནང་ལས་ ན་གཞོན་བཅའ་མར་གཏོགས་མི་ སྒྲིང་སྒྲི་བཟོ་ནིའི་དོན་ལུ་ ལོ་བསྟར་བཙག་འཐུའི་ལས་རིམ་ཅིག་ འགོ་འདྲེན་འཐབ་ཡོདཔ་ཨིན་པས།,207,51
ངལ་རངས་ཡོད་ཟེར་ཨིན་པས།,22,6
ང་བཅས་ཀྱི་དམིགས་གཏད་དེ་ཡང་ ཨེ་མ་དར་ཚི བཙན་སྐྱོགས་རྒྱལ་མཚན་ལུ་བལྟ་སྟེ་ མན་ཆད་འབད་མི་རྩེད་འགྲན་པ་ཚུ་གིས་ བརྡ་ལམ་གྱི་ནང་དུ་གནས་ཚུལ མན་ཆད་འབད་མི་ འབྲུག བསྒྱུར་བཅོས་འབད་ཡི་ཟེར་ཨིན་པས།,178,46
དེ་ཡང་ རྒྱལ་ཡོངས་དང་ བརྡ་ལམ་གྱི་ནང་དུ་གནས་ཚུལབཙན་སྐྱོགས་རྒྱལ་མཚན་ལུ་བལྟ་སྟེ་ བླ་མ མན་ཆད་འབད་མི་རྩེད་འགྲན་པ་ཚུ་གིས་ ལས་བྱེདཔ་ཚུ་ བརྡ་ལམ་གྱི་ནང་དུ་གནས་ཚུལབསྒྱུར་བཅོས་འབད་ཡི་ཟེར་ཨིན་པས།,182,45
དེ་ཡང་ བླ་མ རྒྱལ་ཡོངས་དང་ སྐྱེས་ལོ་༡༥ བརྡ་ལམ་གྱི་ནང་དུ་གནས་ཚུལམན་ཆད་འབད་མི་རྩེད་འགྲན་པ་ཚུ་གིས་ རྒྱུ་དཀའ།,104,27
འབྲུག་རྒྱལ་ཁབ་ནང་ མི་རྒོད་ཟེར་མི་དེ་ ལོ་རྒྱུས་ཙམ་ཨིན་ན།,55,14
༉ ལ་མཐོ་སའི་ས་གནས་ སག་སྟེང་རྒེད་འོག་གི་ལུང་གཤོང་ནང་ མི་རྒོད་ཟེར་པའི་ ལོ་རྒྱུས་དར་ཁྱབ་སོང་མི་དེ་ ད་ལྟོའི་བར་ན་ཡང་ གནས་བཞིན་དུ་ཡོདཔ་ཨིན་པས།,137,36
ལོ་རྒྱུས་ཅིག་ལས་འབད་བ་ཅིན་ གཡུས་མི་ཅིག་ དགོན་པ་ལས་ལོག་སྟེ་ འོང་བའི་ལམ་བར་ལུ་ ཁོ་ར་རྐྱང་གཅིག་ མི་རྒོད་དང་ཕྱད་དེ་ འཐབ་འཛིང་འབད་བའི་ཤུལ་ལུ་ ཁྱིམ་ནང་ལྷོད་མ་ཚུགསཔ་སྦེ་ཨིན་པས།,169,43
ད་རེས་ནངས་པར་ འབད་བའི་བསྒང་ལས་ ལོ་རྒྱུས་དེ་ མིང་ཙམ་ཅིག་ལུ་གྱུར་ཏེ་ ལམ་སྲོལ་གསར་པའི་ཐོག་ལུ་ དུས་སྟོན་གྱི་དམིགས་ཡུལ་བསྐྱེད་དེ་ རྒྱུན་སྐྱོང་དང་ འདི་ཚུ་ཡལ་ཉེན་ཡོད་པའི་ གནས་སྟངས་ཅིག་སྦེ་ཨིན་པས།,188,45
སག་སྟེང་དྲུང་ཁག་གིས་ ཉིནམ་གསུམ་འབད་མིའི་ མི་རྒོད་ཡེ་ཏི་གི་ དུས་སྟོན་བརྩི་སྲུང་འབད་ཡོདཔ་ད་ དུས་སྟོན་འདི་ཁར་ མི་རྒོད་ཀྱི་སྲུང་དང་བསྟུན་ མེ་རག་དང་ སག་སྟེང་གི་ལུང་གཤོང་དེ་ ཚར་གཅིག་སྐོར་ར་རྐྱབ་དོ་ཡོདཔ་སྦེ་ བཤདཔ་ཨིན་པས།,213,51
དུས་སྟོན་དེ་གིས་ འབྱོགཔ་གི་མི་སྡེའི་ ལམ་སྲོལ་ཚུ་ འགྲེམས་སྟོན་འབད་དོ་ཡོདཔ་ཨིན་པས།,80,18
མི་རྒོད་ཚུ་ ཧེ་མ་ང་བཅས་ཀྱི་ གཡུས་སྒོའི་ནང་ སྡོད་དེ་ཡོདཔ་ལས་ ང་བཅས་ཀྱི་ཁ་ཐུག་ལས་ འདི་ཚུ་སྲུང་བཟུམ་ཅིག་སྦེ་ དུས་སྟོན་བརྩི་སྲུང་དང་ ལམ་སྲོལ་བདག་འཛིན་འཐབ་ནི་དེ་ཨིན་ཟེར་ རིན་ཆེན་མཁའ་འགྲོ་གིས་ བཤདཔ་ཨིན་པས།,199,49
ནོར་འཚོ་སྡོད་མི་ འབྱོགཔ་ཚུ་གིས་ འབད་བ་ཅིན་ མི་རྒོད་དེ་ཁོང་གི་ས་ཁོངས་ནང་ གཟུགས་སྦོམ་སྦེ་ཡོད་པའི་ ངོ་རྟགས་ཚུ་འབད་དོ་ཡོད་རུང་ ཚན་རིག་གི་ཁ་ཐུག་ལས་འབདཝ་ད་ ད་ལྟོ་ བདེན་རྟགས་གསལ་སྟོན་ བྱུང་མ་ཚུགསཔ་སྦེ་ཨིན་པས།,201,50
སྐྱེས་ལོ་༥༧ ལང་མི་ དོན་གྲུབ་ཚེ་རིང་གིས་ བཤད་མིའི་ནང་ ཁོ་གིས་ སེམས་ཅན་དེ་ དངོས་སུ་སྦེ་ མཐོང་མཐོངམ་མེད་དེ་འབད་རུང་ གཞན་མི་ཚུ་གིས་ མཐོང་ཡོད་པའི་ལོ་རྒྱུས་དང་ མི་རྒོད་ཀྱི་རྐང་རྗེས་ མཐོང་ཡོདཔ་སྦེ་སླབ་མས་ཟེར་ཨིན་པས།,208,50
སག་སྟེང་དྲུང་པ་ སྐལ་བཟང་རྒྱ་མཚོ་གིས་ བཤད་མིའི་ནང་ དུས་སྟོན་དེ་ ས་གནས་ངེས་བརྟན་མེད་པར་ ག་ཏེ་ཡོད་ས་དེ་ཁ་ལུ་ བརྩི་སྲུང་འབདཝ་ཨིན་ཟེར་ཨིན་པས།,136,35
དུས་སྟོན་དེ་ སའི་ཆགས་རབས་དང་འཁྲིལ་ འབད་དོ་ཡོདཔ་ལས་ དུས་སྟོན་ནང་འོང་མི་ཚུ་གིས་ འབྱོགཔ་ཚུ་གི་ གཉེན་རྐྱབ་ཐངས་དང་ ཁྱིམ་རབ་གནས་འབད་ཐངས་ དེ་ལས་ ས་གནས་ཀྱི་ གཞིས་ཆགས་ག་དེ་ཡོདཔ་ཨིན་ན་ ལྟ་རྟོག་འབད་ཚུགས་དོ་ཡོདཔ་ཨིན་པས།,207,51
དུས་སྟོན་འདི་ཁར་ འབྱོགཔ་ཚུ་ག་ར་གཅིག་ཁར་འཛོམས དེ་ལས་ ཁོང་རའི་སྔར་སྲོལ་བཟང་པོ་ཚུ་ གཅིག་ཁར་སྦེ་ བརྩི་སྲུང་འབད་དོ་ཡོདཔ་སྦེ་ སྐལ་བཟང་རྒྱ་མཚོ་གིས་ བཤདཔ་ཨིན་པས།,153,37
ཁོ་གིས་ འབད་བ་ཅིན་ དུས་སྟོན་དེ་གིས་ སྒོ་ནོར་སེམས་ཅན་གྱི་ འཚོ་སྐྱོང་ཚུ་ འདུམ་འགྲིགས་འབད་དེ་ ཡུན་བརྟན་ཅན་དང་ དེ་ཡང་ གནམ་གཤིས་གནས་སྟངས་འགྱུར་བགྲོད་ལུ་བརྟེན་ ཉེན་ཁ་ཡོད་ནི་དེ་གིས་ཨིན་པས།,181,43
དུས་སྟོན་ལུ་བརྟེན་ ས་གནས་ཀྱི་དཔལ་འབྱོར་དང་ ཚོང་འབྲེལ་ཚུ་ཡར་དྲག་བཏང་ཐོག་ལས་ ཚོང་ཁང་དང་ གྲོང་གསེབ་མགྲོན་སྐྱོང་ཁང་ཚུ་ལུ་ རྒྱབ་སྐྱོར་འབད་དེ་ ས་གནས་ལས་ཐོན་སྐྱེད་འབད་མི་ མར་དང་དར་ཚིལ་ཚུ་ ཚོང་འབྲེལ་འཐབ་ཚུགས་དོ་ཡོདཔ་ཨིན་པས།,215,52
ས་གནས་ནང་སྡོད་མི་ ཐུགས་རྟེན་ལྷ་མོ་གིས་ འབད་བ་ཅིན་ ས་གནས་ནང་ཡོད་པའི་ཚོང་པ་དང་ དཔལ་འབྱོར་ཚུ་ ཡར་དྲག་འགྱོ་ཚུགས་པའི་ རེ་བ་ཡོད་ཟེར་ཨིན་པས།,133,35
དུས་སྟོན་དེ་ ལྟ་བཤལ་ལས་ཁུངས་ཀྱིས་ རྒྱབ་སྐྱོར་ཐོག་ལས་ ལྟ་བཤལཔ་ཚུ་ མང་སུ་འོང་བཅུག་ཐབས་་ལུ་ འགོ་འདྲེན་འཐབ་དོ་ཡོདཔ་སྦེ་ཨིན་པས།,122,29
ལྟ་བཤལཔ་ཚུ་ འཕྲོ་མཐུད་དེ་ར་ ནུབ་ཕྱོགས་དང་ ལྟེ་བའི་ལུང་གཤོང་ཚུ་ནང་ སྡོད་དོ་ཡོདཔ་སྦེ་ཨིན་པས།,90,22
ལྟ་བཤལ་ལས་ཁུངས་ཀྱི་ཁ་ཐུག་ལས་ མི་སྡེའི་དཔལལ་འབྱོར་ལུ་ རྒྱབ་སྐྱོར་དང་ ལུང་གཤོང་གི་ ཐོན་སྐྱེད་ཚུ་ལུ་ རྒྱབ་སྐྱོར་འབད་ཐབས་ལུ་ དམིགས་ཡུལ་བསྐྱེད་དེ་ འབད་ཡོདཔ་ཨིན་པའི་གནས་ཚུལ།,167,38
མོང་སྒར་ཁྲོམ་ཁར་ པར་ཆས་སི་སི་ཊི་བི་ བཙུགས་སྒྲིག་འབད་ཡོདཔ།,57,14
༉ མོང་སྒར་ཁྲོམ་ ཉེན་སྲུང་དང་ལྡནམ་སྦེ་ བཞག་ཐབས་ལུ་ རྫོང་ཁག་བདག་སྐྱོང་གི་ཁ་ཐུག་ལས་ ཁྲོམ་སྡེའི་ནང་ པར་ཆས་སི་སི་ཊི་བི་༣༠ བཙུགས་སྒྲིག་འབད་དེ་ཡོདཔ་ཨིན་པས།,148,37
རིམ་ལུགས་དེ་ མོང་སྒར་རྫོང་ཁག་བདག་སྐྱོང་གིས་ ཁྲིམས་སྲུང་འགག་སྡེའི་ སྡེ་ཚན་ལུ་ གཞུང་འབྲེལ་ཐོག་ལས་ རྩིས་སྤྲོད་འབད་ཡོདཔ་ཨིན་པས།,123,27
ལས་འགུལ་དེ་ ཟད་འགྲོ་དངུལ་ཀྲམ་ས་ཡ་༢.༩༨ བཏང་ཐོག་ལས་ རྫོང་ཁག་བདག་སྐྱོང་གིས་ བཙུགས་སྒྲིག་འབད་ཡོདཔ་ཨིན་པས།,101,24
ད་ལས་ཕར་འབད་བ་ཅིན་ ཁྲིམས་སྲུང་འགག་སྡེའི་ཁ་ཐུག་ལས་ ལག་ལེན་དང་ ལྟ་རྟོག་ཚུ་འབད་ནི་ཨིནམ་ད་ དེ་ཡང་ རྫོང་ཁག་གི་ བརྡ་དོན་འཕྲུལ་རིག་ལས་ཁུངས་ཀྱི་ འཕྲུལ་ལས་པའི་ གྲོགས་རམ་ཐོག་ལུ་ ལག་ལེན་བསྟར་སྤྱོད་འབད་ནི་ཨིན་པས།,200,50
ཁྲིམས་འགལ་དང་འབྲེལ་བའི་གནད་དོན་གྱིས་ མ་ཚད་པར་ སྣུམ་འཁོར་འགྲོ་འགྲུལ་གྱི་ སྒྲིག་གཞི་ཚུ་ལུ་ཡང་ ཕན་ཐོགས་བྱུང་ཚུགས་ཟེར་ཨིནམ་ད་ ཁྲོམ་ཁར་ གཞི་རྟེན་མཐུན་རྐྱེན་དང་འབྲེལ་བའི་ མཁོ་ཆས་འཛིན་སྐྱོང་འབད་ནི་ལུ་ རྒྱབ་སྐྱོར་འབད་ཚུགས་ཟེར་ཨིན་པས།,225,51
གོ་རིམ་གཉིས་པའི་ནང་ རྫོང་ཁག་གིས་ པར་ཆས་བཙུགས་སྒྲིག་འབད་ནི་ ཡར་སེང་འབད་དེ་ རྒྱལ་པོའི་ཞིང་དང་ སྐྱིད་བདེ་མཁར་ དེ་ལས་ གླིང་མི་ཐང་ཚུ་ནང་ཡང་ བཙུགས་སྒྲིག་འབད་ནི་ཨིན་པའི་གནས་ཚུལ།,170,41
ཞིབ་འཇུག་དབྱེ་ཞིབ་དང་པའི་ནང་ སོ་ནམ་དང་ སྒོ་ནོར་སྡེ་ཚན་ལུ་ བསྒྱུར་བཅོས་འགྱོ་དོ་ཡོདཔ།,83,20
འཆར་དངུལ་བགོ་བཀྲམ་འབད་མི་ལས་ བརྒྱ་ཆ་༨༣.༦ ལཱ་བཀོལ་ཚར་ཏེ་ཡོདཔ་ད་ སྡེ་ཚན་གྱིས་ འགྲོས་ཀྱིས་བཏང་སྟེ་ ཡར་དྲག་འགྱོ་དོ་ཡོདཔ་ལས་ ཐོན་སྐྱེད་འབད་ནི་ལུ་ ལཱ་ཁག་དང་ གདོང་ལེན་ཚུ་འཕྲོ་མཐུད་དེ་ར་ བྱུང་དོ་ཡོདཔ་འབད་ཨིན་པས།,203,50
སྤྱི་ལོ་༢༠༡༥ དང་༢༠༢༤ གི་ནང་འཁོད་ལུ་ གནས་ཐོ་གསལ་སྟོན་འབད་མི་ལྟར་དུ་འབད་བ་ཅིན་ ད་ལྟོ་གི་ཚ་གྱང་ཅིག་དེ་ ལོ་ཐོག་བསྡུ་གསོག་ངེས་བརྟན་མེད་མི་དང་ ཐོན་སྐྱེད་འབྱ་དང་ གེ་ཟ་གཙོ་བོ་ཚུ་ མར་བབས་སོང་མི་ལུ་བརྟེན་ཨིནམ་སྦེ་ཨིན་པས།,210,55
རྒྱལ་ཡོངས་རྩིས་དཔྱད་བཀོད་འཛིན་གྱིས་ འགོ་ཐོག་དབྱེ་ཞིབ་༢༠༢༥ ཅན་མའི་ སོ་ནམ་དང་ སྒོ་ནོར་ཞིབ་དཔྱད་ གསལ་སྟོན་འབད་མིའི་ནང་ གྲུབ་འབྲས་ཚུ་ སྣ་ཚོགས་སྦེ་ཐོན་ཏེ་ཡོདཔ་སྦེ་ཨིན་པས།,165,38
མཱོན་བྱཱ་འབད་བ་ཅིན་ ས་ཆ་ཨེ་ཀར་༩༩ ནང་ལས་ ཐོན་སྐྱེད་མེ་ཊིག་ཊོན་༣༠ འབད་ཡོདཔ་ད་ འདི་ཚུ་ད་ལྟོ་ བསྡུ་གསོག་འབད་བའི་བསྒང་ཨིནམ་ལས་ ས་ཆ་ཨེ་ཀར་༣༠ ནང་ལས་ མེ་ཊིག་ཊོན་༡༠ ཐོན་སྐྱེད་འབད་དེ་ ཡོདཔ་ཨིན་པས།,186,50
"ལོ་འཁོར་བཞི་དཔྱ་མཇུག་གི་སྐབས་ལུ་ འབད་བ་ཅིན་ འབྱ་གི་ཐོན་སྐྱེད་དེ་ ས་ཆ་ཨེ་ཀར་༢༡,༡༥༢ ནང་ལས་ ཐོན་སྐྱེད་མེ་ཊིག་ཊོན་༤༤,༨༧༣ འབད་བའི་ཁར་ གེ་ཟ་འབད་བ་ཅིན་ མེ་ཊིག་ཊོན་༩,༢༥༦ ཐོན་སྐྱེད་འབད་དོ་ཡོདཔ་སྦེ་ཨིན་པས།",195,49
མར་ཁུའི་ཐོན་སྐྱེད་འབད་བ་ཅིན་ དུས་བཞིའི་ནང་ ག་ར་འདྲ་མཉམ་མཚམས་ཅིག་སྦེ་ འོང་དོ་ཡོདཔ་ད་ པད་ཀར་མར་ཁུ་དེ་ བཞི་དཔྱ་དང་པའི་ནང་ མེ་ཊིག་ཊོན་༡༢༠ དང་ སྲནམ་ཅུམ་གྱི་ཐོན་སྐྱེད་དེ་ མེ་ཊིག་ཊོན་༧༥ འབད་དོ་ཡོདཔ་སྦེ་ཨིན་པས།,202,52
བ་དམ་གྱི་ཐོན་སྐྱེད་དེ་ དུས་བཞི་ག་ར་འདྲ་མཉམ་མཚམས་སྦེ་ཡོད་རུང་ སྲནམ་གིས་འབད་བ་ཅིན་ བཞི་དཔྱ་བཇུག་གི་སྐབས་ལུ་ མེ་ཊིག་ཊོན་༢༦༥ ཐོན་སྐྱེད་འབད་དོ་ཡོདཔ་སྦེ་ཨིན་པས།,154,39
དེ་འབདཝ་ད་ ནང་འདྲེན་དེ་ ཤུགས་ཆེ་སུ་སྦེ་ར་ཡོད་མི་ལས་ དངུལ་ཀྲམ་ཐེར་འབུམ་༡༡.༨ ཀྱི་རྩིས་ ནང་འདྲེན་འབད་དོ་ཡོདཔ་ལས་ ཆུམ་ གེ་ཟ་ བོད་སྲནམ་ ཀར་ དེ་ལས་ གུན་ཆ་ཚུ་བསྡོམས་ དངུལ་ཀྲམ་ཐེར་འབུམ་༨.༢༩ གི་རྩིས་ ནང་འདྲེན་འབད་དོ་ཡོདཔ་སྦེ་ཨིན་པས།,223,54
ལག་ལེན་མ་འཐབ་པར་ལུས་མི་ རྩིས་ཁྲ་ཚུ་ གཡོ་སྒྱུའི་ནང་ཚུད་ཉེན།,58,15
༉ རྒྱལ་ཁབ་ཀྱི་ དངུལ་འབྲེལ་གྱི་ བཙུག་སྡེ་ཚུ་ནང་ དངུལ་ཁང་གི་རྩིས་ཁྲ་ ལག་ལེན་མ་འཐབ་པར་བཞག་མི་དང་ དངུལ་ཁང་སོ་སོ་ཚུ་ནང་ སྤོ་སོར་འབད་མི་ སྟོང་ཕྲག་ལས་བཅད་དེ་ ཡོདཔ་ཨིན་པས།,163,42
དངུལ་འབྲེལ་གཙུག་སྡེ་༢ ཀྱིས་ སླབ་མི་དང་འཁྲིལཝ་ད་ དངུལ་ཁང་གི་ ལམ་ལུགས་ནང་ དངུལ་རྩིས་ལག་ལེན་ མ་འཐབ་པར་ལུས་མི་དེ་ ཐོན་བཞིན་ཡོདཔ་བཞིན་དུ་ རྩིས་ཁྲ་མང་ཤོས་ཅིག་ནང་ ཏི་རུ་ཡང་ མངམ་བཞག་སྟེ་ མེདཔ་ཨིན་པས།,191,47
ད་ལྟོའི་ དངུལ་འབྲེལ་ལག་ལེན་འོག་ལུ་ དངུལ་ཁང་ཚུ་གིས་ གལ་སྲིད་ ཚོང་མགྲོན་པ་ཚུ་གིས་ རྩིས་ཁྲ་དེ་ ལོ་༡ ཡང་ཅིན་ དེ་ལས་ལྷག་སྟེ་ ལག་ལེན་མ་འཐབ་པ་ཅིན་ ལག་ལེན་འཐབ་ནི་མེད་པའི་ དབྱེ་ཁག་ནང་ ངོས་ལེན་འབད་དོ་ ཡོདཔ་ཨིན་པས།,203,52
རྩིས་ཁྲ་ལག་ལེན་མ་འཐབ་མི་དེ་ ན་གཞོན་དང་ གྲོང་གསེབ་མི་རློབས་ དེ་ལས་ འབྲུག་མི་ཕྱི་ཁར་སྡོད་མི་བརྩིས་ཏེ་ ཚོང་མགྲོན་པའི་ སྡེ་ཚན་ག་རའི་ནང་ ཡོདཔ་ཨིན་པས།,144,36
"འབྲུག་རྒྱལ་ཡོངས་དངུལ་ནང་ རྒྱུན་སྐྱོང་དང་ གསོག་འཇོག་རྩིས་ཁྲ་༡༡,༠༠༠ དེ་ཅིག་ ལག་ལེན་མ་འཐབ་པར་ཡོདཔ་སྦེ་ མངོན་གསལ་བྱུང་མི་དེ་ཡང་ རྩིས་ཁྲ་ཡོངས་བསྡོམས་ལས་ བརྒྱ་ཆ་༤ གི་ རྩིས་ཨིན་པས།",173,40
"འབྲུག་རྒྱལ་ཡོངས་དངུལ་ཁང་གི་ འགོ་དཔོན་ཅིག་གིས་ སླབ་མིའི་ནང་ རྩིས་ཁྲ་མང་ཤོས་ཅིག་ནང་ ཏི་རུ་༡,༠༠༠ འོག་རྒྱུ་ཡོདཔ་ད་ གསོག་འཇོག་རྩིས་ཁྲ་ ལ་ལུ་ཅིག་ནང་ ཏི་རུ་ཕུག་རྡོག་གཅིག་ར་ མིན་འདུག་ཟེར་ཨིན་པས།",186,45
དེ་བཟུམ་སྦེ་ ཀྲི་དངུལ་ཁང་དང་འཁྲིལ་བ་ཅིན་ དངུལ་ཁང་གི་ རྩིས་ཁྲ་ཡོངས་བསྡོམས་ལས་ རྩིས་ཁྲ་བརྒྱ་ཆ་༡༢ དེ་ཅིག་ ལག་ལེན་མ་འཐབ་པར་ ཡོདཔ་ཨིན་པས།,132,33
ཁོ་གིས་འབད་བ་ཅིན་ རྩིས་ཁྲ་ལག་ལེན་མ་འཐབ་པར་ བཞག་མི་དེ་ གནད་དོན་གཅིགཔོ་དེ་ ཚོང་མགྲོན་པ་ཚུ་གིས་ དངུལ་འབྲེལ་གཞན་ཅིག་ནང་ རྩིས་ཁྲ་བཟོ་སྟེ་ རྩིས་ཁྲ་རྙིངམ་དེ་ ལག་ལེན་འཐབ་ནི་ལས་ བཤོལ་བཞག་དོ་ འོང་ནི་མས་ཟེར་ཨིན་པས།,203,51
ཁོང་གིས་འབད་བ་ཅིན་ ཚོང་མགྲོན་པ་ཚུ་ལུ་ བརྒྱུད་འཕྲིན་དང་ ཡོངས་འབྲེལ་ཨི་མཱལ་ དེ་ལས་ མི་སྡེ་བརྡ་བརྒྱུད་ཐོག་ལས་ དྲན་གསོ་འབད་རུང་ མང་ཤོས་ཅིག་གིས་ ངོས་ལེན་འབད་མི་ བཏུབ་པས་ཟེར་ཨིན་པས།,175,42
གནད་དོན་སེལ་ཐབས་ལུ་ ཊི་དངུལ་ཁང་གིས་ ཕྱི་ཁར་སྡོད་མི་འབྲུགཔ་ཚུ་ལུ་ ཁྱོད་ཀྱིས་ཁྱོད་རའི་ཚོང་མགྲོན་པ་ཤེས་དགོ་ཟེར་བའི་ རྩིས་ཁྲ་གི་ འབྲི་ཤོག་ཕོམ་དུས་མཐུན་འབད་ནི་ལུ་ ཁོང་རའི་ཡོངས་འབྲེལ་ ཨི་མཱལ་ནང་ བཏང་ཡི་ཟེར་ཨིན་པས།,207,50
འབྲུག་རྒྱལ་ཡོངས་དངུལ་ལས་ འགོ་དཔོན་ཅིག་ཅིག་གིས་ སླབ་མིའི་ནང་ རང་སོའི་རྩིས་ཁྲ་དེ་ ལག་ལེན་འཐབ་བཏུབ་བཟོ་ནི་ལུ་ རྩིས་ཁྲ་ནང་ ཏི་རུ་བཙུགས་ནི་དེ་ར་ ཨིན་ཟེར་ཨིན་པས།,155,38
ད་རེས་ དངུལ་ཁང་ཚུ་གིས་ རྩིས་ཁྲ་ལག་ལེན་མ་འཐབ་མི་ཚུ་ལུ་ ཉེས་བྱ་ཚུ་ མི་བཀལ་དོ་ཡོདཔ་ད་ དངུལ་ཁང་ཚུ་གིས་ ཚོང་འབྲེལ་པ་ཚུ་དང་ བརྒྱུད་འཕྲིན་ཐོག་ལས་ ཕྱད་དོ་ཡོདཔ་ཨིན་པས།,158,41
རྩིས་ཁྲ་ལག་ལེན་མ་འཐབ་པར་ ལོ་༡༠ ལང་པ་ཅིན་ རྩིས་ཁྲ་ནང་ཡོད་པའི་ ཏི་རུ་ཚུ་ རྒྱུ་དངོས་སྣང་མེད་བཅའ་ཡིག་དང་སྒྲིག་གཞི་༢༠༢༨ ཅན་མ་དང་འཁྲིལ་ཏེ་ རྒྱལ་གཞུང་དངུལ་ལས་དབང་འཛིན་ལུ་ རྩིས་སྤྲོད་འབད་ནི་ཨིན་པས།,189,48
རྩིས་ཁྲ་སྣང་མེད་སྦེ་ ལག་ལེན་མ་འཐབ་པར་ བཞག་མི་ལུ་ བདག་སྐྱོང་དང་འབྲེལ་བའི་ལཱ་ཡོདཔ་ད་ ཊི་དངུལ་ཁང་གིས་འབད་བ་ཅིན་ དེ་བཟུམ་མའི་ རྩིས་ཁྲ་ཚུ་ ལག་ལེན་དང་དངུལ་འབྲེལ་གྱི་ ཉེན་ཁ་ཡོད་ཟེར་ཨིན་པས།,181,46
རྩིས་ཁྲ་ནང་ ཏི་རུ་ཕུད་རྡོག་གཅིག་ར་མེད་མི་ཚུ་ དངུལ་ཁང་གི་ལམ་ལུགས་ནང་ལས་ རང་བཞིན་གྱིས་ སྒོ་བསྡམས་འགྱོ་དོ་ཡོདཔ་ཨིན་པས།,115,29
འགོ་དཔོན་ཚུ་གིས་ བཤད་མིའི་ནང་ རྩིས་ཁྲ་ལག་ལེན་མ་འཐབ་པར་ ཡུན་འགྱངས་སྦེ་ མ་ལུས་ནི་གི་དོན་ལུ་ གོ་བ་བརྡ་སྤྲོད་ཡར་སེང་དང་ ཁྱོད་ཀྱིས་ཁྱོད་རའི་ཚོང་མགྲོན་པ་ཤེས་དགོ་ཟེར་བའི་ འབྲི་ཤོག་བཀང་སྟེ་ དུས་མཐུན་བཟོ་ནི་ ཁག་ཆེ་ཟེར་ ཨིན་པའི་གནས་ཚུལ།,226,56
འཛམ་གླིང་བཟའ་སྤྱོད་ལས་རིམ་གྱིས་ ཟས་བཅུད་དང་ གློ་བུར་གྲ་སྒྲིག་གི་ རྒྱབ་སྐྱོར་འབད་དོ་ཡོདཔ།,88,20
༉ རྒྱལ་ཁབ་ནང་མི་རློབས་བརྒྱ་ཆ་༨༦ དེ་ཅིག་གིས་ ཚོད་བསྲེ་དང་ ཤིང་འབྲས་ཚུ་ ལངམ་སྦེ་མི་སྤྱོད་པའི་ཁར་ ཁྱིམ་གུང་༢༧ དེ་ཅིག་གིས་ རང་སོའི་དགོས་མཁོ་དང་བསྟུན་པའི་ ཟས་བཅུད་ལྡན་ཚུ་ སྤྱོད་མི་ཚུགས་དོ་ཡོདཔ་ཨིན་པས།,195,48
སོ་ནམ་སྡེ་ཚན་ནང་ བརྡ་ལམ་གྱི་ནང་དུ་གནས་ཚུལལྕོགས་གྲུབ་ཡར་སེང་གི་ ནགས་ཚལ འཛམ་གླིང་བཟའ་སྤྱོད་ལས་རིམ་གྱིས་ ཞིབ་འཇུག་ཚུ་ བརྡ་ལམ་གྱི་ནང་དུ་གནས་ཚུལསྦྱོང་བརྡར་བྱིན་མི་གིས་ ཐིམ་ཕུ རྒྱབ་སྐྱོར་ཚུ་འབད་དོ་ཡོདཔ་སྦེ་ཨིནཔ་པས།,208,50
སོ་ནམ་སྡེ་ཚན་ནང་ འདི་བཟུམ་གྱི་ལྡུམ་ར་༢༥ བརྡ་ལམ་གྱི་ནང་དུ་གནས་ཚུལ འཛམ་གླིང་བཟའ་སྤྱོད་ལས་རིམ་གྱིས་ ཆུ་སྒྲིག ཞིབ་འཇུག་ཚུ་ འཕྲོ་མཐུད་ཅན་གྱི་ བརྡ་ལམ་གྱི་ནང་དུ་གནས་ཚུལརྒྱབ་སྐྱོར་ཚུ་འབད་དོ་ཡོདཔ་སྦེ་ཨིནཔ་པས།,199,49
རྒྱལ་ཡོངས་ནང་ བརྡ་ལམ་གྱི་ནང་དུ་གནས་ཚུལདམིགས་ཡུལ་ལུ་ གོ རྩི་རང་ཚུ་ནང་ ཟས་བཅུད་ལྡན་པའི་ བརྡ་ལམ་གྱི་ནང་དུ་གནས་ཚུལལུ་ བཀྲ་ཤིས གཙོ་རིམ་སྒྲིག་དོ་ཡོདཔ་སྦེ་ཨིན་པས།,155,38
རྒྱལ་ཡོངས་ནང་ ཟས་བཅུད་ལྡན་ཚུ་ བརྡ་ལམ་གྱི་ནང་དུ་གནས་ཚུལརྩི་རང་ཚུ་ནང་ བདེ་ཐང་དཀར་ཆགས ཟས་བཅུད་ལྡན་པའི་ གདོང་ལེན་ཡོདཔ་སྦེ་གསལ་སྟོན་བྱུང་བའི་ཁར་ བརྡ་ལམ་གྱི་ནང་དུ་གནས་ཚུལགཙོ་རིམ་སྒྲིག་དོ་ཡོདཔ་སྦེ་ཨིན་པས།,197,48
ཕུན་ཚོགས་གླིང་ ཕུཊི་བཱོལ་རྩེད་ཐང་གི་ ས་བསླང་རྟེན་འབྲེལ།,55,12
༉ སྤྱི་ཟླ་༥ པའི་ཚེས་༨ ལུ་ ཕུན་ཚོགས་གླིང་ལུ་ རྒྱལ་སྤྱི་གནས་ཚད་ཀྱི་ ཕུཊ་བཱོལ་རྩེད་ཐང་ངམ་ རྩེད་ར་ བཟོ་སྐྲུན་འབད་ནི་གི་ ས་བསླང་རྟེན་འབྲེལ་འབད་མི་དང་འབྲེལ་ ཁྱད་འཕགས་ཅན་གྱི་ འཇིགས་མེད་རྡོ་རྗེ་དབང་ཕྱུག་རྗེས་དྲན་གཱོལ་ཀབ་ ལོག་འགོ་བཙུགས་ནི་ཨིན་པས།,237,57
གཞི་བཙུགས་འབད་ཡོདཔ་ཨིན་པས།,26,6
ཕུན་ཚོགས་གླིང་ལུ་ ཁྱིམ་གྱི་དཀའ་ངལ་ཡོད་མི་གིས་ འོང་འབབ་ཆུང་བའི་བཟའ་ཚང་ཚུ་ ས་མཚམས་ཕྱི་ཁར་ འགྱོ་དོ་ཡོདཔ།,101,25
༉ ཕུན་ཚོགས་གླིང་གི་ཁྲོམ་ཁར་ གཞུང་གིས་ཁས་བླངས་ཚུ་ག་དེ་སྦེ་འབད་རུང་ ཚོང་ཁྲོམ་གྱི་ས་ཁོངས་ནང་ སྡོད་ཁྱིམ་ལང་མ་ཚུགས་པའི་དཀའ་ངལ་ལུ་བརྟེན་ འབྲུག་མི་མང་ཤོས་ཅིག་ ས་མཚམས་ཕྱི་ཁར་ ཇའེ་སྒང་ལུ་ ཁྱིམ་འཚོལ་ཏེ་སྡོད་དོ་ཡོདཔ་སྦེ་ཨིན་པས།,216,54
རྐྱབ་དོ་ཡོད་མི་ཚུ་ སངས་རྒྱས་ཆོས ཚོང་འབྲེལ་དང་ཆ་མཐུན་ཡོད་ནི་དེ་གིས་ ཇའེ་སྒང་ལུ་ བརྡ་ལམ་གྱི་ནང་དུ་གནས་ཚུལ མཇུག་བསྡུ་ཚུགས་ནི་ཨིན་པས།,129,33
བཟའ་ཚང་ག་དེ་ཅིག་ བརྡ་ལམ་གྱི་ནང་དུ་གནས་ཚུལཁྱིམ་ཚུ་རྒྱ་སྐྱེད་འབད་དེ་འབད་བ་ཅིན་ དགེ་འདུན་པ སྐྱོ་དྲགས་སྦེ་ ལས་འཛིན་གྱི་༥༥ བརྡ་ལམ་གྱི་ནང་དུ་གནས་ཚུལཁང་གླ་མཐོ་དྲགས་སྦེ་སླབ་ནི་དེ་གིས་ ཆུ་སྒྲིག འཐོན་དོ་ཡོདཔ་ཨིན་པས།,205,52
བཟའ་ཚང་ག་དེ་ཅིག་ བགོ་བཀྲམ་གྱི་བར་ན་ བརྡ་ལམ་གྱི་ནང་དུ་གནས་ཚུལསྐྱོ་དྲགས་སྦེ་ ཨེ་མ་དར་ཚི ལས་འཛིན་གྱི་༥༥ ཡུན་རིངམོ་སྦེ་ར་བྱུང་མི་དེ་ བརྡ་ལམ་གྱི་ནང་དུ་གནས་ཚུལའཐོན་དོ་ཡོདཔ་ཨིན་པས།,173,45
བཟའ་ཚང་ག་དེ་ཅིག་ བདེ་སྨིན བགོ་བཀྲམ་གྱི་བར་ན་ རྒྱ་སྐྱེད་ཚུ་འབད་ནི་ཨིན་པས།,72,19
རྒྱལ་ཡོངས་ཁྱིམ་བཟོ་གོང་འཕེལ་ལས་འཛིན་གྱིས་ བརྡ་ལམ་གྱི་ནང་དུ་གནས་ཚུལལས་འཛིན་གྱི་༥༥ ནགས་ཚལ ཡུན་རིངམོ་སྦེ་ར་བྱུང་མི་དེ་ ནུབ་བེང་གཱལ་གྱི་ བརྡ་ལམ་གྱི་ནང་དུ་གནས་ཚུལབགོ་བཀྲམ་གྱི་བར་ན་ ཀུན་གསལ རྒྱ་སྐྱེད་ཚུ་འབད་ནི་ཨིན་པས།,211,52
རྒྱལ་ཡོངས་ཁྱིམ་བཟོ་གོང་འཕེལ་ལས་འཛིན་གྱིས་ བཟོ་སྐྲུན་འབད་དོ་ཡོདཔ་སྦེ་ཨིན་པས།,75,17
ལས་འཛིན་གྱི་ཁ་ཐུག་ལས་ བརྡ་ལམ་གྱི་ནང་དུ་གནས་ཚུལཡུན་རིངམོ་སྦེ་ར་བྱུང་མི་དེ་ ཁྱི ནུབ་བེང་གཱལ་གྱི་ གདོང་ལེན་བྱུང་ནི་ཨིན་མས་ཟེར་ཨིན་པས།,130,33
གཞན་ཡང་ བརྡ་ལམ་གྱི་ནང་དུ་གནས་ཚུལ རྒྱ་སྐྱེད་ཚུ་འབད་ནི་ཨིན་པས།,60,16
རྒྱལ་ཡོངས་ཁྱིམ་བཟོ་གོང་འཕེལ་ལས་འཛིན་གྱིས་ མདའ་རྩེད བཟོ་སྐྲུན་འབད་དོ་ཡོདཔ་སྦེ་ཨིན་པས།,84,19
ལས་འཛིན་གྱི་ཁ་ཐུག་ལས་ རྒྱལ་སྤྱིའི་ས་མཚམས་སྒོ་ར་སྒོ་བསྡམས་མི་ལུ་བརྟེན་ བརྡ་ལམ་གྱི་ནང་དུ་གནས་ཚུལནུབ་བེང་གཱལ་གྱི་ ཨེ་མ་དར་ཚི གདོང་ལེན་བྱུང་ནི་ཨིན་མས་ཟེར་ཨིན་པས།,157,40
གཞན་ཡང་ མཁོ་འདོད་བཀོད་མི་དང་ བརྡ་ལམ་གྱི་ནང་དུ་གནས་ཚུལབཟོ་སྐྲུན་འབད་དོ་ཡོདཔ་སྦེ་ཨིན་པས།,86,21
ལས་འཛིན་གྱི་ཁ་ཐུག་ལས་ གྲོང་ཚོ རྒྱལ་སྤྱིའི་ས་མཚམས་སྒོ་ར་སྒོ་བསྡམས་མི་ལུ་བརྟེན་ ཁྲོམ་ཁར་གཞི་སྤོ་འོང་མིའི་གྱངས་ཁ་ བརྡ་ལམ་གྱི་ནང་དུ་གནས་ཚུལ གདོང་ལེན་བྱུང་ནི་ཨིན་མས་ཟེར་ཨིན་པས།,171,43
ཁྱིམ་ནང་སྡོད་མིའི་གནས་ཐོ་དང་འཁྲིལ་བ་ཅིན་ བརྡ་ལམ་གྱི་ནང་དུ་གནས་ཚུལ,65,17
དར་དཀར་དཔལ་ལ་སྨན་ཁང་ནང་ གསོ་བའི་འཕྲོད་བསྟེན་མཐའ་སྐྱོང་ གསརཔ་གཞི་བཙུགས།,70,16
ག་ར་འབད་རུང་ འབྲུག་འཕྲིན་གླིང་ མི་རྒན་ཤོས་དང་ རང་རྐྱང་གི་ཐོག་ལས་ བརྡ་ལམ་གྱི་ནང་དུ་གནས་ཚུལ མཉམ་འབྲེལ་འབད་ཡོདཔ་ཨིན་པས།,116,29
མཐུན་རྐྱེན་བཟོ་སྐྲུན་འབད་མི་གིས་ བརྡ་ལམ་གྱི་ནང་དུ་གནས་ཚུལརང་རྐྱང་གི་ཐོག་ལས་ དགོན་པ གོང་འཕེལ་ལས་རིམ་དེ་གིས་ ཞབས་ཏོག་གོང་འཕེལ་གྱི་ བརྡ་ལམ་གྱི་ནང་དུ་གནས་ཚུལགྲུབ་འབྲས་བྱུང་ཐབས་ཅིག་ཨིནམ་ད་ ཉེས་ཚོགས མཐུན་རྐྱེན་གཞི་བཙུགས་འབད་མི་དེ་ཨིན་པས།,231,55
མཐུན་རྐྱེན་བཟོ་སྐྲུན་འབད་མི་གིས་ བཟོ་ཚུགས་ཟེར་ བརྡ་ལམ་གྱི་ནང་དུ་གནས་ཚུལགོང་འཕེལ་ལས་རིམ་དེ་གིས་ བདེ་ཐང་དཀར་ཆགས ཞབས་ཏོག་གོང་འཕེལ་གྱི་ གོང་འཕེལ་ཟེར་མི་དེ་ བརྡ་ལམ་གྱི་ནང་དུ་གནས་ཚུལམཐུན་རྐྱེན་གཞི་བཙུགས་འབད་མི་དེ་ཨིན་པས།,214,51
དེ་ཁར་ བརྡ་ལམ་གྱི་ནང་དུ་གནས་ཚུལརྒྱབ་སྐྱོར་ལས་རིམ་དེ་ སྟག་ཚང མི་མང་གསོ་བའི་ལས་ཁུངས་ཀྱི་མདོ་ཆེན་ བཤདཔ་ཨིན་པའི་གནས་ཚུལ།,116,29
བརྡ་ལམ་གྱི་ནང་དུ་གནས་ཚུལའདི་ཚུ་འཐོབ་ནི་ལུ་ བདེ་སྨིན གཞི་བཙུགས་འབད་དེ་ཡོདཔ་ཨིན་པས།,81,20
དེ་ཁར་ སྒོ་ཕྱེ་དོ་བཟུམ་ཅིག་ཨིན་ཟེར་ཨིན་པས།,42,11
དར་དཀར་ནང་གི་གོང་འཕེལ་ལས་འཆར་དེ་ བརྡ་ལམ་གྱི་ནང་དུ་གནས་ཚུལམི་མང་གསོ་བའི་ལས་ཁུངས་ཀྱི་མདོ་ཆེན་ རྩོམ་རིག བཤདཔ་ཨིན་པའི་གནས་ཚུལ།,122,31
དེ་ཡང་ བརྡ་ལམ་གྱི་ནང་དུ་གནས་ཚུལ གཞི་བཙུགས་འབད་དེ་ཡོདཔ་ཨིན་པས།,61,16
དེ་ཁར་ ཆེད་གཞི སྒོ་ཕྱེ་དོ་བཟུམ་ཅིག་ཨིན་ཟེར་ཨིན་པས།,50,13
དར་དཀར་ནང་གི་གོང་འཕེལ་ལས་འཆར་དེ་ སྒྱུར་བཅོས་འབད་བའི་ཁར་ བརྡ་ལམ་གྱི་ནང་དུ་གནས་ཚུལབཤདཔ་ཨིན་པའི་གནས་ཚུལ།,101,25
རི་མོ དེ་ཡང་ གནས་སྟངས་དང་བསྟུན་ཡོདཔ་ད་ བརྡ་ལམ་གྱི་ནང་དུ་གནས་ཚུལསྒོ་ཕྱེ་དོ་བཟུམ་ཅིག་ཨིན་ཟེར་ཨིན་པས།,98,25
དར་དཀར་ནང་གི་གོང་འཕེལ་ལས་འཆར་དེ་ གྲོང་ཚོ སྒྱུར་བཅོས་འབད་བའི་ཁར་ དར་དཀར་ནང་བཟུམ་ཅིག་འབད་བ་ཅིན་ བརྡ་ལམ་གྱི་ནང་དུ་གནས་ཚུལ,118,31
དགོན་སྡེ་ནང་ ཆོས་ཆས་སྒྲ་སྐད་ཤུགས་ཆེར་གྱིས་ རྣ་བའི་དབང་པོ་ལུ་ ཐོ་ཕོག་དོ་ཡོད་པའི་གསལ་སྟོན།,88,22
༉ རྒྱལ་ཁབ་ནང་ རྣམ་ཅོག་གུ་ལུ་ ཐོ་ཕོག་དོ་ཡོད་མི་དེ་ དབང་པོ་ཐོ་ཕོག་མིའི་གྲངས་སུ་ཅིག་ཨིནམ་བཞིན་དུ་ དེ་ཡང་ འབྲེལ་གནད་ཅན་གྱི་མི་ངོམ་ལས་ གོ་ཐོས་ཀྱི་ལོ་རྒྱུས་ལྟར་དུ་འབདཝ་ད་ སྔར་སྲོལ་ཆོས་ཕྱོགས་ཀྱི་ ལག་ཆས་ལུ་བརྟེན་ཨིནམ་སྦེ་ཨིན་པས།,220,56
དགོན་སྡེ་ནང་ བརྡ་ལམ་གྱི་ནང་དུ་གནས་ཚུལ རྒྱུན་འབྲེལ་འཐབ་ནི་ལུ་ དབང་འདུས ཐོ་ཕོག་དོ་ཡོདཔ་ད་ ཤུགས་ཆེ་སུ་སྦེ་ཡོདཔ་བཞིན་དུ་ བརྡ་ལམ་གྱི་ནང་དུ་གནས་ཚུལགྲྭ་ཚང་ནང་ཕྱག་ཞུ་སྟེ་ བླ་མ གསལལ་སྟོན་འབད་ཡོདཔ་ཨིན་པས།,194,49
དགོན་སྡེ་ནང་ ལོ་ངོ་བཅུ་ཕྲག་ལས་ལྷག་སྟེ་བཞུགས་མི་ཚུ་ལུ་ བརྡ་ལམ་གྱི་ནང་དུ་གནས་ཚུལཐོ་ཕོག་དོ་ཡོདཔ་ད་ རིག་གཞུང ཤུགས་ཆེ་སུ་སྦེ་ཡོདཔ་བཞིན་དུ་ ཉེན་ཁ་ཡོད་པའི་ བརྡ་ལམ་གྱི་ནང་དུ་གནས་ཚུལ གསལལ་སྟོན་འབད་ཡོདཔ་ཨིན་པས།,200,51
དགོན་སྡེ་ནང་ ཀུན་གསལ ལོ་ངོ་བཅུ་ཕྲག་ལས་ལྷག་སྟེ་བཞུགས་མི་ཚུ་ལུ་ རྒྱལ་ཁབ་ནང་ བརྡ་ལམ་གྱི་ནང་དུ་གནས་ཚུལཤུགས་ཆེ་སུ་སྦེ་ཡོདཔ་བཞིན་དུ་ དར་ལྡན ཉེན་ཁ་ཡོད་པའི་ བྱུང་སྟེ་ཡོདཔ་ཨིན་པས།,170,43
ཆོས་འབྲེལ་གྱི་ བརྡ་ལམ་གྱི་ནང་དུ་གནས་ཚུལལོ་ངོ་བཅུ་ཕྲག་ལས་ལྷག་སྟེ་བཞུགས་མི་ཚུ་ལུ་ མོག་མོག རྒྱལ་ཁབ་ནང་ ཐོན་མི་དེ་ བརྡ་ལམ་གྱི་ནང་དུ་གནས་ཚུལཉེན་ཁ་ཡོད་པའི་ བཀྲ་ཤིས བྱུང་སྟེ་ཡོདཔ་ཨིན་པས།,179,45
ཆོས་འབྲེལ་གྱི་ དེ་ཅིག་གི་རྩིས་ བརྡ་ལམ་གྱི་ནང་དུ་གནས་ཚུལརྒྱལ་ཁབ་ནང་ འབྲུག་གི་གནས་ཚུལ ཐོན་མི་དེ་ དང་ བརྡ་ལམ་གྱི་ནང་དུ་གནས་ཚུལ བྱུང་སྟེ་ཡོདཔ་ཨིན་པས།,145,36
རྣམ་ཅོག་མ་གོཝ་འགྱོཝ་ད་ བརྒྱ་ཆ་༢༧.༩ བརྡ་ལམ་གྱི་ནང་དུ་གནས་ཚུལངོས་འཛིན་བྱུང་ཡོདཔ་ད་ བདེ་ཐང་དཀར་ཆགས འབྲུག་གི་བཟོ་གྲྭ་ཁང་མང་ཤོས་ཅིག་ནང་ ཐོ་ཕོག་སྟེ་ཡོདཔ་སྦེ་ བརྡ་ལམ་གྱི་ནང་དུ་གནས་ཚུལ,176,45
ནུས་ཤུགས་ལས་སྡེ་ནང་ རིག་རྩལ་གོང་འཕེལ་གཏང་ནི་ལུ་ ཊ་ཊ་གློག་མེ་ལས་སྡེ་དང་མཉམ་འབྲེལ།,80,21
དབྱེ་ཁག་མཐའ་བཅད་ནང་ བརྡ་ལམ་གྱི་ནང་དུ་གནས་ཚུལལས་བྱེདཔ་གྲ་སྒྲིག་ལུ་ དབྱེ་གཞི དཀའ་ངལ་ཚུ་ ས་ཁོངས་ནང་ བརྡ་ལམ་གྱི་ནང་དུ་གནས་ཚུལའཛིན་སྐྱོང་མདོ་ཆེན་གྱིས་ སྟག་ཚང གཙོ་རིམ་བཟུང་ནི་ཨིན་པས།,176,43
དབྱེ་ཁག་མཐའ་བཅད་ནང་ བཟོ་གྲྭ་གཙོ་རིམ་སྦྱོང་བརྡར་ཅ་ཆས་བརྩིས་ཏེ་ བརྡ་ལམ་གྱི་ནང་དུ་གནས་ཚུལདཀའ་ངལ་ཚུ་ དུས་ཆེན ས་ཁོངས་ནང་ དྲགོས་ཚེ་དབང་རིག་འཛིན་གྱིས་ བརྡ་ལམ་གྱི་ནང་དུ་གནས་ཚུལགཙོ་རིམ་བཟུང་ནི་ཨིན་པས།,191,47
ཆིངས་ཡིག་གི་འོག་ལུ་ བརྡ་ལམ་གྱི་ནང་དུ་གནས་ཚུལལས་རིམ་གོང་འཕེལ་གཏང་ནི་ལུ་ རྒྱུ་དཀའ།,80,20
ད་རེས་ ལཱ་གཡོག་གི་གོ་སྐབས་བཟོ་སྟེ་ བརྡ་ལམ་གྱི་ནང་དུ་གནས་ཚུལ ཊ་ཊ་གློག་མེ་ལས་སྡེ་༢ རིག་གཞུང སེལ་ཐབས་འབད་ཚུགས་ནི་ཨིན་པས།,117,32
ཆིངས་ཡིག་གི་འོག་ལུ་ རྒྱབ་སྐྱོར་འབད་ནི་ལུ་དམིགས་ཏེ་ བརྡ་ལམ་གྱི་ནང་དུ་གནས་ཚུལད་རེས་ འབྲུག་གི་གནས་ཚུལ ལཱ་གཡོག་གི་གོ་སྐབས་བཟོ་སྟེ་ ཌོག་ཊར་པི་རི་བིར་ བརྡ་ལམ་གྱི་ནང་དུ་གནས་ཚུལ སེལ་ཐབས་འབད་ཚུགས་ནི་ཨིན་པས།,197,50
ཆིངས་ཡིག་གི་འོག་ལུ་ ཆེད་གཞི རྒྱབ་སྐྱོར་འབད་ནི་ལུ་དམིགས་ཏེ་ ལས་འགུལ་གྱི་ བརྡ་ལམ་གྱི་ནང་དུ་གནས་ཚུལ ལཱ་གཡོག་གི་གོ་སྐབས་བཟོ་སྟེ་ འགོད་རིམ ཌོག་ཊར་པི་རི་བིར་ རྒྱ་གར་དང་ བརྡ་ལམ་གྱི་ནང་དུ་གནས་ཚུལ,187,48
འགན་ཁུར་དང་བསྟུན་པའི་ གྲལ་གཏོགས་དང་ བློ་གཏད་དགོཔ་གལ་ཆེ་ནི།,58,14
༉ རྒྱལ་ཁབ་ཀྱི་ གནས་སྟངས་དེ་ ག་ཅི་བཟུམ་ཅིག་ནང་ལྷོད་དེ་འབད་རུང་ དྭངས་ལེན་དང་ སེམས་ཤུགས་ བློ་སྤོབས་ གདོང་ཁར་ཐོན་ཏེ་ལཱ་འབད་ནི་ རྒྱལ་ཁབ་ཀྱི་དོན་ལུ་ ཕྱག་ཞབས་ཏོག་ཞུ་ནི་ མི་མང་ལུ་ཕན་ཐོགས་ཅན་གྱི་ཀུན་སློང་ རྣམ་པར་དག་པའི་སྒོ་ལས་ འབད་ནི་དེ་ཁག་ཆེ།,234,60
སྤྱི་ལོ་༢༠༡༨ བརྡ་ལམ་གྱི་ནང་དུ་གནས་ཚུལང་བཅས་འབྲུག་རྒྱལ་ཁབ་འདི་ པདྨ བརྡ་མཚུངས་དང་ རུ་སྒྲིག་དང་ བརྡ་ལམ་གྱི་ནང་དུ་གནས་ཚུལཀྱི་སྤྱི་ཚོགས་ནང་ ཕྱུག་མ བརྡ་མཚོན་བཏོནམ་མས།,160,38
སྤྱི་ལོ་༢༠༡༨ གསེར་ཁྲི་གུ་ལས་གནང་ཡི།,35,9
སྤྱིར་འཛམ་གླིང་རྒྱལ་ཁབ་ནང་ བརྡ་ལམ་གྱི་ནང་དུ་གནས་ཚུལབརྡ་མཚུངས་དང་ རྩོམ་རིག རུ་སྒྲིག་དང་ གནས་སྟངས་དེ་ བརྡ་ལམ་གྱི་ནང་དུ་གནས་ཚུལབརྡ་མཚོན་བཏོནམ་མས།,142,33
སྤྱི་ལོ་༢༠༡༨ ཀུན་གསལ གསེར་ཁྲི་གུ་ལས་གནང་ཡི།,43,11
སྤྱིར་འཛམ་གླིང་རྒྱལ་ཁབ་ནང་ ང་བཅས་མི་སེར་ཚུ་ལུ་ཕོག་སྟེ་འདུག།,59,15
སྲིད་དོན་དང་ བརྡ་ལམ་གྱི་ནང་དུ་གནས་ཚུལརུ་སྒྲིག་དང་ འཕྲུལ་ལས གནས་སྟངས་དེ་ དྲང་སྤྱོད་ལྡན་པའི་རྒྱལ་ཁབ་ བརྡ་ལམ་གྱི་ནང་དུ་གནས་ཚུལགསེར་ཁྲི་གུ་ལས་གནང་ཡི།,145,35
སྤྱིར་འཛམ་གླིང་རྒྱལ་ཁབ་ནང་ ཧི་མ་ལ་ཡ ང་བཅས་མི་སེར་ཚུ་ལུ་ཕོག་སྟེ་འདུག།,68,19
སྲིད་དོན་དང་ མི་མང་ལུ་ཕན་ཐོགས་ཅན་གྱི་ཀུན་སློང་ བརྡ་ལམ་གྱི་ནང་དུ་གནས་ཚུལགནས་སྟངས་དེ་ གཞུང་རྒྱུན དྲང་སྤྱོད་ལྡན་པའི་རྒྱལ་ཁབ་ ༉ བརྡ་ལམ་གྱི་ནང་དུ་གནས་ཚུལ ང་བཅས་མི་སེར་ཚུ་ལུ་ཕོག་སྟེ་འདུག།,181,46
འདི་ཚུ་ག་ར་ བརྡ་ལམ་གྱི་ནང་དུ་གནས་ཚུལང་བཅས་ཀྱིས་ དབྱེ་གཞི ལེགས་ཞིབ་ཀྱི་ དྲག་ཐོག་གི་སྒོ་ལས་ བརྡ་ལམ་གྱི་ནང་དུ་གནས་ཚུལངོ་རྒོལ་ འབྲུག་གི་གནས་ཚུལ བྱུང་དང་འབྱུང་བཞིན་པ་སྦེ་འདུག།,170,42
འདི་ཚུ་ག་ར་ གསལ་སྟོན་འབདཝ་ལས་ བརྡ་ལམ་གྱི་ནང་དུ་གནས་ཚུལལེགས་ཞིབ་ཀྱི་ འཆར་སྤྱོད དྲག་ཐོག་གི་སྒོ་ལས་ རང་གིས་ཡང་ བརྡ་ལམ་གྱི་ནང་དུ་གནས་ཚུལབྱུང་དང་འབྱུང་བཞིན་པ་སྦེ་འདུག།,162,40
འདི་ཚུ་ག་ར་ རིག་གཞུང གསལ་སྟོན་འབདཝ་ལས་ སྲིད་དང་འབྲེལ་བའི་ བརྡ་ལམ་གྱི་ནང་དུ་གནས་ཚུལདྲག་ཐོག་གི་སྒོ་ལས་ གླུ་དབྱངས རང་གིས་ཡང་ གཞུང་སྐྱོང་གི་ལས་དོན་ནང་ བརྡ་ལམ་གྱི་ནང་དུ་གནས་ཚུལ,171,43
བྱ་རིམ་ག་ཅི་ར་ཨིན་རུང་ མི་མང་ལུ་ དྭངས་གསལ་མེད་པ་ཅིན་ མགུ་རྙོག་གི་རང་བཞིན།,73,20
༉ དུས་ཅི་ལས་འགོ་བཙུགས་ ཁྲལ་གྱི་བསྒྱུར་བཅོས་འབད་མི་དང་བསྟུན་ མི་མང་ཡོངས་ཀྱི་སེམས་ཁར་ དོགས་པ་སྦོམ་འབད་ར་ཆགས་ཡོད་མི་དེ་ ག་དེ་སྦེ་ར་ དོགས་པ་བཙུགས་ཡོདཔ་ཨིན་ན་ དྭངས་གསལ་མེད་པའི་ གནད་དོན་ལུ་གྱུར་ནུག།,192,48
འོང་འབབ་དང་ བརྡ་ལམ་གྱི་ནང་དུ་གནས་ཚུལ ག་དེ་སྦེ་ར་ སྟག་ཚང ལག་ལེན་བསྟར་སྤྱོད་འབད་དགོ་ཟེར་འབདཝ་ད་ བཀོད་ཁྱབ་སྐྱོ་དྲག་ཅན་གྱི་ཐོག་ལུ་ བརྡ་ལམ་གྱི་ནང་དུ་གནས་ཚུལཤེས་རྟོགས་ གཞུང་རྒྱུན ཧ་ལས་པའི་གནས་སུ་ཡང་འཆར་སྲིད་པས།,204,52
འོང་འབབ་དང་ སེམས་དཔའ་ཞུམ་དགོཔ་ཡང་བྱུངམ་མས།,42,10
ལས་རིམ་དང་ བརྡ་ལམ་གྱི་ནང་དུ་གནས་ཚུལལག་ལེན་བསྟར་སྤྱོད་འབད་དགོ་ཟེར་འབདཝ་ད་ དགོན་པ བཀོད་ཁྱབ་སྐྱོ་དྲག་ཅན་གྱི་ཐོག་ལུ་ དྭངས་གསལ་མེད་པའི་ བརྡ་ལམ་གྱི་ནང་དུ་གནས་ཚུལ ཧ་ལས་པའི་གནས་སུ་ཡང་འཆར་སྲིད་པས།,187,48
འོང་འབབ་དང་ མོག་མོག སེམས་དཔའ་ཞུམ་དགོཔ་ཡང་བྱུངམ་མས།,50,12
ལས་རིམ་དང་ སྡོད་ཚུགས་པ་ལཱ་ཁག་འོང་ནི་མས་ཟེར་བའི་ བརྡ་ལམ་གྱི་ནང་དུ་གནས་ཚུལབཀོད་ཁྱབ་སྐྱོ་དྲག་ཅན་གྱི་ཐོག་ལུ་ འབྲུག དྭངས་གསལ་མེད་པའི་ ལག་ལེན་འཐབ་དོ་ཡོད་པའི་ བརྡ་ལམ་གྱི་ནང་དུ་གནས་ཚུལསེམས་དཔའ་ཞུམ་དགོཔ་ཡང་བྱུངམ་མས།,206,51
གློག་མེ་ལས་འགུལ་ཡུན་འགྱངས་ལུས་མི་གིས་ ཟད་འགྲོ་དང་ གདོང་ལེན་ཡར་སེང།,66,16
རྒྱལ་ཁབ་ཀྱི་ལས་བརྡ་བརྒྱུད་རྙིང་ཤོས་༢ ལུ་ གཟེངས་རྟགས་གནང་མི་གིས་ ཕན་ཁྱད་འབྱུང་ཚུགས་ནི།,85,20
བརྡ་བརྒྱུད་ཟེར་བའི་མིང་དོན་དེ་གིས་ བརྡ་ལམ་གྱི་ནང་དུ་གནས་ཚུལསྟོབས་ཤུགས་ཅན་ཚུ་གི་ འཕྲུལ་ལས སྒེར་གྱི་བརྡ་བརྒྱུད་ཧ་ལམ་ གོང་འཕེལ་གྱི་ལས་སྣ་ བརྡ་ལམ་གྱི་ནང་དུ་གནས་ཚུལརྒྱལ་ཁབ་ཅིག་འབད་རུང་ སྟག་ཚང དགོས་སུ་འབྲུག་རྒྱལ་ཁབ་ནང་ཡོདཔ་ཨིན།,221,53
བརྡ་བརྒྱུད་ཟེར་བའི་མིང་དོན་དེ་གིས་ བཀའ་རྒྱ་དང་བསྟུན་ བརྡ་ལམ་གྱི་ནང་དུ་གནས་ཚུལསྒེར་གྱི་བརྡ་བརྒྱུད་ཧ་ལམ་ རྩོམ་རིག གོང་འཕེལ་གྱི་ལས་སྣ་ སྨྱོ་རྫས་ བརྡ་ལམ་གྱི་ནང་དུ་གནས་ཚུལདགོས་སུ་འབྲུག་རྒྱལ་ཁབ་ནང་ཡོདཔ་ཨིན།,200,47
འབྲུག་ལུ་ཌི་ཇི་ཊལ་རྩུབ་སྤྱོད་ཀྱི་ ངོས་ལེན་འབད་དོ་ཡོདཔ།,54,13
པའི་ཚེས་༢༥ གནམ་འདུས་བཞིན་དུ འབད་བརྩོན་བསྐྱེད་དགོ་ཟེར་ཨིན་པས།,60,14
མོ་གིས་ རྒྱལ་ཁབ་ཀྱིས་ བརྡ་ལམ་གྱི་ནང་དུ་གནས་ཚུལ ཨམ་སྲུ་དང་ བཀྲ་ཤིས ལྷན་གྲོགས་འབད་དགོ་ཟེར་ཨིནམ་ད་ དུས་ཅི་འགོ་འབྱེད་འབད་ཡོདཔ་ཨིན་པས།,129,32
བྱ་སྒོ་གནས་ཚད་ལམ་ལུགས་དེ་གིས་ བརྡ་ལམ་གྱི་ནང་དུ་གནས་ཚུལའབད་བརྩོན་བསྐྱེད་དགོ་ཟེར་ཨིན་པས།,86,21
མོ་གིས་ དབང་འདུས རྒྱལ་ཁབ་ཀྱིས་ སྒེར་སྡེ་ཚུ་དང་གཅིག་ཁར་མཉམ་འབྲེལ་ བརྡ་ལམ་གྱི་ནང་དུ་གནས་ཚུལལྷན་གྲོགས་འབད་དགོ་ཟེར་ཨིནམ་ད་ འབྲུག དུས་ཅི་འགོ་འབྱེད་འབད་ཡོདཔ་ཨིན་པས།,158,37
བྱ་སྒོ་གནས་ཚད་ལམ་ལུགས་དེ་གིས་ བུམོ་ཚུ་གི་ བརྡ་ལམ་གྱི་ནང་དུ་གནས་ཚུལརྒྱལ་ཁབ་ཀྱིས་ བླ་མ སྒེར་སྡེ་ཚུ་དང་གཅིག་ཁར་མཉམ་འབྲེལ་ མཉམ་འབྲེལ་འབད་ནིའི་དོན་ལུ་ཨིན་པས།,152,38
གུས་བཏུད་ཤེས་ཡོན་ན་ལོན་དང་ བརྡ་ལམ་གྱི་ནང་དུ་གནས་ཚུལ དུས་ཅི་འགོ་འབྱེད་འབད་ཡོདཔ་ཨིན་པས།,85,22
བྱ་སྒོ་གནས་ཚད་ལམ་ལུགས་དེ་གིས་ ཀརྨ བུམོ་ཚུ་གི་ དབུ་ཁྲིད་བཟང་པོའི་འོག་ལུ་ བརྡ་ལམ་གྱི་ནང་དུ་གནས་ཚུལསྒེར་སྡེ་ཚུ་དང་གཅིག་ཁར་མཉམ་འབྲེལ་ ཆོག་མི་སྡུད མཉམ་འབྲེལ་འབད་ནིའི་དོན་ལུ་ཨིན་པས།,175,43
གུས་བཏུད་ཤེས་ཡོན་ན་ལོན་དང་ ལུས་ཐོག་རྩུབ་སྤྱོད་༢༠༢༥ བརྡ་ལམ་གྱི་ནང་དུ་གནས་ཚུལབུམོ་ཚུ་གི་ དཀྱིལ་ར དབུ་ཁྲིད་བཟང་པོའི་འོག་ལུ་ མོ་གིས་བཤདཔ་ཨིན་པས།,140,34
བློན་པོ་གིས་ བརྡ་ལམ་གྱི་ནང་དུ་གནས་ཚུལ མཉམ་འབྲེལ་འབད་ནིའི་དོན་ལུ་ཨིན་པས།,71,18
གུས་བཏུད་ཤེས་ཡོན་ན་ལོན་དང་ བུམ་ཐང ལུས་ཐོག་རྩུབ་སྤྱོད་༢༠༢༥ ཁྲིམས་དམ་དམ་ བརྡ་ལམ་གྱི་ནང་དུ་གནས་ཚུལདབུ་ཁྲིད་བཟང་པོའི་འོག་ལུ་ མདའ་རྩེད མོ་གིས་བཤདཔ་ཨིན་པས།,149,36
བློན་པོ་གིས་ བཤད་མིའི་ནང་ བརྡ་ལམ་གྱི་ནང་དུ་གནས་ཚུལལུས་ཐོག་རྩུབ་སྤྱོད་༢༠༢༥ ཆོག་མི་སྡུད ཁྲིམས་དམ་དམ་ ལས་འགོ་བཙུགས་ བརྡ་ལམ་གྱི་ནང་དུ་གནས་ཚུལམོ་གིས་བཤདཔ་ཨིན་པས།,156,37
བརྡ་ལམ་གྱི་ནང་དུ་གནས་ཚུལརྒྱལ་སྤྱིའི་ཉིནམ་བརྩི་སྲུང་དེ་ཡང་ ཚེས་བཅུ བཅའ་ཡིག་དང་ བཤད་མིའི་ནང་ བརྡ་ལམ་གྱི་ནང་དུ་གནས་ཚུལམི་སྡེའི་འཐུས་ཤོར་བྱུང་མི་ལུ་བརྟེན་ཨིནམ་ལས་ བུམ་ཐང ཨིན་པའི་གནས་ཚུལ།,182,43
ང་བཅས་ག་ར་ལུ་ཕོག་པའི་ བརྡ་ལམ་གྱི་ནང་དུ་གནས་ཚུལབཅའ་ཡིག་དང་ བཀྲ་ཤིས བཤད་མིའི་ནང་ རྒྱལ་ཡོངས་ཀྱི་ཚ་གྱང་ཅིག་ཨིནམ་ད་ བརྡ་ལམ་གྱི་ནང་དུ་གནས་ཚུལཨིན་པའི་གནས་ཚུལ།,151,39
ང་བཅས་ཀྱི་ བརྡ་ལམ་གྱི་ནང་དུ་གནས་ཚུལའགོ་ཁྲིདཔ་ཚུ་ལུ་ཕོག་པའི་ ཀུན་གསལ འབད་བ་ཅིན་ བྱ་སྒོ་གནས་ཚད་ལམ་ལུགས་གསརཔ་དེ་ བརྡ་ལམ་གྱི་ནང་དུ་གནས་ཚུལ འགན་ཁུར་ཨིན་ཟེར་ གོ འབད་དོ་ཡོདཔ་ཨིན་པས།,174,45
ང་བཅས་ཀྱི་ མི་མང་བདག་སྐྱོང་ནང་ བརྡ་ལམ་གྱི་ནང་དུ་གནས་ཚུལའབད་བ་ཅིན་ འབྲུག བྱ་སྒོ་གནས་ཚད་ལམ་ལུགས་གསརཔ་དེ་ རྩུབ་སྤྱོད་སྔོན་འགོག་འབད་ཐབས་ལུ་ བརྡ་ལམ་གྱི་ནང་དུ་གནས་ཚུལ,160,40
རྒྱལ་ཡོངས་ནང་ སྒོང་རྡོག་ལང་མ་ཚུགས་མི་གིས་ གོང་ཚད་ཡར་སེང་སྦོམ་སྦེ་ར་ སོང་ཡོདཔ།,77,19
ལུ་སྒོང་རྡོག་ས་ཡ་༡༢༡ དགྲ་ཁྲོད་ཕུག གོང་ཚད་ཡར་སེང་འབད་དེ་ ཏ་མིལ་ན་དུ་ལས་ར་ བརྡ་ལམ་གྱི་ནང་དུ་གནས་ཚུལ མར་བབས་འགྱོ་འོང་ཟེར་ཨིན་པས།,125,35
འབྲུག་ལུ་ རྫོང་ཁ བྱ་གསོ་སྐྱོང་ཁང་སྦོམ་སྦེ་ མར་བབས་འགྱོ་འོང་ཟེར་ཨིནམ་ད་ བརྡ་ལམ་གྱི་ནང་དུ་གནས་ཚུལགོང་ཚད་ཡར་སེང་འབད་དེ་ མདའ་རྩེད ཏ་མིལ་ན་དུ་ལས་ར་ གདོང་ལེན་ཚུ་བྱུང་དོ་ཡོདཔ་ཨིན་པས།,175,45
སྒོང་རྡོག་ཤོག་སྒྲོམ་རེ་ལུ་ བརྡ་ལམ་གྱི་ནང་དུ་གནས་ཚུལབྱ་གསོ་སྐྱོང་ཁང་སྦོམ་སྦེ་ འབྲས མར་བབས་འགྱོ་འོང་ཟེར་ཨིནམ་ད་ སླབ་དོ་བཟུམ་འབད་བ་ཅིན་ བརྡ་ལམ་གྱི་ནང་དུ་གནས་ཚུལཏ་མིལ་ན་དུ་ལས་ར་ རི་མོ གདོང་ལེན་ཚུ་བྱུང་དོ་ཡོདཔ་ཨིན་པས།,212,54
སྒོང་རྡོག་ཤོག་སྒྲོམ་རེ་ལུ་ གུ་ལུ་ལྷོད་པའི་བསྒང་ལས་ བརྡ་ལམ་གྱི་ནང་དུ་གནས་ཚུལམར་བབས་འགྱོ་འོང་ཟེར་ཨིནམ་ད་ ཀརྨ སླབ་དོ་བཟུམ་འབད་བ་ཅིན་ སླབ་དོ་བཟུམ་འབད་བ་ཅིན་ བརྡ་ལམ་གྱི་ནང་དུ་གནས་ཚུལགདོང་ལེན་ཚུ་བྱུང་དོ་ཡོདཔ་ཨིན་པས།,209,52
བརྡ་ལམ་གྱི་ནང་དུ་གནས་ཚུལབསམ་རྩེ་ ཆུ་སྒྲིག ཧེ་མ་ཤོག་སྒྲོམ་༡༣ ནོར་བུ་སྒང་ བརྡ་ལམ་གྱི་ནང་དུ་གནས་ཚུལ བར་འཛུལ་འབད་ནི་ལུ་ བདེ་སྨིན འབད་དོ་ཡོདཔ་ཨིན་པའི་གནས་ཚུལ།,153,39
བར་འཛུལ་འབད་མི་ཚུ་ཡང་ བརྡ་ལམ་གྱི་ནང་དུ་གནས་ཚུལཧེ་མ་ཤོག་སྒྲོམ་༡༣ འཆར་སྤྱོད ནོར་བུ་སྒང་ གོང་ཚད་ཡར་སེང་འགྱོ་མིའི་གནད་དོན་ཅིག་དེ་ བརྡ་ལམ་གྱི་ནང་དུ་གནས་ཚུལ འབད་དོ་ཡོདཔ་ཨིན་པའི་གནས་ཚུལ།,179,46
"རྫོང བར་འཛུལ་འབད་མི་ཚུ་ཡང་ བྱམོ་༡,༥༠༠ བརྡ་ལམ་གྱི་ནང་དུ་གནས་ཚུལནོར་བུ་སྒང་ བུམ་ཐང གོང་ཚད་ཡར་སེང་འགྱོ་མིའི་གནད་དོན་ཅིག་དེ་ ཡར་སེང་འགྱོ་དོ་ཡོདཔ་སྦེ་ཨིན་པས།",152,38
"སྒོང་རྡོག་བཀྲམ་སྤེལ་ལངམ་མེད་མི་དང་ བརྡ་ལམ་གྱི་ནང་དུ་གནས་ཚུལ བར་འཛུལ་འབད་མི་ཚུ་ཡང་ དཀྱིལ་ར བྱམོ་༡,༥༠༠ བྱ་གསོ་སྐྱོང་ཁང་ནང་ལས་ བརྡ་ལམ་གྱི་ནང་དུ་གནས་ཚུལ གོང་ཚད་ཡར་སེང་འགྱོ་མིའི་གནད་དོན་ཅིག་དེ་ རྡོ་རྗེ ཡར་སེང་འགྱོ་དོ་ཡོདཔ་སྦེ་ཨིན་པས།",228,58
"སྒོང་རྡོག་བཀྲམ་སྤེལ་ལངམ་མེད་མི་དང་ བྱིའུ་ཅུང་ཚུ་ བརྡ་ལམ་གྱི་ནང་དུ་གནས་ཚུལབྱམོ་༡,༥༠༠ རྒྱུ་དཀའ།",93,21
བྱ་གསོ་སྐྱོང་ཁང་ནང་ལས་ བྱིའུ་ཅུང་ནང་འདྲེན་གྱི་ བརྡ་ལམ་གྱི་ནང་དུ་གནས་ཚུལཡར་སེང་འགྱོ་དོ་ཡོདཔ་སྦེ་ཨིན་པས།,102,25
སོ་ནམ་པ་ཚུ་གིས་ བརྡ་ལམ་གྱི་ནང་དུ་གནས་ཚུལདེ་ལས་ ཆོག་མི་སྡུད ལོ་བསྟར་གྱི་ཐོན་སྐྱེད་མཁོ་མངགས་འབད་མི་ས་ཡ་༡༥༥ གོང་ཚད་མཐོ་དྲག་སྦེ་ བརྡ་ལམ་གྱི་ནང་དུ་གནས་ཚུལའགོ་བཙུགས་ཞིནམ་ལས་ རྩོམ་རིག རེ་བ་བསྐྱེད་དོ་ཡོདཔ་ཨིན་པས།,204,52
སོ་ནམ་པ་ཚུ་གིས་ ཀྱི་ནང་འཁོད་ལུ་ བརྡ་ལམ་གྱི་ནང་དུ་གནས་ཚུལལོ་བསྟར་གྱི་ཐོན་སྐྱེད་མཁོ་མངགས་འབད་མི་ས་ཡ་༡༥༥ འབྲུག་པ གོང་ཚད་མཐོ་དྲག་སྦེ་ སྒོང་རྡོག་ཉུང་སུ་འགྱོ་བའི་བསྒང་ལས་ བརྡ་ལམ་གྱི་ནང་དུ་གནས་ཚུལ,189,49
རང་རྩེ་གནས་ཀྱི་ ཚེས་བཅུ་འགོ་འདྲེན་འཐབ་ནི།,41,10
༉ ཧཱ་ དགའ་སྐྱིད་གླིང་གི་ ནགས་ཚལ་ནང་ཡོད་པའི་ རང་རྩེ་ཚེས་བཅུ་དེ་ དད་མོས་ཅན་དང་ བརྩི་མཐོང་ཅན་ཚུ་གི་དོན་ལུ་ ད་རུང་ཚར་ཅིག་ མཇལ་ཁ་གནང་ནི་ཨིན་པས།,138,37
ཆང་གི་རིགས་ཚུ་ སྤ་རོ ཚོང་ཁང་༡༥ ཆོས་ཕྱོགས་ཀྱི་གནས་དང་འབྲེལ་བ་ཅན་སྦེ་ཡོད་པའི་གུ་ བརྡ་ལམ་གྱི་ནང་དུ་གནས་ཚུལ རང་རྩེ་གནས་ཀྱི་སྐྱེ་ལྡན་སྡོད་སྒར་དང་ དཀྱིལ་ར ལུ་ བཙུགས་ནི་ཨིན་ཟེར་ཨིན་པས།,177,46
རྒེད་འོག་གི་ བརྡ་ལམ་གྱི་ནང་དུ་གནས་ཚུལཚོང་ཁང་༡༥ བདེ་ཐང་དཀར་ཆགས ཆོས་ཕྱོགས་ཀྱི་གནས་དང་འབྲེལ་བ་ཅན་སྦེ་ཡོད་པའི་གུ་ གྲ་སྒྲིག་འབད་དོ་ཟེར་ཨིན་པས།,137,35
དུས་ཅི་འབད་བ་ཅིན་ བརྡ་ལམ་གྱི་ནང་དུ་གནས་ཚུལལུ་ བུམ་ཐང བཙུགས་ནི་ཨིན་ཟེར་ཨིན་པས།,77,20
རྒེད་འོག་གི་ ས་ཁོངས་ནང་ བརྡ་ལམ་གྱི་ནང་དུ་གནས་ཚུལཆོས་ཕྱོགས་ཀྱི་གནས་དང་འབྲེལ་བ་ཅན་སྦེ་ཡོད་པའི་གུ་ འབྲུག་པ གྲ་སྒྲིག་འབད་དོ་ཟེར་ཨིན་པས།,131,33
དུས་ཅི་འབད་བ་ཅིན་ གསང་སྦས་ཁ་རྒེད་འོག་ལུ་༡༥ བརྡ་ལམ་གྱི་ནང་དུ་གནས་ཚུལབཙུགས་ནི་ཨིན་ཟེར་ཨིན་པས།,91,24
རྒེད་འོག་གི་ འབྲུག ས་ཁོངས་ནང་ ཚོང་ཁང་༣༠ བརྡ་ལམ་གྱི་ནང་དུ་གནས་ཚུལགྲ་སྒྲིག་འབད་དོ་ཟེར་ཨིན་པས།,91,23
སྤྱི་ཟླ་༡༢ བརྡ་ལམ་གྱི་ནང་དུ་གནས་ཚུལགྲ་སྒྲིག་འབད་དོ་ཡོདཔ་ད་ ནི དེ་ཡང་ མི་དབང་མངའ་ཞབས་མཆོག་ལུ་ བརྡ་ལམ་གྱི་ནང་དུ་གནས་ཚུལ,117,31
ཐའེ་གི་རྒྱལ་ཡུམ་གཤགས་མི་ལུ་ མི་དབང་རྒྱལ་བཙུན་རྣམ་གཉིས་ཀྱིས་ གུས་བཏུད་གནང་ཡོདཔ།,78,18
༉ མི་དབང་མངའ་བདག་རིན་པོ་ཆེ་མཆོག་དང་ མི་དབང་རྒྱལ་བཙུན་རྣམ་གཉིས་ཀྱིས་ ཐའེ་ལེནཌ་ལུ་སྦེ་ ཐའེ་གི་རྒྱལ་ཡུམ་གཤགས་མི་ སི་རི་ཀིཏ་ལུ་ གུས་བཏུད་གནང་ཐོག་ལས་ ཐའེ་གི་རྒྱལཔོ་ལུ་ སྐུ་སྒེར་གྱི་ མྱ་ངན་སེམས་གསོ་ གནང་ཡོདཔ་ཨིན་པས།,209,51
རྒྱལ་ཡུམ་མཆོག་གིས་ འབྲས སྨོན་འདེབས་གནང་ཡོདཔ་ཨིན་པས།,51,11
ཐའེ་གི་རྒྱལ་ཡུམ་སི་རི་ཀིཏ་དེ་ གུས་ཞབས་དང་ བརྡ་ལམ་གྱི་ནང་དུ་གནས་ཚུལ མི་དབང་རྒྱལ་བཙུན་རྣམ་གཉིས་ཀྱིས་ པདྨ མི་སེར་ཚུ་གི་ཁ་ཐུག་ དད་མོས་དང་ བརྡ་ལམ་གྱི་ནང་དུ་གནས་ཚུལསྨོན་འདེབས་གནང་ཡོདཔ་ཨིན་པས།,185,47
ཐའེ་གི་རྒྱལ་ཡུམ་སི་རི་ཀིཏ་དེ་ དབྱེ་ཞིབ གུས་ཞབས་དང་ གནང་ཡོདཔ་ཨིན་པས།,67,17
མི་དབང་མཆོག་གིས་ བརྡ་ལམ་གྱི་ནང་དུ་གནས་ཚུལམི་སེར་ཚུ་གི་ཁ་ཐུག་ ཁྱི དད་མོས་དང་ སྤྱི་ཟླ་༡༠ བརྡ་ལམ་གྱི་ནང་དུ་གནས་ཚུལགུས་ཞབས་དང་ སྤུ་ན་ཁ གནང་ཡོདཔ་ཨིན་པས།,147,39
མི་དབང་མཆོག་གིས་ རྒྱལ་ཡུམ་གཤགས་མི་གི་དོན་ལུ་ བརྡ་ལམ་གྱི་ནང་དུ་གནས་ཚུལདད་མོས་དང་ རྫོང་ཁ སྤྱི་ཟླ་༡༠ སྐུ་འཁོར་ཚུ་དང་ བརྡ་ལམ་གྱི་ནང་དུ་གནས་ཚུལགནང་ཡོདཔ་ཨིན་པས།,154,39
མི་དབང་མཆོག་གིས་ འཕྲུལ་ལས རྒྱལ་ཡུམ་གཤགས་མི་གི་དོན་ལུ་ ལེགས་སྨོན་ཡོདཔ་ཨིན་པའི་གནས་ཚུལ།,85,20
བརྡ་ལམ་གྱི་ནང་དུ་གནས་ཚུལསྤྱི་ཟླ་༡༠ འབད་དགོས་ སྐུ་འཁོར་ཚུ་དང་ ཐའེ་ལེནཌ་ལུ་སྦེ་ བརྡ་ལམ་གྱི་ནང་དུ་གནས་ཚུལརྒྱལ་ཡུམ་གཤགས་མི་གི་དོན་ལུ་ བུམ་ཐང ལེགས་སྨོན་ཡོདཔ་ཨིན་པའི་གནས་ཚུལ།,168,41
ཚོགས་ཁང་ནང་སྦེ་ བརྡ་ལམ་གྱི་ནང་དུ་གནས་ཚུལ,40,11
འབྲུག་གོང་འཕེལ་དངུལ་ཁང་གིས་ དཔལ་འབྱོར་ལྷན་ཐབས་སྐྱིན་འགྲུལ་གནད་དོན་ཁ་གསལ་ གསལ་སྟོན་འབད་མི་ཆོག་ནི།,96,22
༉ འབྲུག་གོང་འཕེལ་དངུལ་ཁང་གི་ཁ་ཐུག་ལས་ དཔལ་འབྱོར་ལྷན་ཐབས་ལས་རིམ་གྱི་ཐོག་ དངུལ་སྐྱིན་འགྲུལ་ལེན་མི་ཚུ་གི་གནས་ཚུལ་ཚུ་ གསལ་སྟོན་འབད་ནིའི་དོན་ལུ་ ཁྲིམས་མཐུན་གྱི་དབང་ཆ་མེདཔ་སྦེ་ སླབ་མས་ཟེར་ རྩོད་དཔོན་ཡོངས་ཁྱབ་ཡིག་ཚང་གིས་ བཤདཔ་ཨིན་པས།,226,54
དངུལ་འབྲེལ་ཞབས་ཏོག་བཅའ་ཁྲིམས་༢༠༡༡ བརྡ་ལམ་གྱི་ནང་དུ་གནས་ཚུལཁྲིམས་མཐུན་མེན་པའི་ བཀྲ་ཤིས མི་ངོའི་མིང་གཏམ་ལུ་ ཨིན་མས་ཟེར་ཨིན་པས།,124,29
ཨིན་རུང་ བརྡ་ལམ་གྱི་ནང་དུ་གནས་ཚུལ གསལ་སྟོན་འབད་ནིའི་དོན་ལུ་ མདའ་རྩེད འགལ་བ་འགྱོ་ནི་ཨིན་པས།,90,23
དངུལ་འབྲེལ་ཞབས་ཏོག་བཅའ་ཁྲིམས་༢༠༡༡ བསྐྱར་ཞིབ་འབད་ཡི་ཟེར་ཨིན་པས།,62,14
རྩ་ཁྲིམས་ཆེན་མོའི་དོན་ཚན་༡༩(༧) བརྡ་ལམ་གྱི་ནང་དུ་གནས་ཚུལམི་ངོའི་མིང་གཏམ་ལུ་ ཕྱུག་མ ཨིན་མས་ཟེར་ཨིན་པས།,100,25
ཨིན་རུང་ མི་སྡེ་བརྡ་བརྒྱུད་ཚུ་ནང་ བརྡ་ལམ་གྱི་ནང་དུ་གནས་ཚུལའགལ་བ་འགྱོ་ནི་ཨིན་པས།,79,20
དངུལ་འབྲེལ་ཞབས་ཏོག་བཅའ་ཁྲིམས་༢༠༡༡ རྫོང་ཁ བསྐྱར་ཞིབ་འབད་ཡི་ཟེར་ཨིན་པས།,69,16
རྩ་ཁྲིམས་ཆེན་མོའི་དོན་ཚན་༡༩(༧) ཁྲིམས་མཐུན་གྱི་དབང་ཆ་མེདཔ་སྦེ་ བརྡ་ལམ་གྱི་ནང་དུ་གནས་ཚུལཨིན་མས་ཟེར་ཨིན་པས།,104,25
ཨིན་རུང་ དར་ལྡན མི་སྡེ་བརྡ་བརྒྱུད་ཚུ་ནང་ འདུག་ཟེར་ཨིན་པས།,57,14
འདི་ཚུ་གི་ངོས་ལེན་འབད་དོན་ལུ་ བརྡ་ལམ་གྱི་ནང་དུ་གནས་ཚུལབསྐྱར་ཞིབ་འབད་ཡི་ཟེར་ཨིན་པས།,82,21
རྩ་ཁྲིམས་ཆེན་མོའི་དོན་ཚན་༡༩(༧) རྒྱུ་དཀའ།,40,9
ཁྲིམས་མཐུན་གྱི་དབང་ཆ་མེདཔ་སྦེ་ འབྲུག་དངུལ་འབྲེལ་ཞབས་ཏོག་བཅའ་ཁྲིམས་༢༠༡༡ བརྡ་ལམ་གྱི་ནང་དུ་གནས་ཚུལམི་སྡེ་བརྡ་བརྒྱུད་ཚུ་ནང་ ཧི་མ་ལ་ཡ འདུག་ཟེར་ཨིན་པས།,145,35
འདི་ཚུ་གི་ངོས་ལེན་འབད་དོན་ལུ་ འགལ་ནི་ཨིན་མས་ཟེར་ བརྡ་ལམ་གྱི་ནང་དུ་གནས་ཚུལཁྲིམས་མཐུན་གྱི་དབང་ཆ་མེདཔ་སྦེ་ དབང་འདུས འབྲུག་དངུལ་འབྲེལ་ཞབས་ཏོག་བཅའ་ཁྲིམས་༢༠༡༡ ཁྲིམས་ཀྱི་སྒྲིག་བཀོད་འོག་ལུ་ བརྡ་ལམ་གྱི་ནང་དུ་གནས་ཚུལའདུག་ཟེར་ཨིན་པས།,222,52
དགེ་ལེགས་ཕུག་ གནམ་གྲུ་ཐང་ནང་ ཆུ་ཚོད་༢༤/༧ གྱི་ཐོག་ལུ་ ལཱ་འབད་དོ་ཡོདཔ།,68,17
༉ དགེ་ལེགས་ཕུག་རྒྱལ་སྤྱི་གནམ་ཐང་ བཟོ་སྐྲུན་གྱི་ལཱ་འབད་ནི་དེ་ ལས་འཆར་དང་བསྟུན་ འགྱོ་དོ་ཡོད་པའི་གུ་ རིག་གསར་བཛྲ་མཉམ་འབྲེལ་ལས་སྡེ་གིས་ སྤྱི་ཟླ་༡༠ པ་ལས་འགོ་བཙུགས་ གནམ་ཐང་ས་བསྐང་ནི་གི་ལཱ་ཚུ་ གོ་རིམ་བཞིན་དུ་སྦེ་ འབད་དོ་ཡོདཔ་ཨིན་པས།,225,57
བརྡ་ལམ་གྱི་ནང་དུ་གནས་ཚུལ རེ་ཤོང་ཚུགས་ནི་དང་ གར་རྩལ ཀི་ལོ་མི་ཊར་༤ དུས་ཡུན་སྐར་མ་༣༠ བརྡ་ལམ་གྱི་ནང་དུ་གནས་ཚུལགནམ་ཐང་ས་བསྐང་ནི་གི་ལཱ་ཚུ་ དབྱེ་གཞི འབད་དོ་ཡོདཔ་ཨིན་པའི་གནས་ཚུལ།,170,47
ལྕགས་ལེབ་ཚ་ལ་རྐྱབ་ཐོག་ལས་ བརྡ་ལམ་གྱི་ནང་དུ་གནས་ཚུལཀི་ལོ་མི་ཊར་༤ གོ དུས་ཡུན་སྐར་མ་༣༠ འཕྲུལ་ལས་རིག་རྩལ་དང་ བརྡ་ལམ་གྱི་ནང་དུ་གནས་ཚུལའབད་དོ་ཡོདཔ་ཨིན་པའི་གནས་ཚུལ།,157,42
ལཱ་འབད་མི་༡༠༠ བརྡ་ལམ་གྱི་ནང་དུ་གནས་ཚུལཤར་ཁ་ཐུག་ལུ་མི་ཊར་༢༠ འབད་དགོས་ མི་ཊར་༢༠ བྱིན་དོ་ཡོདཔ་ཨིན་པས།,98,27
ལས་མི་ཚུ་ཡང་ བརྡ་ལམ་གྱི་ནང་དུ་གནས་ཚུལ ཚུན་དང་ དབྱེ་ཞིབ འབད་དོ་ཡོདཔ་ཨིན་པས།,74,20
ལཱ་འབད་མི་༡༠༠ ཤུགས་བཏོན་ཏེ་ བརྡ་ལམ་གྱི་ནང་དུ་གནས་ཚུལམི་ཊར་༢༠ ཆོས་ལྡན་ བྱིན་དོ་ཡོདཔ་ཨིན་པས།,90,23
ལས་མི་ཚུ་ཡང་ གློག་མེའི་རིགས་ཚུ་ བརྡ་ལམ་གྱི་ནང་དུ་གནས་ཚུལའབད་དོ་ཡོདཔ་ཨིན་པས།,75,19
ལཱ་འབད་མི་༡༠༠ འབྲས ཤུགས་བཏོན་ཏེ་ རྒྱ་གར་གྱི་ལས་མི་༣༠༠ བརྡ་ལམ་གྱི་ནང་དུ་གནས་ཚུལབྱིན་དོ་ཡོདཔ་ཨིན་པས།,98,25
མཉམ་འབྲེལ་རྩོལ་སྒྲུབ་ཀྱི་ བརྡ་ལམ་གྱི་ནང་དུ་གནས་ཚུལ,50,12
གཙུག་སྡེའི་ལྷན་འཛིན་དང་ ཁྲི་འཛིན་ སྤྱི་འཛིན་གསརཔ་ བསྐོ་བཞག་གནང་ཡོདཔ།,68,14
དཔལ་སྲུང་ཤོ་ཐེངས་དང་པ་གིས་ བདེ་སྲུང་འབྲེལ་མཐུན་སྦྱོང་བརྡར་ མཇུག་བསྡུ་ཡོདཔ།,74,16
ང་བཅས་རའི་ ད་རིས་ བརྡ་ལམ་གྱི་ནང་དུ་གནས་ཚུལ བདུན་ཕྲག་གསུམ་གྱི་རིང་ལུ་ ཤེས་ཡོན རྒྱབ་སྐྱོར་ཐོག་ལུ་འབད་དོ་ཡོདཔ་ད་ ཚོང་འབྲེལ་ བརྡ་ལམ་གྱི་ནང་དུ་གནས་ཚུལ ང་བཅས་རའི་ རྒྱུ་དཀའ།,166,42
བརྡ་ལམ་གྱི་ནང་དུ་གནས་ཚུལདང་ལེན་ཅན་གྱི་ བུམ་ཐང དེ་ལས་ སྤྱི་ཟླ་༡༡ བརྡ་ལམ་གྱི་ནང་དུ་གནས་ཚུལ དཔལ་སྲུང་གི་ འབྲུག སྔོན་མངགས་འབད་ཡོདཔ་ཨིན་པའི་གནས་ཚུལ།,143,36
གི་བར་ན་འབད་མི་ཚུ་གིས་ བརྡ་ལམ་གྱི་ནང་དུ་གནས་ཚུལདེ་ལས་ ཆེད་གཞི སྤྱི་ཟླ་༡༡ འབྲུག་གི་ས་ཁོངས་ཚུ་ནང་ བརྡ་ལམ་གྱི་ནང་དུ་གནས་ཚུལ སྔོན་མངགས་འབད་ཡོདཔ་ཨིན་པའི་གནས་ཚུལ།,156,41
ཟམ་རྙིངམ་གི་སོར་ཚབ་སྦེ་ གཏན་འཇགས་ཀྱི་ ཟམ་གསརཔ་བཟོ་སྐྲུན།,56,13
༉ ས་ཐོག་སྐྱེལ་འདྲེན་ལས་ཁུངས་ཀྱིས་ ཇ་པཱན་རྒྱལ་སྤྱི་མཉམ་འབྲེལ་ལས་ཚོགས་ཀྱི་ གྲོགས་རམ་ལས་འགུལ་གྱི་འོག་ལུ་ མོང་སྒར་ནམ་གླིང་དང་ དུར་དཱ་རི་གཉིས་ནང་ གཏན་འཇགས་ཀྱི་ཟམ་གཉིས་ བཟོ་སྐྲུན་འབད་ནི་ཨིན་པས།,187,45
རྒྱལ་ཡོངས་ཀྱི་ དབྱེ་ཞིབ བཟོ་ཡོདཔ་སྦེ་ཨིན་པས།,44,10
ཟམ་གཉིས་བཟོ་སྐྲུན་འབད་ནིའི་དོན་ལུ་ ས་ཐོག་སྐྱེལ་འདྲེན་ལས་ཁུངས་ཀྱིས་ བརྡ་ལམ་གྱི་ནང་དུ་གནས་ཚུལ ཟླ་༨ རྫོང་ཁ མཇུག་བསྡུ་ཞིནམ་ལས་ ཟམ་ཡོངས་བསྡོམས་༢༨ བརྡ་ལམ་གྱི་ནང་དུ་གནས་ཚུལབཟོ་ཡོདཔ་སྦེ་ཨིན་པས།,185,45
ལས་འགུལ་དེ་ བརྡ་ལམ་གྱི་ནང་དུ་གནས་ཚུལཟམ་ཡོངས་བསྡོམས་༢༨ གོ གྲོགས་རམ་ལས་འགུལ་གྱི་འོག་ལུ་ དུར་དཱ་རི་གཉིས་ནང་ བརྡ་ལམ་གྱི་ནང་དུ་གནས་ཚུལགཏན་འཇགས་ཀྱི་ཟམ་གཉིས་ ནི ངོ་མ་དེ་འབད་ནི་ཨིན་པས།,176,45
ལས་འགུལ་དེ་ རྒྱ་སྐྱེད་འབད་ཡོདཔ་ད་ བརྡ་ལམ་གྱི་ནང་དུ་གནས་ཚུལ གྲོགས་རམ་ལས་འགུལ་གྱི་འོག་ལུ་ གཡག དུར་དཱ་རི་གཉིས་ནང་ མོང་སྒར་ནམ་གླིང་དང་ བརྡ་ལམ་གྱི་ནང་དུ་གནས་ཚུལངོ་མ་དེ་འབད་ནི་ཨིན་པས།,177,46
ནམ་གླིང་དང་ བརྡ་ལམ་གྱི་ནང་དུ་གནས་ཚུལསྤྱི་ལོ་༢༠༢༨ གཞི་འཛུགས བཟོ་བཀོད་ཅིག་སྦེ་ སྒྲིག་ཟམ་རྙིངམམ་གི་ཚབ་མ་འབད་ བརྡ་ལམ་གྱི་ནང་དུ་གནས་ཚུལལྟ་རྟོག་གི་ལཱ་ཚུ་ ལས་བཟོ ལག་ལེན་འཐབ་ཚུགས་ཐབས་ལུ་ཨིན་པས།,185,46
ནམ་གླིང་དང་ མོང་སྒར་རྫོང་ཁག་བདག་སྐྱོང་ བརྡ་ལམ་གྱི་ནང་དུ་གནས་ཚུལབཟོ་བཀོད་ཅིག་སྦེ་ དགྲ་ཁྲོད་ཕུག སྒྲིག་ཟམ་རྙིངམམ་གི་ཚབ་མ་འབད་ པའི་ནང་ བརྡ་ལམ་གྱི་ནང་དུ་གནས་ཚུལ,155,38
ལུང་ནག་ནང་ལུ་ དབྱར་རྩྭ་དགུན་འབུབ་འཐུ་བའི་དུས་ཚོད་འབདཝ་ལས་ ནགས་ཚལ་འགོ་དཔོན་ཚུ་གིས་ ལྟ་ རྟོག་འབད་དོ་ཡོདཔ།,103,25
༉ ལ་མཐོ་སའི་ས་གནས་ ལུང་ནག་ནང་ མཐའ་ཟུར་གྱི་ལུང་ཕྱོགས་ནང་ ནགས་ཚལ་འགོ་དཔོན་ཚུ་གིས་ སྤྱི་ཟླ་༤ པའི་ཚེས་༣༠ ལུ་ དབྱར་རྩྭ་དགུན་འབུབ་འཐུ་ཆོག་པའི་ ཆོག་ཐམ་༥༤༩ སྤྲོད་པའི་ཤུལ་ལུ་ ཧམ་འཛུལ་དང་ ཚུལ་མིན་འཐབ་པའི་ཚ་གྱང་ལུ་ ལྟ་རྟོག་ཚུ་འབད་དོ་ཡོདཔ་ཨིན་པས།,234,60
སྤྱི་ལོ་༢༠༠༤ བརྡ་ལམ་གྱི་ནང་དུ་གནས་ཚུལལོ་ལེགས་པའི་དུས་ཚོད་ཅིག་སྦེ་ གར་རྩལ ལོ་ལྔ་རེའི་ནང་ ཁོང་བདུན་འབད་མི་ཅིག་ བརྡ་ལམ་གྱི་ནང་དུ་གནས་ཚུལགིས་ འཕྲུལ་ལས བྱེལཝ་ཟུག་ཡོདཔ་སྦེ་ཨིན་པས།,173,42
སྤྱི་ལོ་༢༠༠༤ དབྱར་རྩྭ་དགུན་འབུབ་འཐུ་ཆོག་པའི་ བརྡ་ལམ་གྱི་ནང་དུ་གནས་ཚུལལོ་ལྔ་རེའི་ནང་ རིག་གཞུང ཁོང་བདུན་འབད་མི་ཅིག་ ཨིན་ཟེར་ཨིན་པས།,129,31
སྤྱི་ལོ་༢༠༢༢ བརྡ་ལམ་གྱི་ནང་དུ་གནས་ཚུལབྱེལཝ་ཟུག་ཡོདཔ་སྦེ་ཨིན་པས།,63,15
སྤྱི་ལོ་༢༠༠༤ རྒྱུ་དཀའ།,22,5
དབྱར་རྩྭ་དགུན་འབུབ་འཐུ་ཆོག་པའི་ དེ་ལས་ བརྡ་ལམ་གྱི་ནང་དུ་གནས་ཚུལཁོང་བདུན་འབད་མི་ཅིག་ རྫོང ཨིན་ཟེར་ཨིན་པས།,104,25
སྤྱི་ལོ་༢༠༢༢ དེ་འཕྲོ་ལས་ བརྡ་ལམ་གྱི་ནང་དུ་གནས་ཚུལདབྱར་རྩྭ་དགུན་འབུབ་འཐུ་ཆོག་པའི་ ཧི་མ་ལ་ཡ དེ་ལས་ ཚུལ་མིན་ཐོག་ལས་ བརྡ་ལམ་གྱི་ནང་དུ་གནས་ཚུལཨིན་ཟེར་ཨིན་པས།,152,39
སྐྱ་ནམ་གྱི་གོང་ཚད་ཚུ་ཡང་ གནམ་འདུས་བཞིན་དུ ཞིབ་རྟོག་འབད་དེ་ སྤྱི་སྙོམས་མེད་པའི་གནད་དོན་ཚུ་ལུ་ བརྡ་ལམ་གྱི་ནང་དུ་གནས་ཚུལ བལྟ་དགོཔ་འདུག།,132,33
ལེགས་ཤོམ་འོང་ནི་དང་ ཡིད་འཚིམས་དགོཔ་འདུག།,40,9
ཧེ་མ་ བརྡ་ལམ་གྱི་ནང་དུ་གནས་ཚུལད་ལྟོའི་གནས་ཚད་ནང་བཟུམ་ཅིག་འབད་བ་ཅིན་ འབྲུག འབྲུག་བརྒྱུད་འཕྲིན་ཚད་ཀྱི་ གོང་འཕེལ་འགྱོཝ་དང་འབྲེལ་ བརྡ་ལམ་གྱི་ནང་དུ་གནས་ཚུལ ལེགས་ཤོམ་འོང་ནི་དང་ འཆར་སྤྱོད ཡིད་འཚིམས་དགོཔ་འདུག།,201,47
ཧེ་མ་ ཆུ་ཡོད་སར་ བརྡ་ལམ་གྱི་ནང་དུ་གནས་ཚུལའབྲུག་བརྒྱུད་འཕྲིན་ཚད་ཀྱི་ དབྱེ་ཞིབ གོང་འཕེལ་འགྱོཝ་དང་འབྲེལ་ འབད་ཐབས་མེདཔ་ཅིག་སྦེ་ཡོད་རུང་ བརྡ་ལམ་གྱི་ནང་དུ་གནས་ཚུལཡིད་འཚིམས་དགོཔ་འདུག།,176,40
ཨིན་རུང་ བརྡ་ལམ་གྱི་ནང་དུ་གནས་ཚུལཤུལ་ལུ་ལུས་སོཔ་ཨིན་ན?རྒྱལ་ཁབ་ནང་ དབྱེ་གཞི ཐུགས་བསྐྱེད་བླ་ན་མེད་པའི་སྒོ་ལས་ ལཱ་ཚུ་རྩ་འགེངས་འབདཝ་ཨིན་མས།,135,33
འབྲུག་གཞུང་གིས་ བརྡ་ལམ་གྱི་ནང་དུ་གནས་ཚུལཕུགས་ལུ་ཡང་ འཕྲུལ་ལས གྲུབ་འབྲས་ལུ་བརྟེན་ཨིན་པས།,87,20
ཨིན་རུང་ བཀོད་ཁྱབ་གཙོ་འཛིན་གྱི་དངུལ་ཕོགས་དེ་ བརྡ་ལམ་གྱི་ནང་དུ་གནས་ཚུལཐུགས་བསྐྱེད་བླ་ན་མེད་པའི་སྒོ་ལས་ དུས་ཆེན ལཱ་ཚུ་རྩ་འགེངས་འབདཝ་ཨིན་མས།,137,33
འབྲུག་གཞུང་གིས་ མཁའ་འགྲུལ་ལ་སོགས་པ་ཚུ་ བརྡ་ལམ་གྱི་ནང་དུ་གནས་ཚུལ གྲུབ་འབྲས་ལུ་བརྟེན་ཨིན་པས།,90,22
ཨིན་རུང་ འགོད་རིམ བཀོད་ཁྱབ་གཙོ་འཛིན་གྱི་དངུལ་ཕོགས་དེ་ སའི་ཁྱབ་ཚད་ བརྡ་ལམ་གྱི་ནང་དུ་གནས་ཚུལལཱ་ཚུ་རྩ་འགེངས་འབདཝ་ཨིན་མས།,117,28
དབང་འདུས་རྫོང་ཁག་ཁྲིམས་འདུན་གྱིས་ ཕོ་སྐྱེས་ཅིག་ལུ་ ལོ་༡༡ གི་བཙོན་ཁྲིམས།,71,16
༉ དར་དཀར་ནང་ལས་ སྐྱེས་ལོ་༥༡ ལང་མི་ མི་ཧཱེར་མཱན་ཏ་མང་གིས་ ལོ་ན་མ་སྨིན་པའི་ བུམོ་ཅུང་ཅིག་ལུ་ དབང་བཙོང་འདོད་སྤྱོད་འབད་མི་ལུ་བརྟེན་ དབང་འདུས་རྫོང་ཁག་ཁྲིམས་འདུན་གྱིས་ ཕོ་སྐྱེས་དེ་ལུ་ བཙོན་ཁྲིམས་ལོ་༡༡ བཀལ་ཡོདཔ་ཨིན་པས།,211,52
པ་དང་འཁྲིལ་བ་ཅིན་ རི་མོ ཟླཝ་༣ ཟླཝ་༢ བརྡ་ལམ་གྱི་ནང་དུ་གནས་ཚུལ སོང་ཡོདཔ་ད་ ཨེ་མ་དར་ཚི གི་ནང་འཁོད་ལུ་ ཉོ་བྱིན་ཡོདཔ་ཨིན་པས།,119,34
ཨ་ལུ་སྐྱེས་བའི་ཤུལ་ལུ་ བརྡ་ལམ་གྱི་ནང་དུ་གནས་ཚུལཟླཝ་༣ བདེ་ཐང་དཀར་ཆགས ཟླཝ་༢ དེ་ཚུ་ཡང་ བརྡ་ལམ་གྱི་ནང་དུ་གནས་ཚུལགི་ནང་འཁོད་ལུ་ གནས་འཁོར ཉོ་བྱིན་ཡོདཔ་ཨིན་པས།,152,40
ཨ་ལུ་སྐྱེས་བའི་ཤུལ་ལུ་ དེ་ཚུ་ལུ་གནད་དུ་སྨིན་པའི་ བརྡ་ལམ་གྱི་ནང་དུ་གནས་ཚུལཟླཝ་༢ ཆོག་མི་སྡུད དེ་ཚུ་ཡང་ ཁ་བཟེད་ཡོདཔ་བཞིན་དུ་ བརྡ་ལམ་གྱི་ནང་དུ་གནས་ཚུལཉོ་བྱིན་ཡོདཔ་ཨིན་པས།,166,43
ཨ་ལུ་སྐྱེས་བའི་ཤུལ་ལུ་ མོག་མོག དེ་ཚུ་ལུ་གནད་དུ་སྨིན་པའི་ གལ་སྲིད་ བརྡ་ལམ་གྱི་ནང་དུ་གནས་ཚུལདེ་ཚུ་ཡང་ གནས་འཁོར ཁ་བཟེད་ཡོདཔ་བཞིན་དུ་ ཕྱོགས་རིས་ཕྱེ་ནི་མེད་ཟེར་ཨིན་པས།,162,41
དོས་ཚན་༡༦ བརྡ་ལམ་གྱི་ནང་དུ་གནས་ཚུལདེ་ཚུ་ལུ་གནད་དུ་སྨིན་པའི་ འབྲུག གལ་སྲིད་ བཙོན་ཁང་ནང་སྡོད་པའི་ བརྡ་ལམ་གྱི་ནང་དུ་གནས་ཚུལཁ་བཟེད་ཡོདཔ་བཞིན་དུ་ རྫོང་ཁ ཕྱོགས་རིས་ཕྱེ་ནི་མེད་ཟེར་ཨིན་པས།,180,45
དོས་ཚན་༡༦ མཐོ་གཏུགས་ཞུ་ནི་གི་ བརྡ་ལམ་གྱི་ནང་དུ་གནས་ཚུལགལ་སྲིད་ ཧི་མ་ལ་ཡ བཙོན་ཁང་ནང་སྡོད་པའི་ བྱིས་པ་སྐྱེས་ལོ་༡༢ བརྡ་ལམ་གྱི་ནང་དུ་གནས་ཚུལ ཕྱོགས་རིས་ཕྱེ་ནི་མེད་ཟེར་ཨིན་པས།,169,45
"ཉེས་འཛུགས་ཅན་གྱི་ བརྡ་ལམ་གྱི་ནང་དུ་གནས་ཚུལདངུལ་ཀྲམ་༨,༠༠༠ འཆར་སྤྱོད ལུ་ དབང་འདུས་ བརྡ་ལམ་གྱི་ནང་དུ་གནས་ཚུལདངུལ་ཀྲམ་༦,༠༠༠ རིག་གཞུང བཙོན་ཁྲིམས་བཀལ་ཡོདཔ་ཨིན་པས།",156,35
ཉེས་འཛུགས་ཅན་གྱི་ ལུ་བཏོན་ཡོད་པའི་ བརྡ་ལམ་གྱི་ནང་དུ་གནས་ཚུལལུ་ ཆོག་མི་སྡུད དབང་འདུས་ ཉེས་མེད་སྦེ་ བརྡ་ལམ་གྱི་ནང་དུ་གནས་ཚུལབཙོན་ཁྲིམས་བཀལ་ཡོདཔ་ཨིན་པས།,149,35
དེ་ལས་ བརྡ་ལམ་གྱི་ནང་དུ་གནས་ཚུལ ལྷན་ཁག་གིས་ འབྲུག ཟླ་༢ ཟླཝ་དང་པའི་ནང་ བརྡ་ལམ་གྱི་ནང་དུ་གནས་ཚུལདང་ ཚེས་བཅུ གནང་ཡོདཔ་ཨིན་པས།,122,32
དེ་ལས་ ལུ་ བརྡ་ལམ་གྱི་ནང་དུ་གནས་ཚུལཟླ་༢ ཁྱི ཟླཝ་དང་པའི་ནང་ ལས་ བརྡ་ལམ་གྱི་ནང་དུ་གནས་ཚུལགནང་ཡོདཔ་ཨིན་པས།,103,27
དེ་ལས་ རྡོ་རྗེ ལུ་ བུམོ་དང་འབྲེལ་བ་མ་འཐབ་པའི་ཧེ་མར་ བརྡ་ལམ་གྱི་ནང་དུ་གནས་ཚུལ ཟླཝ་དང་པའི་ནང་ རྫོང ལས་ ལོ་༡༢ བརྡ་ལམ་གྱི་ནང་དུ་གནས་ཚུལལུ་ གནམ་འདུས་བཞིན་དུ བུམོ་དང་འབྲེལ་བ་མ་འཐབ་པའི་ཧེ་མར་ ཚུན་ཨིན་པས།,196,52
དེ་བཟུམ་སྦེ་ བརྡ་ལམ་གྱི་ནང་དུ་གནས་ཚུལལས་ གཡག ལོ་༡༢ ཁྲིམས་འདུན་གྱིས་ བརྡ་ལམ་གྱི་ནང་དུ་གནས་ཚུལབུམོ་དང་འབྲེལ་བ་མ་འཐབ་པའི་ཧེ་མར་ རྡོ་རྗེ ཚུན་ཨིན་པས།,144,36
དེ་བཟུམ་སྦེ་ ཉམས་རྒུདཔ་ལུ་ བརྡ་ལམ་གྱི་ནང་དུ་གནས་ཚུལ ལོ་༡༢ སངས་རྒྱས་ཆོས ཁྲིམས་འདུན་གྱིས་ དར་དཀར་ནང་ལས་ བརྡ་ལམ་གྱི་ནང་དུ་གནས་ཚུལཚུན་ཨིན་པས།,137,34
ཐིམ་ཕུག་ལུ་ ཉལ་ཁྲི་༥༠ འབད་མི་ སྨན་ཁང་བཤོལ་བཞག་སྟེ་ མཐུན་རྐྱེན་ཆ་ཚང་སྨན་ཁང་བཟོ་སྐྲུན་གྱི་གྲོས་འཆར།,97,24
ཐིམ་ཕུག་སྨན་ཁང་དེ་ སངས་རྒྱས་ཆོས ཁག་ཆེ་བའི་སྐོར་ལས་ ད་ལྟོའི་འཆར་གཞི་ནང་ བརྡ་ལམ་གྱི་ནང་དུ་གནས་ཚུལ ངོས་འཛིན་འབད་ཡོད་པའི་ འབད་དགོས་ དེ་བཟུམ་མའི་ ཡུན་འགྱངས་ལུས་ཡོདཔ་ཨིན་པས།,167,41
ཉལ་ཁྲི་༥༠ བརྡ་ལམ་གྱི་ནང་དུ་གནས་ཚུལཁག་ཆེ་བའི་སྐོར་ལས་ རིག་གཞུང ད་ལྟོའི་འཆར་གཞི་ནང་ བཤདཔ་ཨིན་པས།,94,24
བློན་ཆེན་གྱིས་ བརྡ་ལམ་གྱི་ནང་དུ་གནས་ཚུལདེ་བཟུམ་མའི་ གནམ་འདུས་བཞིན་དུ ཡུན་འགྱངས་ལུས་ཡོདཔ་ཨིན་པས།,95,22
ཉལ་ཁྲི་༥༠ ཐིམ་ཕུག་ལུ་ བརྡ་ལམ་གྱི་ནང་དུ་གནས་ཚུལད་ལྟོའི་འཆར་གཞི་ནང་ རྫོང་ཁ བཤདཔ་ཨིན་པས།,85,22
བློན་ཆེན་གྱིས་ གཙོ་རིམ་བཟུང་སྟེ་ བརྡ་ལམ་གྱི་ནང་དུ་གནས་ཚུལཡུན་འགྱངས་ལུས་ཡོདཔ་ཨིན་པས།,83,19
ཉལ་ཁྲི་༥༠ ཆོས་ལྡན་ ཐིམ་ཕུག་ལུ་ ལེགས་ཤོམ་སྦེ་ བརྡ་ལམ་གྱི་ནང་དུ་གནས་ཚུལབཤདཔ་ཨིན་པས།,81,20
དཔེར་ན་ བརྡ་ལམ་གྱི་ནང་དུ་གནས་ཚུལརྟ་རྦབ་ལུ་ ཚེས་བཅུ ཡར་དྲག་གཏང་ནི་ལུ་ བྱུང་མི་ལུ་གཞི་བཞག་སྟེ་ཨིན་པས།,99,26
དངུལ་ཀྲམ་ཐེར་འབུམ་༨.༥ བརྡ་ལམ་གྱི་ནང་དུ་གནས་ཚུལའོང་ག་ཟེར་བའི་ གཞུང་རྒྱུན ཚ་གྱང་སྦོམ་ཡོད་ཟེར་ཨིན་པས།,98,24
དཔེར་ན་ བཤད་ཡོདཔ་ཨིན་པས།,24,6
ཁོ་གིས་འབད་བ་ཅིན་ བརྡ་ལམ་གྱི་ནང་དུ་གནས་ཚུལ ཡར་དྲག་གཏང་ནི་ལུ་ འཆར་སྤྱོད བྱུང་མི་ལུ་གཞི་བཞག་སྟེ་ཨིན་པས།,101,27
དངུལ་ཀྲམ་ཐེར་འབུམ་༨.༥ ཉལ་ཁྲི་༡༠༠ བརྡ་ལམ་གྱི་ནང་དུ་གནས་ཚུལཚ་གྱང་སྦོམ་ཡོད་ཟེར་ཨིན་པས།,83,21
དཔེར་ན་ འབྲུག་གི་གནས་ཚུལ བཤད་ཡོདཔ་ཨིན་པས།,41,10
ཁོ་གིས་འབད་བ་ཅིན་ ཁེ་ཕན་ཅན་ཅིག་ལུ་ བརྡ་ལམ་གྱི་ནང་དུ་གནས་ཚུལབྱུང་མི་ལུ་གཞི་བཞག་སྟེ་ཨིན་པས།,89,24
དངུལ་ཀྲམ་ཐེར་འབུམ་༨.༥ འགོད་རིམ ཉལ་ཁྲི་༡༠༠ ༉ བརྡ་ལམ་གྱི་ནང་དུ་གནས་ཚུལབཤད་ཡོདཔ་ཨིན་པས།,84,21
ཁོ་གིས་འབད་བ་ཅིན་ རིག་གཞུང ཁེ་ཕན་ཅན་ཅིག་ལུ་ པ་ བརྡ་ལམ་གྱི་ནང་དུ་གནས་ཚུལཉལ་ཁྲི་༡༠༠ གཞུང་རྒྱུན ༉ རྩིས་ལོ་༢༠༢༦-༢༧ བརྡ་ལམ་གྱི་ནང་དུ་གནས་ཚུལཁེ་ཕན་ཅན་ཅིག་ལུ་ གཡག པ་ གྲོས་འཆར་བཙུགས་ཏེ་ཡོདཔ་ཨིན་པས།,189,48
ནད་པའི་མཁོ་འདོད་འགྲུབ་ཐབས་ལུ་ བརྡ་ལམ་གྱི་ནང་དུ་གནས་ཚུལ ༉ རིག་གཞུང རྩིས་ལོ་༢༠༢༦-༢༧ འི་སྨན་ཁང་བཟོ་སྐྲུན་འབད་ནི་ བརྡ་ལམ་གྱི་ནང་དུ་གནས་ཚུལཔ་ བདེ་ཐང་དཀར་ཆགས གྲོས་འཆར་བཙུགས་ཏེ་ཡོདཔ་ཨིན་པས།,182,45
ནད་པའི་མཁོ་འདོད་འགྲུབ་ཐབས་ལུ་ ཁག་ཆེ་ནི་དང་ བརྡ་ལམ་གྱི་ནང་དུ་གནས་ཚུལརྩིས་ལོ་༢༠༢༦-༢༧ སྤ་རོ འི་སྨན་ཁང་བཟོ་སྐྲུན་འབད་ནི་ བསམ་གྲུབ་ལྗོངས་མཁར་སྨན་ཁང་ བརྡ་ལམ་གྱི་ནང་དུ་གནས་ཚུལགྲོས་འཆར་བཙུགས་ཏེ་ཡོདཔ་ཨིན་པས།,198,48
ནད་པའི་མཁོ་འདོད་འགྲུབ་ཐབས་ལུ་ ཧི་མ་ལ་ཡ ཁག་ཆེ་ནི་དང་ ལས་སྣ་གི་ བརྡ་ལམ་གྱི་ནང་དུ་གནས་ཚུལ འི་སྨན་ཁང་བཟོ་སྐྲུན་འབད་ནི་ རྒྱུ་དཀའ།,124,34
རྡོ་རྗེ་ལུང་གློག་མེ་ལས་འགུལ་གྱི་ ལྷོད་ལམ་དང་ ཟམ་རྐྱབ་ནིའི་ལཱ་བརྒྱ་ཆ་༧༥ མཇུག་བསྡུ་དོ་ཡོདཔ།,89,22
དང་ ཤེས་ཡོན ཀུར་རི་ཟམ་པའི་ས་ཁོངས་ཚུ་ནང་ རྒྱལ་ཁབ་ཀྱི་ བརྡ་ལམ་གྱི་ནང་དུ་གནས་ཚུལ རྒྱུན་ཐག་ལྷོད་ལམ་གྱི་ཆུ་དུང་ བདེ་ཐང་དཀར་ཆགས ད་ཚུན་ལག་ལེན་མ་འཐབ་ཨིན་པས།,148,40
རྡོ་རྗེ་ལུང་གློག་མེ་ནུས་ཤུགས་དེ་ འོས་འབབ་ཡོད་ཟེར་ བརྡ་ལམ་གྱི་ནང་དུ་གནས་ཚུལཀུར་རི་ཟམ་པའི་ས་ཁོངས་ཚུ་ནང་ གཤེས་ཚན རྒྱལ་ཁབ་ཀྱི་ པཱ་ལང་ཕུག་ བརྡ་ལམ་གྱི་ནང་དུ་གནས་ཚུལད་ཚུན་ལག་ལེན་མ་འཐབ་ཨིན་པས།,184,48
རིག་གསར་བཟོ་སྐྲུན་གྱིས་ བརྡ་ལམ་གྱི་ནང་དུ་གནས་ཚུལཡར་སེང་འབད་ཚུགས་པའི་ཁར་ གླུ་དབྱངས པའི་ཆུ་དུང་དང་ འགོ་དཔོན་གྱིས་བཤདཔ་ཨིན་པས།,123,29
སྔོན་འགྲོའི་ལཱ་དབྱེ་ཁག་གཉིས་འབད་མི་ཚུ་ བརྡ་ལམ་གྱི་ནང་དུ་གནས་ཚུལ ལོ་བསྟར་ཐོན་སྐྱེད་འབད་ཚུགས་པའི་ བདེ་སྨིན འབད་ནི་ཨིན་ཟེར་ཨིན་པས།,127,31
རིག་གསར་བཟོ་སྐྲུན་གྱིས་ འབད་ནི་ཨིན་ཟེར་ཨིན་པས།,46,11
ས་ཁོངས་དེ་འབྲུག་ཤར་ཕྱོགས་ཁ་ཐུག་ལུ་ བརྡ་ལམ་གྱི་ནང་དུ་གནས་ཚུལཔའི་ཆུ་དུང་དང་ གོ འགོ་དཔོན་གྱིས་བཤདཔ་ཨིན་པས།,103,26
སྔོན་འགྲོའི་ལཱ་དབྱེ་ཁག་གཉིས་འབད་མི་ཚུ་ འགོ་དཔོན་གྱིས་ བརྡ་ལམ་གྱི་ནང་དུ་གནས་ཚུལའབད་ནི་ཨིན་ཟེར་ཨིན་པས།,100,24
རིག་གསར་བཟོ་སྐྲུན་གྱིས་ རྩོམ་རིག འབད་ནི་ཨིན་ཟེར་ཨིན་པས།,55,13
ས་ཁོངས་དེ་འབྲུག་ཤར་ཕྱོགས་ཁ་ཐུག་ལུ་ འབད་བ་ཅིན་ བརྡ་ལམ་གྱི་ནང་དུ་གནས་ཚུལའགོ་དཔོན་གྱིས་བཤདཔ་ཨིན་པས།,96,24
སྔོན་འགྲོའི་ལཱ་དབྱེ་ཁག་གཉིས་འབད་མི་ཚུ་ ཕྱུག་མ འགོ་དཔོན་གྱིས་ སྤྲོད་མི་གིས་ བརྡ་ལམ་གྱི་ནང་དུ་གནས་ཚུལ འབད་ནི་ཨིན་ཟེར་ཨིན་པས།,122,30
དགེ་ལེགས་ཕུག་དྲན་ཤེས་ཁྲོམ་ལུ་བརྟེན་ ས་མཚམས་ཁྲོམ་ དཱད་ག་རི་ཁྲོམ་ལུ་ ཁེ་ཕན་འབྱུང་དོ་ཡོདཔ།,87,21
༉ འབྲུག་གི་ས་མཚམས་ཀྱི་ཉེ་འདབས་ མི་ཊར་དག་པ་ཅིག་ ལམ་འགྲུལ་འབད་དགོ་པའི་ས་གནས་ རྒྱ་གར་དཱད་ག་རི་གི་ཁྲོམ་ཆུང་དེ་ ད་རེས་ནངས་པར་ དགེ་ལེགས་ཕུག་ དྲན་ཤེས་ཁྲོམ་ལས་འགུལ་ལུ་བརྟེན་ ཉིན་བསྟར་གྱི་བསྒྱུར་བ་ཚུ་ མ་འདྲཝ་ཅིག་སྦེ་ར་ འགྱོ་དོ་ཡོདཔ་ཨིན་པས།,230,59
"དཱད་ག་རི་ལུ་སྡོད་མི་ བརྡ་ལམ་གྱི་ནང་དུ་གནས་ཚུལ ཧ་གོ་ཡི་ཟེར་ཨིནམ་ད་ རི་མོ ས་ཁོངས་གཞན་ཚུ་བཟུམ་སྦེ་ ས་ཆ་གོང་ཚད་རུ་པི་༡༠༠,༠༠༠ བརྡ་ལམ་གྱི་ནང་དུ་གནས་ཚུལདཱད་ག་རི་ལུ་ འགོད་རིམ ཁྱིད་དེ་འོང་དོ་ཡོདཔ་སྦེ་ཨིན་པས།",198,54
"དཱད་ག་རི་ལུ་སྡོད་མི་ ཇི་ཨེམ་སི་ལུ་བརྟེན་ བརྡ་ལམ་གྱི་ནང་དུ་གནས་ཚུལས་ཁོངས་གཞན་ཚུ་བཟུམ་སྦེ་ འབད་དགོས་ ས་ཆ་གོང་ཚད་རུ་པི་༡༠༠,༠༠༠ མ་འོངས་པའི་ནང་ བརྡ་ལམ་གྱི་ནང་དུ་གནས་ཚུལཁྱིད་དེ་འོང་དོ་ཡོདཔ་སྦེ་ཨིན་པས།",194,50
"དཱད་ག་རི་ལུ་སྡོད་མི་ རི་མོ ཇི་ཨེམ་སི་ལུ་བརྟེན་ མི་སེར་ཚུ་ བརྡ་ལམ་གྱི་ནང་དུ་གནས་ཚུལས་ཆ་གོང་ཚད་རུ་པི་༡༠༠,༠༠༠ གར་རྩལ མ་འོངས་པའི་ནང་ རེ་བ་ཡོད་ཟེར་ཨིན་པས།",149,41
ས་གནས་ནང་སྡོད་མི་གིས་ བརྡ་ལམ་གྱི་ནང་དུ་གནས་ཚུལཇི་ཨེམ་སི་ལུ་བརྟེན་ གནས་འཁོར མི་སེར་ཚུ་ ཤུལ་ལས་ག་དེ་སྦེ་ བརྡ་ལམ་གྱི་ནང་དུ་གནས་ཚུལམ་འོངས་པའི་ནང་ རི་མོ རེ་བ་ཡོད་ཟེར་ཨིན་པས།,168,45
ས་གནས་ནང་སྡོད་མི་གིས་ དེ་ཅིག་ར་ བརྡ་ལམ་གྱི་ནང་དུ་གནས་ཚུལམི་སེར་ཚུ་ གླུ་དབྱངས ཤུལ་ལས་ག་དེ་སྦེ་ ད་རེས་འབད་བའི་བསྒང་ལས་ བརྡ་ལམ་གྱི་ནང་དུ་གནས་ཚུལརེ་བ་ཡོད་ཟེར་ཨིན་པས།,161,43
བུམོ་ཅིག་ལུ་ ཀེན་སར་ནད་གཞི་ཐེངས་གཉིས་རེ་ཐོབ་རུང་ དྲག་ཚུགས་ཡོདཔ།,63,15
༉ སྤྱིར་བཏང་ ལོ་ལས་བཅད་དེ་ ལུས་ལུ་ན་ཚ་ཐོབ་མི་དང་ མནོ་བསམ་ར་བཏང་མ་ཚུགས་པར་ ལོག་དྲག་ཚུགས་མི་ ནད་གཞི་འདི་གིས་ གཟུགས་ཁམས་འཕྲོད་བསྟེན་ ཉམས་ཐག་སྟེ་ སྡོད་དགོཔ་བྱུང་དོ་ཡོད་མི་ཚུ་ཨིན་པས།,177,45
ད་རུང་ བརྡ་ལམ་གྱི་ནང་དུ་གནས་ཚུལ དྲག་ཐབས་འབད་མ་ཚུགས་མི་ཅིག་ ཆེད་གཞི བྱང་སེམས་བསྐྱེད་མི་དེ་ སྡོད་དགོཔ་བྱུང་དོ་ཡོད་མི་ཚུ་ཨིན་པས།,125,32
བཀྲིས་སྒང་རྫོང་ཁག་ནང་ལས་ཨིན་མི་ བརྡ་ལམ་གྱི་ནང་དུ་གནས་ཚུལནད་གཞི་འདི་ ཐིམ་ཕུ ཞུ་ནི་ཨིན་ཟེར་ཨིན་པས།,96,25
ད་རུང་ གལ་སྲིད་ བརྡ་ལམ་གྱི་ནང་དུ་གནས་ཚུལབྱང་སེམས་བསྐྱེད་མི་དེ་ རི་མོ སྡོད་དགོཔ་བྱུང་དོ་ཡོད་མི་ཚུ་ཨིན་པས།,104,26
བཀྲིས་སྒང་རྫོང་ཁག་ནང་ལས་ཨིན་མི་ སློབ་གྲྭ་ནང་འགྱོ་ནི་ལུ་ བརྡ་ལམ་གྱི་ནང་དུ་གནས་ཚུལཞུ་ནི་ཨིན་ཟེར་ཨིན་པས།,101,26
ད་རུང་ གར་རྩལ གལ་སྲིད་ ནད་གཞི་དང་ བརྡ་ལམ་གྱི་ནང་དུ་གནས་ཚུལསྡོད་དགོཔ་བྱུང་དོ་ཡོད་མི་ཚུ་ཨིན་པས།,93,24
སྤྱི་ལོ་༢༠༡༧ བརྡ་ལམ་གྱི་ནང་དུ་གནས་ཚུལམོ་གིས་ ཆེད་གཞི སྤྱིར་བཏང་ ཚར་གཉིས་ལོག་དྲག་ཚུགས་ཏེ་ཡོདཔ་ཨིན་པས།,100,24
མོ་གི་ནད་ངོ་འགོ་ཐོག་དེ་ བརྡ་ལམ་གྱི་ནང་དུ་གནས་ཚུལམནོ་བསམ་ར་བཏང་མ་ཚུགས་པའི་ དབྱེ་གཞི ཕན་ཐོགས་ཤོས་ཅིག་ཨིན་ཟེར་ཨིན་པས།,114,30
སྤྱི་ལོ་༢༠༡༧ ནད་གཞི་དེ་ བརྡ་ལམ་གྱི་ནང་དུ་གནས་ཚུལསྤྱིར་བཏང་ གོ ཚར་གཉིས་ལོག་དྲག་ཚུགས་ཏེ་ཡོདཔ་ཨིན་པས།,98,24
མོ་གི་ནད་ངོ་འགོ་ཐོག་དེ་ ལྷབ་སྦྱང་ཅིག་ བརྡ་ལམ་གྱི་ནང་དུ་གནས་ཚུལཕན་ཐོགས་ཤོས་ཅིག་ཨིན་ཟེར་ཨིན་པས།,93,24
སྤྱི་ལོ་༢༠༡༧ ཤེས་ཡོན ནད་གཞི་དེ་ དེ་གིས་ བརྡ་ལམ་གྱི་ནང་དུ་གནས་ཚུལཚར་གཉིས་ལོག་དྲག་ཚུགས་ཏེ་ཡོདཔ་ཨིན་པས།,100,25
ཨ་མོ་ཆུ་ ཆུ་རུད་ཐོན་ཉེན་ཅན་དེ་ མ་རྩ་གཞི་བཙུགས་ཀྱི་ ས་ཁོངས་ཅིག་ལུ་ ཁ་སྒྱུར་འབད་དོ་ཡོདཔ།,86,23
༉ ཕུན་ཚོགས་གླིང་ ཨ་མོ་ཆུའི་ས་ཁོངས་བདའ་སྟེ་ གཞིས་ཆགས་ཀྱི་ རྒྱ་སྐྱེད་ལཱ་ཚུ་འབད་དོ་ཡོདཔ་ད་ དེ་ཡང་ གོང་འཕེལ་གྱི་ལཱ་དེ་གིས་ ཕུན་ཚོགས་གླིང་ཁྲོམ་གོང་འཕེལ་ལས་འགུལ་གྱི་ ངོས་ལེན་ལེགས་ཤོམ་ཡོད་པའི་ གསལ་སྟོན་བྱུང་དོ་ཡོདཔ་ཨིན་པས།,215,52
སྐྱིད་གནས་ཁང་ ཤེས་ཡོན ཨ་མོ་ཆུ་དེ་ ཁག་སོ་སོ་སྦེ་ བརྡ་ལམ་གྱི་ནང་དུ་གནས་ཚུལ རྒྱ་ཁྱབ་ཅན་གྱི་ལས་སྣ་ཚུ་ ཁྱི ཉེ་འདབས་ཀྱི་ བྱུང་ཡོདཔ་ཨིན་པས།,132,35
སའི་ཆགས་ཚུལ་ངེས་གཏན་མེད་མི་དང་ བརྡ་ལམ་གྱི་ནང་དུ་གནས་ཚུལཨ་མོ་ཆུ་དེ་ རྫོང ཁག་སོ་སོ་སྦེ་ སྒོ་དོགས་དྲགས་དང་ བརྡ་ལམ་གྱི་ནང་དུ་གནས་ཚུལཉེ་འདབས་ཀྱི་ དགེ་འདུན་པ བྱུང་ཡོདཔ་ཨིན་པས།,169,43
སའི་ཆགས་ཚུལ་ངེས་གཏན་མེད་མི་དང་ ལམ་འགྲུལ་འབད་ས་དང་ བརྡ་ལམ་གྱི་ནང་དུ་གནས་ཚུལཁག་སོ་སོ་སྦེ་ དབྱེ་ཞིབ སྒོ་དོགས་དྲགས་དང་ ཕུན་ཚོགས་གླིང་ཁྲོམ་གོང་འཕེལ་ལས་འགུལ་གྱི་ཁ་ཐུག་ལས་ བརྡ་ལམ་གྱི་ནང་དུ་གནས་ཚུལབྱུང་ཡོདཔ་ཨིན་པས།,206,51
ཕུན་ཚོགས་གླིང་ཁྲོམ་གོང་འཕེལ་ལས་འགུལ་དེ་ བརྡ་ལམ་གྱི་ནང་དུ་གནས་ཚུལ ཕུན་ཚོགས་གླིང་ཁྲོམ་གོང་འཕེལ་ལས་འགུལ་སྦོམ་ཚུ་ ཆོག་མི་སྡུད ཕུན་ཚོགས་གླིང་ཁྲོམ་སྡེ་གིས་ རྒྱ་གར་གྱི་ས་མཚམས་དང་ བརྡ་ལམ་གྱི་ནང་དུ་གནས་ཚུལའབད་ནི་ཨིནམ་མ་ཚད་ བླ་མ རྐྱབ་དོ་ཡོདཔ་སྦེ་ཨིན་པས།,243,60
ཕུན་ཚོགས་གླིང་ཁྲོམ་གོང་འཕེལ་ལས་འགུལ་དེ་ གཞི་བཙུགས་འབད་ནི་ཨིན་པས།,64,15
འདི་གིས་ཡང་མ་ཚད་པར་ བརྡ་ལམ་གྱི་ནང་དུ་གནས་ཚུལཕུན་ཚོགས་གླིང་ཁྲོམ་སྡེ་གིས་ གར་རྩལ རྒྱ་གར་གྱི་ས་མཚམས་དང་ མཉམ་འབྲེལ་ཐོག་ བརྡ་ལམ་གྱི་ནང་དུ་གནས་ཚུལརྐྱབ་དོ་ཡོདཔ་སྦེ་ཨིན་པས།,164,41
ཕུན་ཚོགས་གླིང་ཁྲོམ་གོང་འཕེལ་ལས་འགུལ་དེ་ བདེ་ཐང་དཀར་ཆགས གཞི་བཙུགས་འབད་ནི་ཨིན་པས།,79,19
འདི་གིས་ཡང་མ་ཚད་པར་ རྒྱལ་ཡོངས་ཁྱིམ་བཟོ་གོང་འཕེལ་ལས་འཛིན་གྱིས་ བརྡ་ལམ་གྱི་ནང་དུ་གནས་ཚུལ རྒྱ་གར་གྱི་ས་མཚམས་དང་ འཕྲུལ་ལས མཉམ་འབྲེལ་ཐོག་ སྒྲིང་ཁྱིམ་ཚུ་ཡང་རྐྱབ་ནི་ཨིནམ་ལས་ བརྡ་ལམ་གྱི་ནང་དུ་གནས་ཚུལ གཞི་བཙུགས་འབད་ནི་ཨིན་པས།,216,54
མོ་གི་གཟུགས་ལུ་ བརྡ་ལམ་གྱི་ནང་དུ་གནས་ཚུལཉིནམ་གཅིག་ནང་ སངས་རྒྱས་ཆོས མོ་གིས་བཤད་མིའི་ནང་ སྨན་བཅོས་རིམ་གྲོ་ལུ་ བརྡ་ལམ་གྱི་ནང་དུ་གནས་ཚུལགཟུགས་ཁམས་ལུ་ ཚེས་བཅུ ཡོདཔ་མཐོང་མི་འདི་ཨིན་པས།,178,43
མོ་གི་གཟུགས་ལུ་ བརྗེད་མ་ཚུགས་པའི་ བརྡ་ལམ་གྱི་ནང་དུ་གནས་ཚུལམོ་གིས་བཤད་མིའི་ནང་ གླུ་དབྱངས སྨན་བཅོས་རིམ་གྲོ་ལུ་ བར་ན་སྐོརམ་འབད་མི་ བརྡ་ལམ་གྱི་ནང་དུ་གནས་ཚུལ ཡོདཔ་མཐོང་མི་འདི་ཨིན་པས།,177,44
སྨན་བཅོས་འདི་གིས་ བརྡ་ལམ་གྱི་ནང་དུ་གནས་ཚུལངེས་ཤེས་སྦོམ་སྦེ་ར་ མདའ་རྩེད དྲག་ཚུགས་ཟེར་བའི་ སྤྱི་ལོ་༢༠༡༩ བརྡ་ལམ་གྱི་ནང་དུ་གནས་ཚུལགློག་བརྙན་ནང་མཐོང་མི་ཅིག་ཨིན་རུང་ ཆེད་གཞི ལཱ་ཁག་བཏང་དོ་ཡོདཔ་སྦེ་ཨིན་པས།,197,48
སྨན་བཅོས་འདི་གིས་ སློབ་སྦྱོང་འབད་བའི་བསྒང་ཨིན་པས།,49,11
འདི་བཟུམ་གྱི་ནད་གཞི་དེ་ བརྡ་ལམ་གྱི་ནང་དུ་གནས་ཚུལདྲག་ཚུགས་ཟེར་བའི་ མདའ་རྩེད སྤྱི་ལོ་༢༠༡༩ ནད་གཞི་དེ་ བརྡ་ལམ་གྱི་ནང་དུ་གནས་ཚུལལཱ་ཁག་བཏང་དོ་ཡོདཔ་སྦེ་ཨིན་པས།,152,38
སྨན་བཅོས་འདི་གིས་ འཕྲུལ་ལས སློབ་སྦྱོང་འབད་བའི་བསྒང་ཨིན་པས།,58,13
འདི་བཟུམ་གྱི་ནད་གཞི་དེ་ གཟུགས་སྒྲིང་སྒྲི་མེདཔ་ཐལ་ཏེ་ བརྡ་ལམ་གྱི་ནང་དུ་གནས་ཚུལསྤྱི་ལོ་༢༠༡༩ གཡག ནད་གཞི་དེ་ ལུ་ བརྡ་ལམ་གྱི་ནང་དུ་གནས་ཚུལསློབ་སྦྱོང་འབད་བའི་བསྒང་ཨིན་པས།,164,39
ཨིན་རུང་ བརྡ་ལམ་གྱི་ནང་དུ་གནས་ཚུལདྲག་སྟེ་ཡོད་མི་དེ་ རྡོ་རྗེ ཉལ་ཁྲི་གུ་ལས་བབས་ཏེ་ བཀྲིན་དགའ་ཚོར་བསམ་ནི་ཨིན་ཟེར་ཨིན་པས།,117,30
སྨན་བཅོས་ལས་རིམ་གྱིས་མ་ཚད་པར་ བརྡ་ལམ་གྱི་ནང་དུ་གནས་ཚུལ,54,15
ཕུན་ཚོགས་གླིང་བདུན་མཐའི་ཚོང་ཁྲོམ་ཁར་ བདུན་ཕྲག་༨ ཀྱི་ནང་འཁོད་ འོང་འབབ་དངུལ་ཀྲམ་ས་ཡ་༢.༥༦ བཟོ་ཡོདཔ།,96,23
ཚོང་འབྲེལ་ནང་ ཁྱི ཡོངས་བསྡོམས་ལུ་ འབྲེལ་བ་ཅན་གྱི་ངོ་ཚབ་དང་ བརྡ་ལམ་གྱི་ནང་དུ་གནས་ཚུལ དེ་ཅིག་གི་ཚོང་འབྲེལ་འཐབ་ནུག་ཟེར་ཨིན་པས།,123,31
དེ་འབདཝ་ད་ བརྡ་ལམ་གྱི་ནང་དུ་གནས་ཚུལདེ་གིས་ དགོན་པ གླིང་ག་ནང་སྦེ་ ཚོང་མགྲོན་པ་མང་ཤོས་ཅིག་གིས་ བརྡ་ལམ་གྱི་ནང་དུ་གནས་ཚུལགཞི་བཙུགས་འབད་ཚུགས་ནི་མས་ཟེར་ཨིནམ་ད་ འབད་དགོས་ སྒྲིང་སྒྲི་བཟོ་ཚུགས་ནི་མས་ཟེར་ཨིན་པས།,201,50
དེ་འབདཝ་ད་ གོང་ཚད་ཐོག་ལུ་ བརྡ་ལམ་གྱི་ནང་དུ་གནས་ཚུལགླིང་ག་ནང་སྦེ་ རྫོང ཚོང་མགྲོན་པ་མང་ཤོས་ཅིག་གིས་ ལག་ལེན་པ་ཚུ་གིས་ བརྡ་ལམ་གྱི་ནང་དུ་གནས་ཚུལ སྒྲིང་སྒྲི་བཟོ་ཚུགས་ནི་མས་ཟེར་ཨིན་པས།,177,46
མི་དབང་ཐུགས་ཀྱི་དགོངས་གཏེར་ལས་འཁྲུངས་པའི་ ལས་འགུལ་གསར་པའི་དྲན་སྣང་།,67,16
ལས་འགུལ་གསར་པའི་གཞི་འགྱམ་ མཆོད་རྟེན ཡར་རྒྱས་གོམ་པ་མདུན་ཕྱོགས་ལུ་ ལུས་ནི་མས།,75,18
ང་བཅས་རྒྱལ་ཁབ་ནང་ བརྡ་ལམ་གྱི་ནང་དུ་གནས་ཚུལ མི་དབང་མཆོག་གིས་ པདྨ འགོ་བཙུགས་ནུག།,78,20
རྫ་ལུང་མེད་ལུ་ལུང་དུ་བཏགས་ འབྲུག་རྒྱལ་ཁབ་ཀྱི་བསྟན་པ་དར་པའི་ བརྡ་ལམ་གྱི་ནང་དུ་གནས་ཚུལཡར་རྒྱས་གོམ་པ་མདུན་ཕྱོགས་ལུ་ རི་མོ ལུས་ནི་མས།,129,33
ང་བཅས་རྒྱལ་ཁབ་ནང་ འདི་བཟུམ་གྱི་ བརྡ་ལམ་གྱི་ནང་དུ་གནས་ཚུལའགོ་བཙུགས་ནུག།,70,17
རྫ་ལུང་མེད་ལུ་ལུང་དུ་བཏགས་ དགེ་འདུན་པ འབྲུག་རྒྱལ་ཁབ་ཀྱི་བསྟན་པ་དར་པའི་ གོང་སར་ཨོ་རྒྱན་དབང་ཕྱུག་མཆོག་བྱོན་ཡི།,108,27
འབྲུག་རྒྱལ་དང་པ་ བརྡ་ལམ་གྱི་ནང་དུ་གནས་ཚུལལུས་ནི་མས།,51,13
ང་བཅས་རྒྱལ་ཁབ་ནང་ ཆོས་ལྡན་ འདི་བཟུམ་གྱི་ ག་དེ་མགྱོགས་མགྱོགས་སྤོ་མི་དེ་ བརྡ་ལམ་གྱི་ནང་དུ་གནས་ཚུལའབྲུག་རྒྱལ་ཁབ་ཀྱི་བསྟན་པ་དར་པའི་ གླུ་དབྱངས གོང་སར་ཨོ་རྒྱན་དབང་ཕྱུག་མཆོག་བྱོན་ཡི།,175,42
འབྲུག་རྒྱལ་དང་པ་ འབངས་མི་སེར་བདེ་ཞིང་སྐྱིད་པའི་ བརྡ་ལམ་གྱི་ནང་དུ་གནས་ཚུལའདི་བཟུམ་གྱི་ དབྱེ་གཞི ག་དེ་མགྱོགས་མགྱོགས་སྤོ་མི་དེ་ ས་བོན་བཏབ་ཡོད་མི་དེ་ བརྡ་ལམ་གྱི་ནང་དུ་གནས་ཚུལགོང་སར་ཨོ་རྒྱན་དབང་ཕྱུག་མཆོག་བྱོན་ཡི།,207,50
འབྲུག་རྒྱལ་དང་པ་ འཕྲུལ་ལས འབངས་མི་སེར་བདེ་ཞིང་སྐྱིད་པའི་ སྡོད་ནུག།,66,15
དེ་གི་སྐབས་ལུ་ བརྡ་ལམ་གྱི་ནང་དུ་གནས་ཚུལག་དེ་མགྱོགས་མགྱོགས་སྤོ་མི་དེ་ དབང་འདུས ས་བོན་བཏབ་ཡོད་མི་དེ་ མི་དབང་སྐུ་ཉག་གཅིག་གིས་ བརྡ་ལམ་གྱི་ནང་དུ་གནས་ཚུལའབངས་མི་སེར་བདེ་ཞིང་སྐྱིད་པའི་ རི་མོ སྡོད་ནུག།,193,48
དེ་གི་སྐབས་ལུ་ གཅིག་མཐུན་ཐོག་ལས་འབདཝ་ད་ བརྡ་ལམ་གྱི་ནང་དུ་གནས་ཚུལས་བོན་བཏབ་ཡོད་མི་དེ་ ཆོས་ལྡན་ མི་དབང་སྐུ་ཉག་གཅིག་གིས་ ལུང་ བརྡ་ལམ་གྱི་ནང་དུ་གནས་ཚུལསྡོད་ནུག།,156,39
དེ་གི་སྐབས་ལུ་ མོག་མོག གཅིག་མཐུན་ཐོག་ལས་འབདཝ་ད་ འབྲུག་རྒྱལ་ཁབ་ནང་ བརྡ་ལམ་གྱི་ནང་དུ་གནས་ཚུལམི་དབང་སྐུ་ཉག་གཅིག་གིས་ སྟག་ཚང ལུང་ འདས་པའི་ བརྡ་ལམ་གྱི་ནང་དུ་གནས་ཚུལགཅིག་མཐུན་ཐོག་ལས་འབདཝ་ད་ ཚེས་བཅུ འབྲུག་རྒྱལ་ཁབ་ནང་ གནང་མིའི་གྲུབ་འབྲས་ཨིན།,233,56
ད་རེས་ནངས་པར་ བརྡ་ལམ་གྱི་ནང་དུ་གནས་ཚུལལུང་ གཞུང་རྒྱུན འདས་པའི་ མིང་གནས་བྱུང་མི་ཚུགས་ནི་མས།,90,22
དེ་འབད་ནི་དེ་གིས་ བརྡ་ལམ་གྱི་ནང་དུ་གནས་ཚུལའབྲུག་རྒྱལ་ཁབ་ནང་ རྩོམ་རིག གནང་མིའི་གྲུབ་འབྲས་ཨིན།,92,22
ད་རེས་ནངས་པར་ ང་བཅས་ཀྱི་རྒྱལ་ཁབ་འདི་ བརྡ་ལམ་གྱི་ནང་དུ་གནས་ཚུལའདས་པའི་ བཀྲ་ཤིས མིང་གནས་བྱུང་མི་ཚུགས་ནི་མས།,105,27
དེ་འབད་ནི་དེ་གིས་ འགོ་བཙུགས་ཡོདཔ་ཨིན།,37,9
འདི་ལས་ཚུར་ བརྡ་ལམ་གྱི་ནང་དུ་གནས་ཚུལགནང་མིའི་གྲུབ་འབྲས་ཨིན།,59,14
ད་རེས་ནངས་པར་ དཀྱིལ་ར ང་བཅས་ཀྱི་རྒྱལ་ཁབ་འདི་ ཕྱག་འགན་སྦོམ་བཞེས་གནང་མི་དེ་ བརྡ་ལམ་གྱི་ནང་དུ་གནས་ཚུལམིང་གནས་བྱུང་མི་ཚུགས་ནི་མས།,125,32
དེ་འབད་ནི་དེ་གིས་ སྤུ་ན་ཁ འགོ་བཙུགས་ཡོདཔ་ཨིན།,45,12
འདི་ལས་ཚུར་ གོ་རིམ་བཞིན་དུ་སྦེ་ བརྡ་ལམ་གྱི་ནང་དུ་གནས་ཚུལང་བཅས་ཀྱི་རྒྱལ་ཁབ་འདི་ འབྲུག ཕྱག་འགན་སྦོམ་བཞེས་གནང་མི་དེ་ རྒྱལ་ཁབ་ཅིག་ཨིན་པའི་གུ་ བརྡ་ལམ་གྱི་ནང་དུ་གནས་ཚུལའགོ་བཙུགས་ཡོདཔ་ཨིན།,181,44
ལྟ་བཤལ་པའི་གནད་དོན་དེ་ སྒྲིག་མཐུན་དང་ སྤུས་ལྡན་ལུ་ གཞི་འཛིན་འབད་དགོཔ་འདུག།,74,17
༉ རྒྱལ་ཁབ་ཀྱི་ ལྟ་བཤལ་པའི་སྲིད་བྱུས་དེ་ ག་ཅི་བཟུམ་ཅིག་གུ་ལུ་ བརྩི་འཇོག་དང་ གྲོས་ཐག་བཅདཔ་ཨིན་ན་ བསམ་ཞིབ་འབད་དགོཔ་འདུག།,117,29
ག་དེ་སྦེ་ངལ་རངས་ཅན་དང་ གྲོང་ཚོ ཧེ་མ་ལས་ཡོད་པའི་ གལ་ཆེ།,54,16
གཞུང་གི་ཁ་ཐུག་ལས་ བརྡ་ལམ་གྱི་ནང་དུ་གནས་ཚུལ འབད་བ་ཅིན་ རྡོ་རྗེ བཟོ་གྲྭ་ཁང་ཚུ་གིས་ བཞག་ནི་ཨིན་ན་ བརྡ་ལམ་གྱི་ནང་དུ་གནས་ཚུལཧེ་མ་ལས་ཡོད་པའི་ དར་ལྡན གལ་ཆེ།,149,41
གཞུང་གི་ཁ་ཐུག་ལས་ ག་ཅི་བཟུམ་ཅིག་གུ་ལུ་ བརྡ་ལམ་གྱི་ནང་དུ་གནས་ཚུལབཟོ་གྲྭ་ཁང་ཚུ་གིས་ བདེ་སྨིན བཞག་ནི་ཨིན་ན་ ཁྱབ་དབང་མེདཔ་ལས་ བརྡ་ལམ་གྱི་ནང་དུ་གནས་ཚུལགལ་ཆེ།,152,40
བརྡ་ལམ་གྱི་ནང་དུ་གནས་ཚུལརྒྱལ་ཁབ་ནང་ འབད་དགོས་ གནས་ཚད་ཚུ་འོས་ལྡན་ཡོད་པ་ཅིན་ ལོག་ཅི་ལོག་ཅི་ར་ བརྡ་ལམ་གྱི་ནང་དུ་གནས་ཚུལཐབས་ལམ་གཞན་ཚུ་ ཐིམ་ཕུ འདི་ར་ལེགས་ཤོམ་འོང་།,158,42
རིན་ཐང་ཆེ་བ་ བརྡ་ལམ་གྱི་ནང་དུ་གནས་ཚུལགནས་ཚད་ཚུ་འོས་ལྡན་ཡོད་པ་ཅིན་ དར་ལྡན ལོག་ཅི་ལོག་ཅི་ར་ གྲོས་ཐག་བཅདཔ་ཨིན་ན་ བརྡ་ལམ་གྱི་ནང་དུ་གནས་ཚུལའདི་ར་ལེགས་ཤོམ་འོང་།,154,42
འབྲུག་པ རིན་ཐང་ཆེ་བ་ གཞི་བཙུགས་འབད་ཚར་མི་ཚུ་གིས་ བརྡ་ལམ་གྱི་ནང་དུ་གནས་ཚུལལོག་ཅི་ལོག་ཅི་ར་ དབྱེ་ཞིབ གྲོས་ཐག་བཅདཔ་ཨིན་ན་ ཤར་ཕྱོགས་ཁ་ཐུག་ལུ་ བརྡ་ལམ་གྱི་ནང་དུ་གནས་ཚུལ,162,43
ན་གཞོན་ལཱ་གཡོག་གདོང་ལེན་དེ་ ནམ་ཅི་བསལ་ཚུགས་ནི་ཨིན་ན།,52,14
དུས་ཡུན་རིངམོ་སྦེ་ར་ བརྡ་ལམ་གྱི་ནང་དུ་གནས་ཚུལ ལཱ་གཡོག་གི་གོ་སྐབས་ ཀརྨ ལཱ་གཡོག་ས་ཁོངས་ཀྱི་ སྲིད་བྱུས་དང་ བརྡ་ལམ་གྱི་ནང་དུ་གནས་ཚུལགནོད་པ་སྦོམ་སུ་མཚམས་ཅིག་སྦེ་ཡོདཔ་ལས་ སངས་རྒྱས་ཆོས བཀོད་རིགས་ཀྱི་གཞི་རྩ་ཅིག་སྦེ་འདུག།,212,52
"དུས་ཡུན་རིངམོ་སྦེ་ར་ ཚོད་དཔག་ཐོག་༣,༢༠༠ བརྡ་ལམ་གྱི་ནང་དུ་གནས་ཚུལལཱ་གཡོག་ས་ཁོངས་ཀྱི་ འབྲུག སྲིད་བྱུས་དང་ ང་བཅས་ཀྱིས་ བརྡ་ལམ་གྱི་ནང་དུ་གནས་ཚུལབཀོད་རིགས་ཀྱི་གཞི་རྩ་ཅིག་སྦེ་འདུག།",173,41
འདི་ཚུ་ བརྡ་ལམ་གྱི་ནང་དུ་གནས་ཚུལ,32,9
ཐབས་བྱུས་ལེགས་ལྡན་མེད་མི་གིས་ དཀའ་ངལ་གྱི་གཞི་གནད་སྦེ་ར་ཡོདཔ།,60,15
སྒོང་རྡོག་གི་མཁོ་འདོད་བཀོད་མི་དེ་ བརྡ་ལམ་གྱི་ནང་དུ་གནས་ཚུལའབད་ནི་དེ་གིས་ འབྲུག་གི་གནས་ཚུལ བྱམོ་འདི་ཚུ་ ཚོང་འབྲེལ་ནང་ལང་མ་ཚུགས་པའི་ བརྡ་ལམ་གྱི་ནང་དུ་གནས་ཚུལ འབད་བ་ཅིན་ མཆོད་རྟེན སྐྱོ་དྲག་ཅིག་ནང་ལྷོད་ནུག།,202,50
སྒོང་རྡོག་གི་མཁོ་འདོད་བཀོད་མི་དེ་ འབདཝ་ད་ བརྡ་ལམ་གྱི་ནང་དུ་གནས་ཚུལབྱམོ་འདི་ཚུ་ གཞི་འཛུགས ཚོང་འབྲེལ་ནང་ལང་མ་ཚུགས་པའི་ གཞུང་ལུ་སྐྱོན་བརྗོད་ལས་ བརྡ་ལམ་གྱི་ནང་དུ་གནས་ཚུལསྐྱོ་དྲག་ཅིག་ནང་ལྷོད་ནུག།,190,45
སྒོང་རྡོག་གི་མཁོ་འདོད་བཀོད་མི་དེ་ རི་མོ འབདཝ་ད་ ཐོན་སྐྱེད་འབད་དོ་ཡོད་རུང་ བརྡ་ལམ་གྱི་ནང་དུ་གནས་ཚུལཚོང་འབྲེལ་ནང་ལང་མ་ཚུགས་པའི་ བླ་མ གཞུང་ལུ་སྐྱོན་བརྗོད་ལས་ ཡར་སེང་སོང་ཡོདཔ་ད་ བརྡ་ལམ་གྱི་ནང་དུ་གནས་ཚུལ,198,50
དད་ཅན་མི་མང་ཡོངས་ཀྱིས་ བྱིན་རླབས་ཅན་གྱི་ ལྷ་མོ་གཙོ་མོའི་སྐུ་འཆམ་ མཇལ་ཁ་ཞུ་ཡོདཔ།,79,20
དཔལལ་ལྷན་ལྷ་མོ་གཙོ་མོའི་འབག་འཆམ་དེ་ཡང་ ལུ་ བརྡ་ལམ་གྱི་ནང་དུ་གནས་ཚུལད་རིས་ རྒྱུ་དཀའ།,83,21
རྒྱལ་གཞུང་ཟློས་གར་གྱི་ཁ་ཐུག་ལས་ རྒྱལ་ཁབ་ཞི་བདེ་ངང་ལུ་བཀོད་པའི་ཁར་ བརྡ་ལམ་གྱི་ནང་དུ་གནས་ཚུལམཇལ་ཁ་གནང་དོ་ཡོདཔ་ཨིན་པས།,115,30
དེ་འབད་ནི་དེ་གིས་ བརྡ་ལམ་གྱི་ནང་དུ་གནས་ཚུལ སྣ་ཁྲིད་ཐོག་ལུ་ འབད་དགོས་ ༉ ས་གནས་ཁག་གི་ བརྡ་ལམ་གྱི་ནང་དུ་གནས་ཚུལགནམ་དྲོ་པ་ལས་ གནམ་འདུས་བཞིན་དུ ཞུ་དོ་ཡོད་ནི་དེ་གིས་ཨིན།,163,44
དེ་འབད་ནི་དེ་གིས་ མཇལ་ནིའི་དོན་ལུ་ བརྡ་ལམ་གྱི་ནང་དུ་གནས་ཚུལ ༉ བཀྲ་ཤིས ས་གནས་ཁག་གི་ ངལ་གསོ་བཞག་གནང་དོ་ཡོདཔ་ཨིན་པས།,113,31
འདི་དང་འབྲེལ་ བརྡ་ལམ་གྱི་ནང་དུ་གནས་ཚུལཞུ་དོ་ཡོད་ནི་དེ་གིས་ཨིན།,62,16
དེ་འབད་ནི་དེ་གིས་ དབང་འདུས མཇལ་ནིའི་དོན་ལུ་ ཀང་ཀ་ བརྡ་ལམ་གྱི་ནང་དུ་གནས་ཚུལ ས་གནས་ཁག་གི་ བདེ་སྨིན ངལ་གསོ་བཞག་གནང་དོ་ཡོདཔ་ཨིན་པས།,127,34
འདི་དང་འབྲེལ་ རང་ཟླ་༨ བརྡ་ལམ་གྱི་ནང་དུ་གནས་ཚུལམཇལ་ནིའི་དོན་ལུ་ བསོད་ནམས་ ཀང་ཀ་ མཇལ་ཁ་གནང་མི་དེ་ བརྡ་ལམ་གྱི་ནང་དུ་གནས་ཚུལ,120,32
རྒྱལ་གཞུང་ཞི་གཡོག་ལྷན་ཚོགས་ཀྱིས་ བདག་སྐྱོང་དང་ དངུལ་འབྲེལ་ནང་ ལཱ་གཡོག་གི་ས་སྟོང་ ཡར་སེང་འབད་ཡོདཔ།,97,22
༉ ན་གཞོན་མཐོ་རིམ་ཤེས་ཚད་ མཐར་འཁྱོལ་མི་ཚུ་ལུ་ གོ་སྐབས་མངམ་སྦེ་ འཐོབ་ཐབས་ལུ་དམིགས་ཏེ་ རྒྱལ་གཞུང་ཞི་གཡོག་ལྷན་ཚོགས་ཀྱིས་ སྤྱི་ལོ་༢༠༢༥ གི་ འབྲུག་ཞི་གཡོག་ཆོས་རྒྱུགས་ནང་ བདག་སྐྱོང་དང་ དངུལ་འབྲེལ་གྱི་ ལཱ་གཡོག་ས་སྟོང་ཡར་སེང་ འབད་ཡོདཔ་ཨིན་པས།,232,54
འབད་ནི་ཨིན་ཟེར་ཨིན་པས།,22,6
ཧེ་མ་འབད་བ་ཅིན་ གཤེས་ཚན དང་ འཕྲོ་མཐུད་འབད་བཞིན་དུ་ བརྡ་ལམ་གྱི་ནང་དུ་གནས་ཚུལ གསལ་བསྒྲགས་འབད་ཡོདཔ་ཨིན་པས།,103,26
ཞབས་ཏོག་ཚུ་ བརྡ་ལམ་གྱི་ནང་དུ་གནས་ཚུལ བསྒྱུར་བཅོས་ཚུ་འབད་ཐབས་ལུ་ རི་མོ འཕྲུལ་ལས་ཀྱི་ཤེས་ཚད་འཆང་མི་ཚུ་ དེ་ལས་ བརྡ་ལམ་གྱི་ནང་དུ་གནས་ཚུལགོ་སྐབས་བྱིནམ་ཨིན་ཟེར་ གར་རྩལ ས་སྟོང་གསལ་བསྒྲགས་འབདཝ་ཨིན་ཟེར་ཨིན་པས།,200,50
ཞབས་ཏོག་ཚུ་ ལཱ་གཡོག་སྤྱིར་བཏང་ནང་ བརྡ་ལམ་གྱི་ནང་དུ་གནས་ཚུལའཕྲུལ་ལས་ཀྱི་ཤེས་ཚད་འཆང་མི་ཚུ་ ཆུ་སྒྲིག དེ་ལས་ ཞི་གཡོག་ནང་ བརྡ་ལམ་གྱི་ནང་དུ་གནས་ཚུལས་སྟོང་གསལ་བསྒྲགས་འབདཝ་ཨིན་ཟེར་ཨིན་པས།,179,44
ད་རེས་ཀྱི་ ཕོག་དོ་ཡོད་མི་ལུ་བརྟེན་ བརྡ་ལམ་གྱི་ནང་དུ་གནས་ཚུལ ཐེངས་དང་པ་ཨིན་ཟེར་ཨིནམ་ད་ ནགས་ཚལ རྒྱལ་གཞུང་ཞི་གཡོག་ལྷན་ཚོགས་ཀྱིས་ འཕྲོ་མཐུད་དེ་ར་ བརྡ་ལམ་གྱི་ནང་དུ་གནས་ཚུལད་རེས་ཀྱི་ བསོད་ནམས་ ཕོག་དོ་ཡོད་མི་ལུ་བརྟེན་ གསལ་བསྒྲགས་འབད་ཡོདཔ་ཨིན་པས།,238,59
འཛུལ་ཞུགས་ཀྱི་ བརྡ་ལམ་གྱི་ནང་དུ་གནས་ཚུལརྒྱལ་གཞུང་ཞི་གཡོག་ལྷན་ཚོགས་ཀྱིས་ ཨེ་མ་དར་ཚི འཕྲོ་མཐུད་དེ་ར་ དེ་གིས་ བརྡ་ལམ་གྱི་ནང་དུ་གནས་ཚུལཕོག་དོ་ཡོད་མི་ལུ་བརྟེན་ འབད་དགོས་ གསལ་བསྒྲགས་འབད་ཡོདཔ་ཨིན་པས།,192,46
འཛུལ་ཞུགས་ཀྱི་ དངུལ་འབྲེལ་གྱི་ བརྡ་ལམ་གྱི་ནང་དུ་གནས་ཚུལའཕྲོ་མཐུད་དེ་ར་ བཀྲ་ཤིས དེ་གིས་ བྱིན་ཡི་ཟེར་ཨིནམ་ད་ བརྡ་ལམ་གྱི་ནང་དུ་གནས་ཚུལ གསལ་བསྒྲགས་འབད་ཡོདཔ་ཨིན་པས།,159,38
འཛུལ་ཞུགས་ཀྱི་ འཆར་སྤྱོད དངུལ་འབྲེལ་གྱི་ རང་སོའི་དབྱེ་རིམ་དང་འཁྲིལ་ བརྡ་ལམ་གྱི་ནང་དུ་གནས་ཚུལདེ་གིས་ རྩོམ་རིག བྱིན་ཡི་ཟེར་ཨིནམ་ད་ ལེ་ཤ་ཐོནམ་མས་ཟེར་ཨིནམ་ད་ བརྡ་ལམ་གྱི་ནང་དུ་གནས་ཚུལདངུལ་འབྲེལ་གྱི་ རྒྱུ་དཀའ།,203,47
ཕོ་སྐྱེས་ཅིག་ རི་གླང་གིས་ བསད་ཡོདཔ།,35,8
ནོར་བུ་སྒང་རྒཔོ་ བརྡ་ལམ་གྱི་ནང་དུ་གནས་ཚུལམི་གཉིས་བདའ་འོང་ཡོདཔ་བཞིན་དུ་ ལས་བཟོ ཉམས་རྒུདཔ་དེ་ འཐུ་བཀོགཝ་ད་ བརྡ་ལམ་གྱི་ནང་དུ་གནས་ཚུལབརྡུངས་པའི་ཤུལ་ལུ་ རིག་གཞུང ལོག་བཏང་ཡོདཔ་ཨིན་པས།,177,42
ནོར་བུ་སྒང་རྒཔོ་ སྐྱེས་ལོ་༤༣ བརྡ་ལམ་གྱི་ནང་དུ་གནས་ཚུལཉམས་རྒུདཔ་དེ་ རྒྱུ་དཀའ།,76,18
འཐུ་བཀོགཝ་ད་ ཤིང་སྣ་འཚོལ་བར་སོང་ཡོདཔ་ད་ བརྡ་ལམ་གྱི་ནང་དུ་གནས་ཚུལལོག་བཏང་ཡོདཔ་ཨིན་པས།,84,21
རྒཔོ་གིས་ བརྡ་ལམ་གྱི་ནང་དུ་གནས་ཚུལལོ་རྒྱུས་ཚུ་སླབ་པའི་ཤུལ་ལུ་ ཐིམ་ཕུ ཐོན་ཡོདཔ་ད་ རི་གླང་གི་སྦོ་ལོགས་ཁ་ལས་ཕར་ བརྡ་ལམ་གྱི་ནང་དུ་གནས་ཚུལ,133,35
སྤ་རོ་ཨེཕ་སི་གིས་ འབྲུག་པི་རི་མི་ཡར་ཕུཊ་བཱོལ་ལིག་གི་ རྒྱལ་རྟགས་འཐོབ་ནི།,71,18
༉ བི་ཨོ་བི་འབྲུག་པི་རི་མི་ཡར་ལིག་༢༠༢༥ གི་ ཕུཊ་བཱོལ་གྱི་རྩེད་འགྲན་ནང་ལས་ སྤ་རོ་ཨེཕ་སི་གིས་ དུས་ཅི་ཡང་ རྒྱལ་རྟགས་འཐོབ་ནི་ཨིན་རུང་ ད་ལྟོ་ རྩེད་འགྲན་མཇུག་ མ་བསྡུ་བར་ཡོདཔ་ཨིན་པས།,173,44
ཐོབ་པའི་གུ་ བདེ་ཐང་དཀར་ཆགས ལེགས་སྟོད་ཚུ་སྡེ་ཚན་དང་ སྦེ་ བརྡ་ལམ་གྱི་ནང་དུ་གནས་ཚུལ བཤད་མིའི་ནང་ བླ་མ བཤད་མིའི་ནང་ རྩེ་ནི་ཡོདཔ་ཨིན་པས།,131,34
སྤ་རོ་ཨེཕ་སི་གི་གཙོ་འཛིན་ བརྡ་ལམ་གྱི་ནང་དུ་གནས་ཚུལལེགས་སྟོད་ཚུ་སྡེ་ཚན་དང་ ཆེད་གཞི སྦེ་ བཤད་མིའི་ནང་ བརྡ་ལམ་གྱི་ནང་དུ་གནས་ཚུལབཤད་མིའི་ནང་ གར་རྩལ རྩེ་ནི་ཡོདཔ་ཨིན་པས།,163,41
སྤ་རོ་ཨེཕ་སི་གི་གཙོ་འཛིན་ ཨང་གཉིས་པའི་ནང་འབད་བ་ཅིན་ བརྡ་ལམ་གྱི་ནང་དུ་གནས་ཚུལསྦེ་ རི་མོ བཤད་མིའི་ནང་ ཀརྨ་འཇིགས་མེད་ཀྱིས་ བརྡ་ལམ་གྱི་ནང་དུ་གནས་ཚུལརྩེ་ནི་ཡོདཔ་ཨིན་པས།,163,41
སྡེ་ཚན་༨ བརྡ་ལམ་གྱི་ནང་དུ་གནས་ཚུལཊནསི་པོརཊ་ཡུ་ནའེ་ཊེཌ་གིས་ བསོད་ནམས་ སྤྱི་ལོ་༢༠༡༨ གཱོལ་༤ བརྡ་ལམ་གྱི་ནང་དུ་གནས་ཚུལརྒྱབ་སྐྱོར་འབད་མི་ ཐིམ་ཕུ མ་ཕམ་ཨིན་པས།,151,38
སྡེ་ཚན་༨ རྒྱལ་རྟགས་འཐོབ་ནི་དེ་ བརྡ་ལམ་གྱི་ནང་དུ་གནས་ཚུལསྤྱི་ལོ་༢༠༡༨ དབྱེ་ཞིབ གཱོལ་༤ ཚོད་རྩིས་ཐོག་ལུ་རྩེད་ཐེངས་རེ་ནང་ བརྡ་ལམ་གྱི་ནང་དུ་གནས་ཚུལམ་ཕམ་ཨིན་པས།,153,39
སྡེ་ཚན་གྱིས་ བརྡ་ལམ་གྱི་ནང་དུ་གནས་ཚུལརྒྱལ་ཁ་ཐོབ་ཡོདཔ་ད་ གླུ་དབྱངས རྩེད་འགྲན་དེ་ སྤ་རོ་ཨེཕ་སི་གིས་ བརྡ་ལམ་གྱི་ནང་དུ་གནས་ཚུལསློབ་སྟོན་པ་ སངས་རྒྱས་ཆོས རྒྱལ་ཁ་ཐོབ་ཡོདཔ་ཨིན་པས།,171,42
སྡེ་ཚན་གྱིས་ རྩེད་འགྲན་འབད་ནི་ཨིན་པའི་གནས་ཚུལ།,46,11
བརྡ་ལམ་གྱི་ནང་དུ་གནས་ཚུལརྩེད་འགྲན་དེ་ སངས་རྒྱས་ཆོས སྤ་རོ་ཨེཕ་སི་གིས་ གཱོལ་༢-༠ བརྡ་ལམ་གྱི་ནང་དུ་གནས་ཚུལརྒྱལ་ཁ་ཐོབ་ཡོདཔ་ཨིན་པས།,125,31
སྡེ་ཚན་གྱིས་ མཆོད་རྟེན རྩེད་འགྲན་འབད་ནི་ཨིན་པའི་གནས་ཚུལ།,56,13
ད་ལྟོ་ བརྡ་ལམ་གྱི་ནང་དུ་གནས་ཚུལསྤ་རོ་ཨེཕ་སི་གིས་ ལས་བཟོ གཱོལ་༢-༠ དོ་འགྲན་འབད་ནི་ཨིནམ་ད་ བརྡ་ལམ་གྱི་ནང་དུ་གནས་ཚུལ,112,30
མཉམ་འབྲེལ་དང་སྒྲིག་མཐུན་མེད་པ་ཅིན་ འཐུས་ཤོར་འབྱུང་ནི་ལུ་ ཐེ་ཚོམ་མེད།,68,16
༉ འཇིག་རྟེན་པའི་དཔྱེ་གཏམ་ནང་ ཆུ་མ་འོངམ་ལས་གཡུར་བ།,49,13
ནད་མ་འོངམ་ལས་རིམ་གྲོ།,21,6
ཟེར་དར་ཁྱབ་སོང་མི་དེ་ མི་རྣམས་ཀུན་གྱི་ ཤེས་གསལ་ལུ་ཡོདཔ་ལས་ དུས་དང་དུས་སུ་ འདི་བཟུམ་གྱི་ལོ་རྒྱུས་དེ་ སླབ་བཞིན་དུ་ར་ཡོད།,118,30
སྡོད་པ་ཅིན་ གར་རྩལ ཐོབ་དོ་ཡོདཔ་ཨིན།,35,9
ཤུལ་ལས་ མཁོ་གལ་ཚུ་ བརྡ་ལམ་གྱི་ནང་དུ་གནས་ཚུལ ༉ འགོད་རིམ སེམས་ལས་བརྗེད་ཐབས་མེད་པའི་ དཔེ་བཏོན་བཏུབ་བཟོ་ནི་དེ་ བརྡ་ལམ་གྱི་ནང་དུ་གནས་ཚུལཐོབ་དོ་ཡོདཔ་ཨིན།,147,37
ཤུལ་ལས་ རྡོ་རྗེ མཁོ་གལ་ཚུ་ །,28,8
བརྡ་ལམ་གྱི་ནང་དུ་གནས་ཚུལསེམས་ལས་བརྗེད་ཐབས་མེད་པའི་ རིག་གཞུང དཔེ་བཏོན་བཏུབ་བཟོ་ནི་དེ་ འཕྲོ་མཐུད་དེ་ར་ བརྡ་ལམ་གྱི་ནང་དུ་གནས་ཚུལམཁོ་གལ་ཚུ་ གནམ་འདུས་བཞིན་དུ །,154,38
རྒྱ་གར་རྒྱལ་ཁབ་ བརྡ་ལམ་གྱི་ནང་དུ་གནས་ཚུལདཔེ་བཏོན་བཏུབ་བཟོ་ནི་དེ་ གནམ་འདུས་བཞིན་དུ འཕྲོ་མཐུད་དེ་ར་ མཐའན་མཇུག་ལུ་ བརྡ་ལམ་གྱི་ནང་དུ་གནས་ཚུལ།,137,34
ག་འཆརཔ་ཟེར་བ་ཅིན་ བརྡ་ལམ་གྱི་ནང་དུ་གནས་ཚུལལྷགཔ་རེ་འབདཝ་ད་ རྡོ་རྗེ ཚུལ་མིན་གྱི་རྣམ་གཞག་ཚུ་ འཐུས་ཤོར་བྱུང་ཡོད་པའི་ བརྡ་ལམ་གྱི་ནང་དུ་གནས་ཚུལམ་འོངས་པའི་གནས་སྟངས་ལུ་མ་བལྟ་བར་ འབྲུག བཏང་དགོཔ་འདུག།,190,47
ག་འཆརཔ་ཟེར་བ་ཅིན་ སྒོ་ནོར་གྱི་ཐོན་སྐྱེད་དང་འབྲེལ་བའི་ བརྡ་ལམ་གྱི་ནང་དུ་གནས་ཚུལཚུལ་མིན་གྱི་རྣམ་གཞག་ཚུ་ སྟག་ཚང འཐུས་ཤོར་བྱུང་ཡོད་པའི་ སྒོང་རྡོག་གི་ཐོན་སྐྱེད་མངམ་འབདཝ་ད་ བརྡ་ལམ་གྱི་ནང་དུ་གནས་ཚུལབཏང་དགོཔ་འདུག།,205,49
ཁྲིམས་ཤིང་ལུ་ དྲུང་པ་མེད་མི་ལུ་བརྟེན་ མི་མང་ཞབས་ཏོག་ལུ་ ཐོ་ཕོག་ཡོདཔ།,68,17
༉ བཀྲིས་སྒང་ ཁྲིམས་ཤིང་དྲུང་ཁག་ནང་ དྲུང་པ་མེད་པར་ ལོ་༢ ལྷགཔ་ཅིག་ ལང་ཡོདཔ་ལས་ རྐང་པར་དང་ ཁྲིམས་ཤིང་རྒེད་འོག་གི་ ས་གནས་གཞུང་གི་ འགོ་ཁྲིདཔ་དང་ མི་སེར་ཚུ་གིས་ ཞབས་ཏོག་ཚུ་ དུས་ཚོད་ཁར་ ཐོབ་མ་ཚུགས་པའི་ ཚ་གྱང་ཡོད་ལུགས་ཚུ་ བཤད་བཞིན་དུ་འདུག།,231,57
ངོ་ཚམ་སྦེ་ སྟག་ཚང བྱིན་ནི་ལུ་ རྒེད་འོག་ཚོགས་སྡེ་དང་ བརྡ་ལམ་གྱི་ནང་དུ་གནས་ཚུལ འགྱོ་དགོ་པས་ཟེར་ཨིན་པས།,100,26
ས་གནས་གཞུང་གི་ གླུ་དབྱངས བྱིན་དོ་ཡོད་རུང་ གདོང་ལེན་བྱུང་མི་ཚུ་གི་སྐོར་ལས་ བརྡ་ལམ་གྱི་ནང་དུ་གནས་ཚུལབྱིན་ནི་ལུ་ འབྲུག་གི་གནས་ཚུལ རྒེད་འོག་ཚོགས་སྡེ་དང་ བརྩིས་ཏེ་ བརྡ་ལམ་གྱི་ནང་དུ་གནས་ཚུལབྱིན་དོ་ཡོད་རུང་ རྒྱུ་དཀའ།,209,50
ཁོ་གིས་འབད་བ་ཅིན་ བརྡ་ལམ་གྱི་ནང་དུ་གནས་ཚུལཞུ་དོ་ཡོདཔ་ད་ ཁྱི བདག་སྐྱོང་འགོ་དཔོན་དང་ ཚར་ལེ་ཤ་ཅིག་ར་ བརྡ་ལམ་གྱི་ནང་དུ་གནས་ཚུལ མེདཔ་བཟོ་བ་ཅིན་ ལས་བཟོ བཤདཔ་ཨིན་པས།,158,42
ཁོ་གིས་འབད་བ་ཅིན་ ནང་སྲིད་ལྷག་ཁག་གི་ བརྡ་ལམ་གྱི་ནང་དུ་གནས་ཚུལབདག་སྐྱོང་འགོ་དཔོན་དང་ དགོན་པ ཚར་ལེ་ཤ་ཅིག་ར་ ཁྲིམས་ཤིང་དྲུང་ཁག་ནང་ བརྡ་ལམ་གྱི་ནང་དུ་གནས་ཚུལབཤདཔ་ཨིན་པས།,164,42
ཁྲིམས་ཤིང་རྒཔོ་ བརྡ་ལམ་གྱི་ནང་དུ་གནས་ཚུལ འགོ་དཔོན་ཚུ་གིས་ འབྲུག་པ ༉ དེ་ལས་ བརྡ་ལམ་གྱི་ནང་དུ་གནས་ཚུལམིང་རྟགས་དགོས་མཁོ་བྱུང་རུང་ གཡག ཡོདཔ་ཨིན་པས།,143,35
ཁྲིམས་ཤིང་རྒཔོ་ བཀའ་རྒྱ་གནང་མི་དང་འཁྲིལ་ཏེ་ བརྡ་ལམ་གྱི་ནང་དུ་གནས་ཚུལ ༉ ཆོས་ལྡན་ དེ་ལས་ ཞུ་བ་འབད་ཡོདཔ་ད་ བརྡ་ལམ་གྱི་ནང་དུ་གནས་ཚུལཡོདཔ་ཨིན་པས།,140,36
གནད་དོན་དེ་ བརྡ་ལམ་གྱི་ནང་དུ་གནས་ཚུལད་ལྟོ་ བདེ་སྨིན འགོ་ཁྲིདཔ་ཚུ་གིས་ འཐོབ་ནི་ལུ་ བརྡ་ལམ་གྱི་ནང་དུ་གནས་ཚུལ གུང་སྟོང་དང་འབྲེལ་བའི་ འབྲས ཡོདཔ་ཨིན་པས།,147,36
གནད་དོན་དེ་ ལུས་ཡོདཔ་ལས་ བརྡ་ལམ་གྱི་ནང་དུ་གནས་ཚུལའགོ་ཁྲིདཔ་ཚུ་གིས་ འཕྲུལ་ལས འཐོབ་ནི་ལུ་ རྫོང་བདག་གི་ བརྡ་ལམ་གྱི་ནང་དུ་གནས་ཚུལ ཡོདཔ་ཨིན་པས།,138,34
ལྷན་ཁག་གིས་ བརྡ་ལམ་གྱི་ནང་དུ་གནས་ཚུལདྲང་དཔོན་དང་ གཞི་འཛུགས དབང་ཆ་བྱིན་ཏེ་ཡོད་ཟེར་ སླབ་མིའི་ནང་ བརྡ་ལམ་གྱི་ནང་དུ་གནས་ཚུལ ས་གནས་གཞུང་ལས་ དར་ལྡན བལྟ་བའི་བསྒང་ཡོདཔ་ཨིན་པས།,167,42
ལྷན་ཁག་གིས་ ས་གནས་ཀྱི་ བརྡ་ལམ་གྱི་ནང་དུ་གནས་ཚུལདབང་ཆ་བྱིན་ཏེ་ཡོད་ཟེར་ ཀུན་གསལ སླབ་མིའི་ནང་ བདེན་དཔྱད་འབད་ནི་དང་ བརྡ་ལམ་གྱི་ནང་དུ་གནས་ཚུལབལྟ་བའི་བསྒང་ཡོདཔ་ཨིན་པས།,161,40
ལྷན་ཁག་གིས་ བརྡ་ལམ་གྱི་ནང་དུ་གནས་ཚུལའབྲེལ་ཡོད་ལས་སྡེ་ཚུ་དང་གཅིག་ཁར་ འབྲས ལྷན་ཁག་གིས་ རྒྱབ་སྐྱོར་ཐོག་ལས་ བརྡ་ལམ་གྱི་ནང་དུ་གནས་ཚུལས་གནས་ཁར་ ཀརྨ བཤདཔ་ཨིན་པས།,154,38
ལྷན་ཁག་གིས་ གདོང་ལེན་ཅན་ཅིག་བྱུང་ཡི་ཟེར་ བརྡ་ལམ་གྱི་ནང་དུ་གནས་ཚུལ,65,17
རྒྱ་གར་གྱི་གཞུང་ཚབ་གསརཔ་གིས་ མི་དབང་མཆོག་ལུ་ ངོ་སྤྲོད་ཡིག་ཆ་ཕུལ་ཡོདཔ།,69,17
༉ མི་དབང་མངའ་བདག་རིན་པོ་ཆེ་མཆོག་གིས་ འབྲུག་ལུ་རྒྱ་གར་གྱི་གཞུང་ཚབ་ སཱན་དིབ་ཨར་ཡ་དང་ མཇལ་ཕྲད་གནང་ཡོདཔ་ད་ གཞུང་ཚབ་ཀྱིས་ སྤྱི་ཟླ་༩ པའི་ཚེས་༢༤ རེས་གཟའ་ཕུར་བུ་ལུ་ ངོ་སྤྲོད་ཡིག་ཆ་ཚུ་ མི་དབང་མཆོག་ལུ་ ཕུལ་ཡོདཔ་ཨིན་པས།,208,54
ལས་ ཆེད་གཞི འཕྲུལ་ལས་བཟོ་རིག་འགོ་དཔོན་གྱི་ ཕྱག་ཞུ་ཡོདཔ་ཨིན་པས།,62,15
གཞུང་ཚབ་ བརྡ་ལམ་གྱི་ནང་དུ་གནས་ཚུལ འཛུལ་ཞུགས་འབད་ཡོདཔ་ད་ བུམ་ཐང བེཊ་ནམ་མི་སྡེ་དམངས་གཙོའི་ནང་ པ་ལས་ བརྡ་ལམ་གྱི་ནང་དུ་གནས་ཚུལའཕྲུལ་ལས་བཟོ་རིག་འགོ་དཔོན་གྱི་ དར་ལྡན ཕྱག་ཞུ་ཡོདཔ་ཨིན་པས།,179,45
གཞུང་ཚབ་ རྒྱ་གར་ནིའུ་ལྡི་ལི་གི་ བརྡ་ལམ་གྱི་ནང་དུ་གནས་ཚུལབེཊ་ནམ་མི་སྡེ་དམངས་གཙོའི་ནང་ འབྲུག པ་ལས་ འབྲུག་ལུ་རྒྱ་གར་གྱི་གཞུང་ཚབ་ བརྡ་ལམ་གྱི་ནང་དུ་གནས་ཚུལཕྱག་ཞུ་ཡོདཔ་ཨིན་པས།,169,42
ཐིམ་ཕུག་ཁྲོམ་སྡེ་གིས་ བཙོག་གཡུར་ལེགས་བཅོས་འབད་ནི་ལུ་ དངུལ་ཀྲམ་ས་ཡ་༦༦.༦ བགོ་བཀྲམ།,80,19
ཐིམ་ཕུག་ཁྲོམ་སྡེ་གིས་ བཙོག་ཆུ་གཡུར་བ་ལམ་ལུགས་ ལོག་བཟོ་སྐྲུན་འབད་ནིའི་དོན་ལས་ དངུལ་ཀྲམ་ས་ཡ་༦.༦ བགོ་བཀྲམ་འབད་ཡོདཔ་ཨིན་པས།,119,29
པ་ཚུན་ གནས་འཁོར ཡར་དྲག་གཏང་ནི་ཨིན་པས།,37,10
སང་ཕོད་ ལྕང་སྒང་ཁ་ བརྡ་ལམ་གྱི་ནང་དུ་གནས་ཚུལ ཡར་དྲག་གཏང་ནི་ལཱ་ཚུ་ གཞུང་རྒྱུན དཀའ་ངལ་མ་འདྲཝ་ཚུ་ བཙོག་གཡུར་ཚུ་ཡང་ བརྡ་ལམ་གྱི་ནང་དུ་གནས་ཚུལཡར་དྲག་གཏང་ནི་ཨིན་པས།,156,41
སང་ཕོད་ ཉེས་ཚོགས ལྕང་སྒང་ཁ་ ཡར་འཕར་སོང་ཡོདཔ་ཨིན་པས།,51,13
མི་རློབས་ཚད་ལྡན་དེ་ བརྡ་ལམ་གྱི་ནང་དུ་གནས་ཚུལདཀའ་ངལ་མ་འདྲཝ་ཚུ་ ཉེས་ཚོགས བཙོག་གཡུར་ཚུ་ཡང་ བཙོག་གཡུར་འཛིན་སྐྱོང་གི་ བརྡ་ལམ་གྱི་ནང་དུ་གནས་ཚུལལྕང་སྒང་ཁ་ ལས་བཟོ ཡར་འཕར་སོང་ཡོདཔ་ཨིན་པས།,178,44
མི་རློབས་ཚད་ལྡན་དེ་ ངོས་འཛིན་འབད་དེ་ བརྡ་ལམ་གྱི་ནང་དུ་གནས་ཚུལབཙོག་གཡུར་ཚུ་ཡང་ མདའ་རྩེད བཙོག་གཡུར་འཛིན་སྐྱོང་གི་ ཟླ་༡༢ བརྡ་ལམ་གྱི་ནང་དུ་གནས་ཚུལ ཡར་འཕར་སོང་ཡོདཔ་ཨིན་པས།,166,41
"མི་རློབས་ཚད་ལྡན་དེ་ སྤ་རོ ངོས་འཛིན་འབད་དེ་ མི་༥,༣༣༦ བརྡ་ལམ་གྱི་ནང་དུ་གནས་ཚུལབཙོག་གཡུར་འཛིན་སྐྱོང་གི་ གར་རྩལ ཟླ་༡༢ ལོ་བསྟར་ཡར་འཕར་གྱི་ཚད་གཞི་དེ་ བརྡ་ལམ་གྱི་ནང་དུ་གནས་ཚུལངོས་འཛིན་འབད་དེ་ ཀརྨ མི་༥,༣༣༦ ཡོད་པའི་གནས་ཚུལ།",214,53
"བརྡ་ལམ་གྱི་ནང་དུ་གནས་ཚུལཟླ་༡༢ བུམ་ཐང ལོ་བསྟར་ཡར་འཕར་གྱི་ཚད་གཞི་དེ་ སྤྱི་ཟླ་༦ བརྡ་ལམ་གྱི་ནང་དུ་གནས་ཚུལམི་༥,༣༣༦ ཉེས་ཚོགས ཡོད་པའི་གནས་ཚུལ།",135,35
གོ་རིམ་༣ བརྡ་ལམ་གྱི་ནང་དུ་གནས་ཚུལལོ་བསྟར་ཡར་འཕར་གྱི་ཚད་གཞི་དེ་ གར་རྩལ སྤྱི་ཟླ་༦ གནམ་གཤིས་འགྱུར་བགྲོད་ཀྱི་ བརྡ་ལམ་གྱི་ནང་དུ་གནས་ཚུལཡོད་པའི་གནས་ཚུལ།,146,37
གོ་རིམ་དང་པའི་ནང་ བརྡ་ལམ་གྱི་ནང་དུ་གནས་ཚུལཀི་ལོ་མི་ཊར་གྲུ་བཞི་རེ་ལུ་ འབྲས པ་ལུ་ གདོང་ལེན་བྱུང་དོ་ཡོདཔ་ཨིན་པས།,109,29
གནས་སྡུད་དང་འཁྲིལ་བ་ཅིན་ བརྡ་ལམ་གྱི་ནང་དུ་གནས་ཚུལལས་རིམ་གྱིས་ དབྱེ་གཞི རྒྱབ་སྐྱོར་འབད་དེ་ཡོདཔ་ཨིན་པས།,101,24
གོ་རིམ་དང་པའི་ནང་ མུ་ཏིག་ཐང་དང་ བརྡ་ལམ་གྱི་ནང་དུ་གནས་ཚུལཔ་ལུ་ བུམ་ཐང གདོང་ལེན་བྱུང་དོ་ཡོདཔ་ཨིན་པས།,98,26
གནས་སྡུད་དང་འཁྲིལ་བ་ཅིན་ ལོ་བསྟར་ བརྡ་ལམ་གྱི་ནང་དུ་གནས་ཚུལརྒྱབ་སྐྱོར་འབད་དེ་ཡོདཔ་ཨིན་པས།,88,21
གོ་རིམ་དང་པའི་ནང་ གཤེས་ཚན མུ་ཏིག་ཐང་དང་ ཡོདཔ་ད་ བརྡ་ལམ་གྱི་ནང་དུ་གནས་ཚུལགདོང་ལེན་བྱུང་དོ་ཡོདཔ་ཨིན་པས།,101,26
གནས་སྡུད་དང་འཁྲིལ་བ་ཅིན་ གོ ལོ་བསྟར་ གཙོ་རིམ་བཟུང་ནི་ཨིནམ་བཞིན་དུ་ བརྡ་ལམ་གྱི་ནང་དུ་གནས་ཚུལ མུ་ཏིག་ཐང་དང་ ནི ཡོདཔ་ད་ ཚུད་དེ་ཡོདཔ་ཨིན་པས།,136,35
ཐིམ་ཕུག་ཁྲོམ་སྡེ་ བརྡ་ལམ་གྱི་ནང་དུ་གནས་ཚུལ,42,11
ཕུན་ཚོགས་གླིང་ལུ་ བཟའ་ཁང་སྟོངམ་ལུས་མི་གིས་ འགུལ་མེད་རྒྱུ་དངོས་ཀྱི་ ཚ་གྱང་ཡོད་ལུགས་ཞུ་བ།,87,21
འབད་བ་ཅིན་ འབྲུག་འཕྲིན་གླིང་ དང་༢༠ ལོག་ལེགས་བཅོས་འགྱོ་ཚུགས་ནི་ལུ་ བརྡ་ལམ་གྱི་ནང་དུ་གནས་ཚུལ འདི་བཟུམ་གྱི་ཐབས་བྱུས་དེ་གིས་ མདའ་རྩེད ཁེ་སང་མེད་པའི་གུ་ ལོག་ཐོན་འགྱོཝ་མས་ཟེར་ཨིན་པས།,176,43
འདི་གིས་ བརྡ་ལམ་གྱི་ནང་དུ་གནས་ཚུལདང་༢༠ འབྲས ལོག་ལེགས་བཅོས་འགྱོ་ཚུགས་ནི་ལུ་ ཉོགས་བཤད་བཀོད་དོ་བཟུམ་ བརྡ་ལམ་གྱི་ནང་དུ་གནས་ཚུལཁེ་སང་མེད་པའི་གུ་ པདྨ ལོག་ཐོན་འགྱོཝ་མས་ཟེར་ཨིན་པས།,172,42
འདི་གིས་ སྡེ་ཚན་གྱི་རྒྱལ་རབས་ལུ་ བརྡ་ལམ་གྱི་ནང་དུ་གནས་ཚུལལོག་ལེགས་བཅོས་འགྱོ་ཚུགས་ནི་ལུ་ འགོད་རིམ ཉོགས་བཤད་བཀོད་དོ་བཟུམ་ གནོད་དོ་ཡོདཔ་ད་ བརྡ་ལམ་གྱི་ནང་དུ་གནས་ཚུལ ལོག་ཐོན་འགྱོཝ་མས་ཟེར་ཨིན་པས།,189,46
འདི་གིས་ བདེ་ཐང་དཀར་ཆགས སྡེ་ཚན་གྱི་རྒྱལ་རབས་ལུ་ མར་བབས་འགྱོ་སྲིད་ཟེར་ཨིན་པས།,76,19
གཞུང་གི་ཁ་ཐུག་ལས་ བརྡ་ལམ་གྱི་ནང་དུ་གནས་ཚུལཉོགས་བཤད་བཀོད་དོ་བཟུམ་ ཀུན་གསལ གནོད་དོ་ཡོདཔ་ད་ གི་བར་ན་ བརྡ་ལམ་གྱི་ནང་དུ་གནས་ཚུལསྡེ་ཚན་གྱི་རྒྱལ་རབས་ལུ་ བདེ་སྨིན མར་བབས་འགྱོ་སྲིད་ཟེར་ཨིན་པས།,183,46
གཞུང་གི་ཁ་ཐུག་ལས་ ད་རེས་འབདཝ་ད་ བརྡ་ལམ་གྱི་ནང་དུ་གནས་ཚུལ གནོད་དོ་ཡོདཔ་ད་ དབྱེ་གཞི གི་བར་ན་ ཞི་བདེ་བཟའ་ཁང་གི་ཇོ་བདག་ བརྡ་ལམ་གྱི་ནང་དུ་གནས་ཚུལམར་བབས་འགྱོ་སྲིད་ཟེར་ཨིན་པས།,168,45
འཛུལ་སྒོའི་ས་ཁོངས་གཞན་ཚུ་དང་ཕྱདཔ་ད་ བརྡ་ལམ་གྱི་ནང་དུ་གནས་ཚུལདཔལ་འབྱོར་དང་ གནས་འཁོར གནས་གོང་ཁེ་སུ་སྦེ་བྱིནམ་མས་ཟེར་ བཟའ་ཁང་ཚུ་ བརྡ་ལམ་གྱི་ནང་དུ་གནས་ཚུལ བཟའ་ཁང་གཉིས་ཆ་ར་ལུ་ སྤ་རོ ཐོ་ཕོག་འོང་ཟེར་ཨིན་པས།,199,52
འཛུལ་སྒོའི་ས་ཁོངས་གཞན་ཚུ་དང་ཕྱདཔ་ད་ ཚ་གྱང་ཅིག་དེ་ བརྡ་ལམ་གྱི་ནང་དུ་གནས་ཚུལགནས་གོང་ཁེ་སུ་སྦེ་བྱིནམ་མས་ཟེར་ བདེ་ཐང་དཀར་ཆགས བཟའ་ཁང་ཚུ་ ཕབ་ཆག་གི་དུས་ཚོད་དེ་ཡང་ བརྡ་ལམ་གྱི་ནང་དུ་གནས་ཚུལ ཐོ་ཕོག་འོང་ཟེར་ཨིན་པས།,203,54
བཟའ་ཁང་ཚུ་ལུ་ བརྡ་ལམ་གྱི་ནང་དུ་གནས་ཚུལནང་འཁོད་ལུ་ཚོང་འབྲེལ་མར་བབས་འགྱོ་མི་གིས་ གླུ་དབྱངས དྲག་དོ་བཟུམ་འབད་རུང་ འོང་འབབ་མེད་པའི་བསྒང་ལས་ བརྡ་ལམ་གྱི་ནང་དུ་གནས་ཚུལ དབང་ཕྱུག་གིས་ པདྨ བཤདཔ་ཨིན་པས།,190,47
བཟའ་ཁང་ཚུ་ལུ་ ས་མཚམས་ཀྱི་དཔལ་འབྱོར་ བརྡ་ལམ་གྱི་ནང་དུ་གནས་ཚུལདྲག་དོ་བཟུམ་འབད་རུང་ རྩོམ་རིག འོང་འབབ་མེད་པའི་བསྒང་ལས་ ཁྲལ་ཟུར་ཐབས་ལུ་དམིགས་ཏེ་ བརྡ་ལམ་གྱི་ནང་དུ་གནས་ཚུལབཤདཔ་ཨིན་པས།,176,43
འགུལ་མེད་རྒྱུ་དངོས་ བརྡ་ལམ་གྱི་ནང་དུ་གནས་ཚུལམར་བབས་སོང་ཡོདཔ་ད་ བུམ་ཐང ༉ ཕུན་ཚོགས་གླིང་གི་ཁྲོམ་དེ་ བརྡ་ལམ་གྱི་ནང་དུ་གནས་ཚུལ,122,31
བརྡ་ལམ་གྱི་ནང་དུ་གནས་ཚུལ,24,7
དགེ་ལེགས་ཕུག་དྲན་ཤེས་ཁྲོམ་ཚོགས་ ཉེན་སྲུང་དང་ལྡནམ་སྦེ་བཞག་ཐབས་ལུ་ པར་ཆས་བཙུགས་སྒྲིག་འབད་ཡོདཔ།,92,21
ཁྲིམས་སྲུང་འགག་པ་གིས་ བརྡ་ལམ་གྱི་ནང་དུ་གནས་ཚུལདགེ་ལེགས་ཕུག་དྲན་ཤེས་ཁྲོམ་ཚོགས་ འབྲུག་པ བཙུགས་སྒྲིག་འབད་ཡོདཔ་བཞིན་དུ་ (མེ་དང་ཉེན་སྐྱོབ་) བརྡ་ལམ་གྱི་ནང་དུ་གནས་ཚུལཁྲོམ་ལྟེ་བ་དང་ སྤ་རོ ཡོདཔ་ཨིན་པས།,192,46
ཁྲིམས་སྲུང་འགག་པ་གིས་ ཁྲིམས་སྲུང་འགག་པ་༡༠ བརྡ་ལམ་གྱི་ནང་དུ་གནས་ཚུལབཙུགས་སྒྲིག་འབད་ཡོདཔ་བཞིན་དུ་ ཨེ་མ་དར་ཚི (མེ་དང་ཉེན་སྐྱོབ་) གཞི་བཙུགས་འབད་ཡོདཔ་ཨིན་པས།,152,37
གསར་སྤང་རབ་སྡེའི་ བརྡ་ལམ་གྱི་ནང་དུ་གནས་ཚུལཡོདཔ་ཨིན་པས།,54,13
ཁྲིམས་སྲུང་འགག་པ་གིས་ རིག་གཞུང ཁྲིམས་སྲུང་འགག་པ་༡༠ བཙུགས་སྒྲིག་འབད་ཡོདཔ་ད་ བརྡ་ལམ་གྱི་ནང་དུ་གནས་ཚུལ(མེ་དང་ཉེན་སྐྱོབ་) ཆེད་གཞི གཞི་བཙུགས་འབད་ཡོདཔ་ཨིན་པས།,152,36
གསར་སྤང་རབ་སྡེའི་ ཉེན་སྲུང་ལྟ་རྟོག་འབད་ནིའི་ བརྡ་ལམ་གྱི་ནང་དུ་གནས་ཚུལཁྲིམས་སྲུང་འགག་པ་༡༠ འབྲས བཙུགས་སྒྲིག་འབད་ཡོདཔ་ད་ ལྟ་རྟོག་འབད་ཚུགས་ནི་ཨིན་པས།,145,34
དེང་སང་དང་མཐུན་པའི་ བརྡ་ལམ་གྱི་ནང་དུ་གནས་ཚུལགཞི་བཙུགས་འབད་ཡོདཔ་ཨིན་པས།,70,17
གསར་སྤང་རབ་སྡེའི་ དབྱེ་ཞིབ ཉེན་སྲུང་ལྟ་རྟོག་འབད་ནིའི་ གདོང་ལེན་འབད་ཚུགས་ནི་ བརྡ་ལམ་གྱི་ནང་དུ་གནས་ཚུལབཙུགས་སྒྲིག་འབད་ཡོདཔ་ད་ འབྲུག ལྟ་རྟོག་འབད་ཚུགས་ནི་ཨིན་པས།,157,36
དེང་སང་དང་མཐུན་པའི་ གོང་འཕེལ་གཏང་ཚུགས་ནི་མས་ཟེར་ཨིན་པས།,55,14
ཞིབ་དཔྱད་འབད་ནི་དང་ བརྡ་ལམ་གྱི་ནང་དུ་གནས་ཚུལཉེན་སྲུང་ལྟ་རྟོག་འབད་ནིའི་ བླ་མ གདོང་ལེན་འབད་ཚུགས་ནི་ འགོ་འབྱེད་འབད་ཡོདཔ་ད་ བརྡ་ལམ་གྱི་ནང་དུ་གནས་ཚུལལྟ་རྟོག་འབད་ཚུགས་ནི་ཨིན་པས།,171,42
དེང་སང་དང་མཐུན་པའི་ ཚེས་བཅུ གོང་འཕེལ་གཏང་ཚུགས་ནི་མས་ཟེར་ཨིན་པས།,63,16
ཞིབ་དཔྱད་འབད་ནི་དང་ སེམས་ཤུགས་བྱིན་ཏེ་ཡོད་མི་གིས་ བརྡ་ལམ་གྱི་ནང་དུ་གནས་ཚུལགདོང་ལེན་འབད་ཚུགས་ནི་ ཚེས་བཅུ འགོ་འབྱེད་འབད་ཡོདཔ་ད་ གསར་སྤང་ལུ་ བརྡ་ལམ་གྱི་ནང་དུ་གནས་ཚུལགོང་འཕེལ་གཏང་ཚུགས་ནི་མས་ཟེར་ཨིན་པས།,197,48
མི་དབང་རྒྱལ་ཡུམ་མཆོག་གིས་ ཨམ་སྲུའི་ལྕོགས་གྲུབ་ཡར་དྲག་གཏང་ནི་ལུ་ གཙུག་སྡེ་ཅིག་འགོ་འབྱེད་གནང་ཡོདཔ།,96,22
བཟོ་དགོ་ཟེར་ཨིན་པས།,19,5
ཕོ་སྐྱེས་ཚུ་ལས་ གཡག བྱིན་ཏེ་ཡོད་ཟེར་ཨིན་པས།,43,11
ལས་རིམ་སྐབས་ ས་གོ་ཚུ་ཡང་ བརྡ་ལམ་གྱི་ནང་དུ་གནས་ཚུལ ལས་རིམ་འགོ་བཙུགས་མི་དེ་ ཆེད་གཞི གོ་སྐབས་བརྗེ་སོར་འབད་ནིའི་དོན་ལས་ མ་འདྲཝ་ཅིག་སྦེ་ བརྡ་ལམ་གྱི་ནང་དུ་གནས་ཚུལབྱིན་ཏེ་ཡོད་ཟེར་ཨིན་པས།,179,46
དེ་བཟུམ་སྦེ་ བརྡ་ལམ་གྱི་ནང་དུ་གནས་ཚུལ མི་ངོམ་ཚུ་ལས་ རྫོང་ཁ ལེགས་ཤོམ་སྦེ་ མཁས་མཆོག་ཅིག་ལུ་ བརྡ་ལམ་གྱི་ནང་དུ་གནས་ཚུལལས་རིམ་ནང་ གར་རྩལ སེམས་ཤུགས་ཐོབ་ཡོདཔ་ཨིན་པས།,158,40
དེ་བཟུམ་སྦེ་ མཉམ་འབྲེལ་ལས་རིམ་དེ་གིས་ བརྡ་ལམ་གྱི་ནང་དུ་གནས་ཚུལལེགས་ཤོམ་སྦེ་ རི་མོ མཁས་མཆོག་ཅིག་ལུ་ གལ་གནད་ཅན་ཅིག་ཨིན་ཟེར་གསུངས་ཡོདཔ་ཨིན་པས།,139,34
མི་དབང་རྒྱལ་ཡུམ་མཆོག་གིས་ བརྡ་ལམ་གྱི་ནང་དུ་གནས་ཚུལསེམས་ཤུགས་ཐོབ་ཡོདཔ་ཨིན་པས།,76,18
དེ་བཟུམ་སྦེ་ མཆོད་རྟེན མཉམ་འབྲེལ་ལས་རིམ་དེ་གིས་ རི་ནིའུ་དང་གཅིག་ཁར་ བརྡ་ལམ་གྱི་ནང་དུ་གནས་ཚུལམཁས་མཆོག་ཅིག་ལུ་ ཐིམ་ཕུ གལ་གནད་ཅན་ཅིག་ཨིན་ཟེར་གསུངས་ཡོདཔ་ཨིན་པས།,156,38
མི་དབང་རྒྱལ་ཡུམ་མཆོག་གིས་ དྲན་རྟགས་ཅན་ཅིག་ཨིནམ་ད་ བརྡ་ལམ་གྱི་ནང་དུ་གནས་ཚུལམཉམ་འབྲེལ་ལས་རིམ་དེ་གིས་ ནི རི་ནིའུ་དང་གཅིག་ཁར་ མི་དབང་འབྲུག་རྒྱལ་བཞི་པ་མཆོག་ བརྡ་ལམ་གྱི་ནང་དུ་གནས་ཚུལགལ་གནད་ཅན་ཅིག་ཨིན་ཟེར་གསུངས་ཡོདཔ་ཨིན་པས།,216,53
མི་དབང་རྒྱལ་ཡུམ་མཆོག་གིས་ གྲོང་ཚོ དྲན་རྟགས་ཅན་ཅིག་ཨིནམ་ད་ རིག་རྩལ་གོང་འཕེལ་དང་ བརྡ་ལམ་གྱི་ནང་དུ་གནས་ཚུལ རི་ནིའུ་དང་གཅིག་ཁར་ དཀྱིལ་ར མི་དབང་འབྲུག་རྒྱལ་བཞི་པ་མཆོག་ སྦྱོང་བརྡར་ཚུ་ བརྡ་ལམ་གྱི་ནང་དུ་གནས་ཚུལ,201,50
དམིགས་བསལ་སྐྱིན་འགྲུལ་ལས་རིམ་གྱིས་ སྐྱིན་ཚབ་དུས་ཚོད་ཁར་ བཏབ་མ་ཚུགས་མི་ལུ་ ལྷན་ཐབས་འབད་ཚུགས་ནི།,94,22
ལོ་ངོ་དག་པ་ཅིག་གི་ཧེ་མར་ ནད་ཡམས་ཀོ་བིཌ་-༡༩ ལུ་བརྟེན་ དཔལ་འབྱོར་ལུ་ཐོ་ཕོག་སྟེ་ སྐྱིན་འགྲུལ་གྱི་སྐྱིན་ཚབ་བཏབ་མ་ཚུགས་མི་ཚུ་གི་དོན་ལུ་ འབྲུག་རྒྱལ་ཉེན་སྲུང་ཚད་ཀྱིས་ དམིགས་བསལ་སྐྱིན་འགྲུལ་ལས་རིམ་ཅིག་ འགོ་འབྱེད་འབད་ཡོདཔ་ཨིན་པས།,220,53
དང་ ཀུན་གསལ སེམས་ཤུགས་བྱིན་ཐབས་ལུ་ཨིན་པས།,41,10
དེ་མ་ཚད་ དུས་ཚོད་ཁར་མ་བཏབ་མི་དང་ བརྡ་ལམ་གྱི་ནང་དུ་གནས་ཚུལ ཚུདཔ་ཨིན་པས།,70,20
ལས་འཛིན་དང་འཁྲིལ་བ་ཅིན་ ཚེས་བཅུ སྐྱིན་འགྲུལ་གྱི་ ཁས་བླངས་ཐོག་ལས་ བརྡ་ལམ་གྱི་ནང་དུ་གནས་ཚུལསེམས་ཤུགས་བྱིན་ཐབས་ལུ་ཨིན་པས།,118,28
དེ་མ་ཚད་ ཧི་མ་ལ་ཡ དུས་ཚོད་ཁར་མ་བཏབ་མི་དང་ སྐྱིན་འགྲུལ་བཏབ་ནི་ལུ བརྡ་ལམ་གྱི་ནང་དུ་གནས་ཚུལསྐྱིན་འགྲུལ་གྱི་ རྒྱུ་དཀའ།,114,30
དེ་བཟུམ་སྦེ་ བརྡ་ལམ་གྱི་ནང་དུ་གནས་ཚུལཔདྨ་དབྱངས་ཅན་གྱིས་ འབྲུག མ་རྩ་གཞི་བཙུགས་ལས་ཚན་ལས་ ཟད་འགྲོ་ཉུང་དྲགས་ཐོག་ལས་ བརྡ་ལམ་གྱི་ནང་དུ་གནས་ཚུལསྐྱིན་ཚབ་བཏབ་མ་ཚུགས་མི་དང་ གཡག བཤདཔ་ཨིན་པས།,179,44
དེ་བཟུམ་སྦེ་ སྐྱིན་ཚབ་དེ་ བརྡ་ལམ་གྱི་ནང་དུ་གནས་ཚུལམ་རྩ་གཞི་བཙུགས་ལས་ཚན་ལས་ ཆོག་མི་སྡུད ཟད་འགྲོ་ཉུང་དྲགས་ཐོག་ལས་ སྐྱིན་འགྲུལ་ལེ་ཤ་མ་ལུས་པར་ བརྡ་ལམ་གྱི་ནང་དུ་གནས་ཚུལབཤདཔ་ཨིན་པས།,175,44
གཞུང་གིས་ ཚོང་འབྲེལ་ཁྱད་པར་བསུབ་ནི་ལུ་ ནང་འཁོད་ལས་ ཤའི་ཐོན་སྐྱེད་འབད་ནི།,72,17
གཞུང་གིས་ ཚོང་འབྲེལ་གྱི་ ཁྱད་པར་བསུབ་ནི་དང་ ནང་འདྲེན་ལུ་བརྟེན་སྡོད་མི་ཚུ་ མར་ཕབ་འབད་ཐབས་ལུ་ ནང་འཁོད་ཤ་གི་ཐོན་སྐྱེད་ཡར་སེང་འབད་ནི་ལུ་ བརྩོན་ཤུགས་བསྐྱེད་དོ་ཡོདཔ་ཨིན་པས།,166,40
སྤྱི་ལོ་༢༠༢༥ བརྡ་ལམ་གྱི་ནང་དུ་གནས་ཚུལ ཕགཔ་གསོ་སྐྱོང་ཁང་སྦོམ་རེ་ནང་ འབྲུག་པ དངུལ་ཀྲམ་ཐེར་འབུམ་ལས་བཅད་དེ་ ལག་ལེན་འཐབ་ནི་ཨིན་པས།,125,32
བློན་པོ་གིས་འབད་བ་ཅིན་ བརྡ་ལམ་གྱི་ནང་དུ་གནས་ཚུལབསྡུ་གསོག་འབད་མི་དང་ ཆེད་གཞི ཐོན་སྐྱེད་འབད་ནུག།,94,23
སྤྱི་ལོ་༢༠༢༥ བསམ་རྩེ་ལུ་ བརྡ་ལམ་གྱི་ནང་དུ་གནས་ཚུལ དངུལ་ཀྲམ་ཐེར་འབུམ་ལས་བཅད་དེ་ གོ ལག་ལེན་འཐབ་ནི་ཨིན་པས།,103,27
བློན་པོ་གིས་འབད་བ་ཅིན་ གསར་སྤང་དང་ བརྡ་ལམ་གྱི་ནང་དུ་གནས་ཚུལཐོན་སྐྱེད་འབད་ནུག།,77,19
སྤྱི་ལོ་༢༠༢༥ ཀུན་གསལ བསམ་རྩེ་ལུ་ བསམ་རྩེ་དང་ བརྡ་ལམ་གྱི་ནང་དུ་གནས་ཚུལལག་ལེན་འཐབ་ནི་ཨིན་པས།,90,23
"ཉ་ཐོན་སྐྱེད་ཡར་སེང་འབད་ནི་ལུ་ བརྡ་ལམ་གྱི་ནང་དུ་གནས་ཚུལལས་ ཨེ་མ་དར་ཚི ཐོན་སྐྱེད་འབད་ཚུགས་པའི་ ཕྱག་ཞུ་དོ་ཡོདཔ་ད་ བརྡ་ལམ་གྱི་ནང་དུ་གནས་ཚུལལས་༢,༠༠༠ མོག་མོག བརྩོན་ཤུགས་བསྐྱེད་དོ་ཟེར་ཨིན་པས།",184,46
ཉ་ཐོན་སྐྱེད་ཡར་སེང་འབད་ནི་ལུ་ ཤ་ནང་འདྲེན་དང་ བརྡ་ལམ་གྱི་ནང་དུ་གནས་ཚུལ ཐོན་སྐྱེད་འབད་ཚུགས་པའི་ དབྱེ་ཞིབ ཕྱག་ཞུ་དོ་ཡོདཔ་ད་ དེ་ཅིག་ བརྡ་ལམ་གྱི་ནང་དུ་གནས་ཚུལབརྩོན་ཤུགས་བསྐྱེད་དོ་ཟེར་ཨིན་པས།,185,46
ཉ་ཐོན་སྐྱེད་ཡར་སེང་འབད་ནི་ལུ་ ཆུ་སྒྲིག ཤ་ནང་འདྲེན་དང་ དེ་ཅིག་ བརྡ་ལམ་གྱི་ནང་དུ་གནས་ཚུལཕྱག་ཞུ་དོ་ཡོདཔ་ད་ བླ་མ དེ་ཅིག་ ཡར་དྲག་གཏང་ཚུགས་ཟེར་ཨིན་པས།,144,38
དེ་ཡང་ བརྡ་ལམ་གྱི་ནང་དུ་གནས་ཚུལཤ་ནང་འདྲེན་དང་ བསོད་ནམས་ དེ་ཅིག་ བྱ་ཤ་ བརྡ་ལམ་གྱི་ནང་དུ་གནས་ཚུལདེ་ཅིག་ འབྲུག ཡར་དྲག་གཏང་ཚུགས་ཟེར་ཨིན་པས།,135,34
དེ་ཡང་ བྱ་གསོ་སྐྱོང་ཁང་སྦོམ་༣ བརྡ་ལམ་གྱི་ནང་དུ་གནས་ཚུལདེ་ཅིག་ འཆར་སྤྱོད བྱ་ཤ་ ཡར་སེང་འབད་ནིའི་ བརྡ་ལམ་གྱི་ནང་དུ་གནས་ཚུལཡར་དྲག་གཏང་ཚུགས་ཟེར་ཨིན་པས།,146,37
ཨིན་རུང་ བརྡ་ལམ་གྱི་ནང་དུ་གནས་ཚུལརིན་ཐང་ཆེཝ་སྦེ་ འབད་དགོས་ དེ་ལས་ དེ་ལས་ བརྡ་ལམ་གྱི་ནང་དུ་གནས་ཚུལ དེ་ལས་ དཀྱིལ་ར ཐོན་སྐྱེད་འབད་ནུག།,131,33
"ཨིན་རུང་ བལ་གྱི་ཐོན་སྐྱེད་ཊཱན་༢.༧ བརྡ་ལམ་གྱི་ནང་དུ་གནས་ཚུལདེ་ལས་ འབྲུག་པ དེ་ལས་ བྱ་༡༠,༠༠༠ བརྡ་ལམ་གྱི་ནང་དུ་གནས་ཚུལཐོན་སྐྱེད་འབད་ནུག།",132,32
"ཨིན་རུང་ འབྲུག་པ བལ་གྱི་ཐོན་སྐྱེད་ཊཱན་༢.༧ ལོ་བསྟར་གྱི་ བརྡ་ལམ་གྱི་ནང་དུ་གནས་ཚུལ དེ་ལས་ སྤུ་ན་ཁ བྱ་༡༠,༠༠༠ དང་ བརྡ་ལམ་གྱི་ནང་དུ་གནས་ཚུལ བལ་གྱི་ཐོན་སྐྱེད་ཊཱན་༢.༧ ལས་བཟོ ལོ་བསྟར་གྱི་ དར་དཀར་ནང་ཚུ་ཨིན་པས།",199,52
"སོ་ནམ་བློན་པོ་ བརྡ་ལམ་གྱི་ནང་དུ་གནས་ཚུལབྱ་༡༠,༠༠༠ རི་མོ དང་ བྱ་ཤ་ཊཱན་༢༦༠ བརྡ་ལམ་གྱི་ནང་དུ་གནས་ཚུལལོ་བསྟར་གྱི་ གར་རྩལ དར་དཀར་ནང་ཚུ་ཨིན་པས།",136,36
སོ་ནམ་བློན་པོ་ འི་ བརྡ་ལམ་གྱི་ནང་དུ་གནས་ཚུལདང་ སྤ་རོ བྱ་ཤ་ཊཱན་༢༦༠ སྤྱི་ལོ་༢༠༢༤ བརྡ་ལམ་གྱི་ནང་དུ་གནས་ཚུལདར་དཀར་ནང་ཚུ་ཨིན་པས།,123,33
སོ་ནམ་བློན་པོ་ སྤུ་ན་ཁ འི་ དམིགས་གཏད་བསྐྱེདཔ་ཨིན་པས།,52,13
ལྷན་ཁག་གིས་ བརྡ་ལམ་གྱི་ནང་དུ་གནས་ཚུལབྱ་ཤ་ཊཱན་༢༦༠ ཀུན་གསལ སྤྱི་ལོ་༢༠༢༤ སོ་ནམ་ཞིང་ལམ་ཚུ་ བརྡ་ལམ་གྱི་ནང་དུ་གནས་ཚུལའི་ བདེ་ཐང་དཀར་ཆགས དམིགས་གཏད་བསྐྱེདཔ་ཨིན་པས།,155,39
ལྷན་ཁག་གིས་ ཕགཔ་༢༠༠ བརྡ་ལམ་གྱི་ནང་དུ་གནས་ཚུལ སྤྱི་ལོ་༢༠༢༤ པདྨ སོ་ནམ་ཞིང་ལམ་ཚུ་ ཉེན་སྲུང་དང་ལྡན་པའི་ བརྡ་ལམ་གྱི་ནང་དུ་གནས་ཚུལདམིགས་གཏད་བསྐྱེདཔ་ཨིན་པས།,149,37
"ལྷན་ཁག་གིས་ བཀྲ་ཤིས ཕགཔ་༢༠༠ མཐོ་ཤོས་ར་ བརྡ་ལམ་གྱི་ནང་དུ་གནས་ཚུལསོ་ནམ་ཞིང་ལམ་ཚུ་ དགོན་པ ཉེན་སྲུང་དང་ལྡན་པའི་ ཐོན་སྐྱེད་ཊཱན་༡,༡༦༥ བརྡ་ལམ་གྱི་ནང་དུ་གནས་ཚུལཕགཔ་༢༠༠ ལས་བཟོ མཐོ་ཤོས་ར་ ལྷགཔ་ཅིག་ཡོདཔ་ཨིན་པས།",199,50
"ཕགཔ་གསོ་སྐྱོང་འཐབ་མི་ བརྡ་ལམ་གྱི་ནང་དུ་གནས་ཚུལ ཉེན་སྲུང་དང་ལྡན་པའི་ ལས་བཟོ ཐོན་སྐྱེད་ཊཱན་༡,༡༦༥ འཆར་གཞི་ཡོདཔ་ལས་ བརྡ་ལམ་གྱི་ནང་དུ་གནས་ཚུལ",136,34
བསམ་རྩེ་ལུ་ ཌོག་ཊར་མ་ལང་པའི་དཀར་ངལ་ཡོདཔ།,40,11
༉ བསམ་རྩེ་ལུ་ མཐའ་ཟུར་གྱི་སྨན་ཁང་གཉིས་ནང་ ཌོག་ཊར་མེད་པའི་དཀའ་ངལ་ཐོན་ཡོདཔ་ད་ རྡོ་རོ་ཁ་དང་ སྒོམ་ཀྲུ་གི་མི་སེར་ཚུ་ གསོ་བའི་མཐུན་རྐྱེན་འཐོབ་ནི་ལུ་ ལཱ་ཁག་བཏང་དོ་ཡོདཔ་ཨིན་པས།,168,44
ས་གནས་ཀྱི་མི་སེར་ བརྡ་ལམ་གྱི་ནང་དུ་གནས་ཚུལའགོ་དཔོན་གྱིས་ ཐིམ་ཕུ ས་གནས་ཀྱི་འགོ་ཁྲིདཔ་གིས་ སྨན་ཁང་ནང་ བརྡ་ལམ་གྱི་ནང་དུ་གནས་ཚུལཞབས་ཏོག་ཐོབ་མ་ཚུགས་མི་ལུ་ དབྱེ་ཞིབ གཏེར་ཁ་ཚུ་ཡོད་མི་ལུ་བརྟེན་ཨིན་ཟེར་ཨིན་པས།,200,51
ས་གནས་ཀྱི་མི་སེར་ ཟམ་དེ་ བརྡ་ལམ་གྱི་ནང་དུ་གནས་ཚུལས་གནས་ཀྱི་འགོ་ཁྲིདཔ་གིས་ ཤེས་ཡོན སྨན་ཁང་ནང་ ཁྲོམ་སྡེའི་ནང་ བརྡ་ལམ་གྱི་ནང་དུ་གནས་ཚུལགཏེར་ཁ་ཚུ་ཡོད་མི་ལུ་བརྟེན་ཨིན་ཟེར་ཨིན་པས།,173,44
འབྲུག་པའི་ན་གཞོན་ཚུ་གིས་ མི་སྡེ་ལས་རིག་རྩལ་གྱི་ལས་བྱེདཔ་ཟེར་བའི་ཐོག་ འོང་འབབ་ས་ཡ་ལས་བཅད་དེ་བཟོ་ཡོདཔ།,100,26
རྩ་བརྟན་མེད་མི་དེ་ གཞུང་རྒྱུན གལ་ཅན་ཅིག་ཨིན་ཟེར་ཨིན་པས།,55,14
མ་དངུལ་ལངམ་སྦེ་ བཤདཔ་ཨིན་པས།,28,7
གསར་སྤང་གི་ བརྡ་ལམ་གྱི་ནང་དུ་གནས་ཚུལ ལྷོད་ཚུགས་པར་ འབྲུག ཁོང་ལུ་ གོང་ཚད་རན་ཏོག་ཏོ་དང་ བརྡ་ལམ་གྱི་ནང་དུ་གནས་ཚུལགལ་ཅན་ཅིག་ཨིན་ཟེར་ཨིན་པས།,135,35
མ་དངུལ་ལངམ་སྦེ་ ཀརྨ བཤདཔ་ཨིན་པས།,32,8
གསར་སྤང་གི་ བློ་གཏད་སྦོམ་སྦེ་ར་ བརྡ་ལམ་གྱི་ནང་དུ་གནས་ཚུལཁོང་ལུ་ འཆར་སྤྱོད གོང་ཚད་རན་ཏོག་ཏོ་དང་ ཞབས་ཏོག་དང་ བརྡ་ལམ་གྱི་ནང་དུ་གནས་ཚུལབཤདཔ་ཨིན་པས།,143,36
ཉིམ་རྡོ་རྗེ་གིས་ བརྡ་ལམ་གྱི་ནང་དུ་གནས་ཚུལ ནང་འཁོད་ལུ་ གླུ་དབྱངས ལངམ་སྦེ་ཡོད་རུང་ དབང་ཤུགས་འབད་ནི་ལུ་ བརྡ་ལམ་གྱི་ནང་དུ་གནས་ཚུལལ་ལུ་ཅིག་རིག་རྩལ་མེདཔ་ལས་ འབྲས ཚ་གྱང་སྦོམ་ཤོས་ཅིག་ཨིན་པས།,182,46
ཉིམ་རྡོ་རྗེ་གིས་ མཁས་མཆོག་སོང་ཡོདཔ་ཨིན་པས།,42,10
ཁོ་གིས་འབད་བ་ཅིན་ བརྡ་ལམ་གྱི་ནང་དུ་གནས་ཚུལལངམ་སྦེ་ཡོད་རུང་ གྲོང་ཚོ དབང་ཤུགས་འབད་ནི་ལུ་ མི་སྡེ་ལས་རིག་རྩལ་གྱི་ལས་བྱེདཔ་ བརྡ་ལམ་གྱི་ནང་དུ་གནས་ཚུལཚ་གྱང་སྦོམ་ཤོས་ཅིག་ཨིན་པས།,169,43
ཉིམ་རྡོ་རྗེ་གིས་ ཨེ་མ་དར་ཚི མཁས་མཆོག་སོང་ཡོདཔ་ཨིན་པས།,53,14
ཁོ་གིས་འབད་བ་ཅིན་ དུས་རྒྱུན་དུ་ བརྡ་ལམ་གྱི་ནང་དུ་གནས་ཚུལདབང་ཤུགས་འབད་ནི་ལུ་ དབྱེ་གཞི མི་སྡེ་ལས་རིག་རྩལ་གྱི་ལས་བྱེདཔ་ འབད་དོ་ཡོད་རུང་ བརྡ་ལམ་གྱི་ནང་དུ་གནས་ཚུལམཁས་མཆོག་སོང་ཡོདཔ་ཨིན་པས།,182,45
ཁོ་གིས་འབད་བ་ཅིན་ འབད་དགོས་ དུས་རྒྱུན་དུ་ ཞབས་ཏོག་གན་ལེན་ཡོད་མི་ལུ་བརྟེན་ཨིན་ཟེར་ཨིན་པས།,88,22
རྒྱ་གར་གྱི་ བརྡ་ལམ་གྱི་ནང་དུ་གནས་ཚུལ མི་སྡེ་ལས་རིག་རྩལ་གྱི་ལས་བྱེདཔ་ འབྲུག་གི་གནས་ཚུལ འབད་དོ་ཡོད་རུང་ མཐོ་དྲགས་སྦེ་ བརྡ་ལམ་གྱི་ནང་དུ་གནས་ཚུལདུས་རྒྱུན་དུ་ འབྲུག་འཕྲིན་གླིང་ ཞབས་ཏོག་གན་ལེན་ཡོད་མི་ལུ་བརྟེན་ཨིན་ཟེར་ཨིན་པས།,218,53
རྒྱ་གར་གྱི་ རྒྱབ་སྐྱོར་བྱིན་པ་ཅིན་ བརྡ་ལམ་གྱི་ནང་དུ་གནས་ཚུལའབད་དོ་ཡོད་རུང་ ནགས་ཚལ མཐོ་དྲགས་སྦེ་ མཁོ་སྒྲུབ་འབད་ནིའི་དོན་ལུ་ བརྡ་ལམ་གྱི་ནང་དུ་གནས་ཚུལ ཞབས་ཏོག་གན་ལེན་ཡོད་མི་ལུ་བརྟེན་ཨིན་ཟེར་ཨིན་པས།,194,48
རྒྱ་གར་གྱི་ འབད་དགོས་ རྒྱབ་སྐྱོར་བྱིན་པ་ཅིན་ བྱུང་ཡི་ཟེར་ཨིན་པས།,64,15
ཁྱིམ་གྱི་ཇོ་བདག་གཞན་ བརྡ་ལམ་གྱི་ནང་དུ་གནས་ཚུལམཐོ་དྲགས་སྦེ་ འགོད་རིམ མཁོ་སྒྲུབ་འབད་ནིའི་དོན་ལུ་ ས་ཁོངས་༩༣ བརྡ་ལམ་གྱི་ནང་དུ་གནས་ཚུལརྒྱབ་སྐྱོར་བྱིན་པ་ཅིན་ བདེ་ཐང་དཀར་ཆགས བྱུང་ཡི་ཟེར་ཨིན་པས།,186,45
ཁྱིམ་གྱི་ཇོ་བདག་གཞན་ ཁོ་གིས་ བརྡ་ལམ་གྱི་ནང་དུ་གནས་ཚུལ མཁོ་སྒྲུབ་འབད་ནིའི་དོན་ལུ་ ཐིམ་ཕུ ས་ཁོངས་༩༣ འཐོབ་ནི་དེ་ བརྡ་ལམ་གྱི་ནང་དུ་གནས་ཚུལབྱུང་ཡི་ཟེར་ཨིན་པས།,153,39
ཁྱིམ་གྱི་ཇོ་བདག་ བརྡ་ལམ་གྱི་ནང་དུ་གནས་ཚུལརྒྱབ་སྐྱོར་འབད་དོ་བཟུམ་སྦེ་ ཤེས་ཡོན ལས་ ལུང་ཕྱོགས་མཉམ་འབྲེལ་པ་ བརྡ་ལམ་གྱི་ནང་དུ་གནས་ཚུལའབྲུག་གི་རིག་རྩལ་ཅན་གྱི་ དགེ་འདུན་པ གདམ་ཁ་རྐྱབ་འོང་ཟེར་ཨིན་པས།,190,46
ཁྱིམ་གྱི་ཇོ་བདག་ སྒེར་སྡེ་ལཱ་གཡོག་བྱིན་མི་ཚུ་ལུ་ བརྡ་ལམ་གྱི་ནང་དུ་གནས་ཚུལལས་ ཀུན་གསལ ལུང་ཕྱོགས་མཉམ་འབྲེལ་པ་ བསྐྱེད་དོ་ཡོདཔ་ལས་ བརྡ་ལམ་གྱི་ནང་དུ་གནས་ཚུལགདམ་ཁ་རྐྱབ་འོང་ཟེར་ཨིན་པས།,177,43
ཁྱིམ་གྱི་ཇོ་བདག་ བརྡ་ལམ་གྱི་ནང་དུ་གནས་ཚུལབསྐྱེད་དོ་ཡོདཔ་ལས་ རྫོང གོ་སྐབས་ལེན་པར་ སླབ་མིའི་ནང་ བརྡ་ལམ་གྱི་ནང་དུ་གནས་ཚུལཆུ་དུང་བཅོ་མི་གི་ དར་ལྡན ཞབས་ཏོག་བྱིན་དོ་ཡོདཔ་ཨིན་པས།,171,42
ཁྱིམ་གྱི་ཇོ་བདག་ ལས་མི་ཚུ་གི་ བརྡ་ལམ་གྱི་ནང་དུ་གནས་ཚུལ གོ་སྐབས་ལེན་པར་ རི་མོ སླབ་མིའི་ནང་ ཡོངས་འབྲེལ་འཆར་སྒོ་གིས་ བརྡ་ལམ་གྱི་ནང་དུ་གནས་ཚུལཞབས་ཏོག་བྱིན་དོ་ཡོདཔ་ཨིན་པས།,166,42
ཁྱིམ་གྱི་ཇོ་བདག་ ཀརྨ ལས་མི་ཚུ་གི་ འཕྲལ་འཕྲལ་འོང་འབབ་ བརྡ་ལམ་གྱི་ནང་དུ་གནས་ཚུལསླབ་མིའི་ནང་ སྟག་ཚང ཡོངས་འབྲེལ་འཆར་སྒོ་གིས་ འཚོལ་ཞིབ་འབད་ནི་ལུ་ བརྡ་ལམ་གྱི་ནང་དུ་གནས་ཚུལ,165,41
བསམ་རྩེ་ལུ་ ལྕགས་ར་བསྒོར་མི་གིས་ སོ་ནམ་པ་ཚུ་ལུ་ སྲུང་སྐྱོབ་འབད་ཚུགས་ནི།,71,18
རི་ཕག་ཚུ་ལུ་སྲུང་སྐྱོབ་འབད་ཚུགས་ནི་དང་ མོག་མོག མཐུན་རྐྱེན་གཙོ་བོ་འཁོར་ལམ་དང་ ས་མཚམས་ཀྱི་ བརྡ་ལམ་གྱི་ནང་དུ་གནས་ཚུལ སྤྲོ་བ་བསྐྱེད་འོང་ཟེར་ཨིན་པས།,143,36
ནགས་ཚལ་གྱིས་ འབྲུག་འཕྲིན་གླིང་ ཕན་ཐོགས་འབྱུང་ཚུགས་ཟེར་ ཕན་ཐོགས་འབྱུང་ཚུགས་ནི་མས་ཟེར་ཨིན་པས།,91,20
མི་སྡེ་ བརྡ་ལམ་གྱི་ནང་དུ་གནས་ཚུལམཐུན་རྐྱེན་གཙོ་བོ་འཁོར་ལམ་དང་ འཆར་སྤྱོད ས་མཚམས་ཀྱི་ ཆོས་བདག་གླིང་ལུ་ བརྡ་ལམ་གྱི་ནང་དུ་གནས་ཚུལཕན་ཐོགས་འབྱུང་ཚུགས་ཟེར་ ཉེས་ཚོགས ཕན་ཐོགས་འབྱུང་ཚུགས་ནི་མས་ཟེར་ཨིན་པས།,194,46
མི་སྡེ་ བཟའ་སྤྱོད་ཉེན་སྲུང་མེདཔ་བཟོ་ཡི་ཟེར་ཨིན་པས།,50,12
རྒཔོ་ཕ་ཏ་སིང་ག་ལེ་གིས་ བརྡ་ལམ་གྱི་ནང་དུ་གནས་ཚུལས་མཚམས་ཀྱི་ བཀྲ་ཤིས ཆོས་བདག་གླིང་ལུ་ འཛུགས་སྐྱོང་འབད་མི་ལོ་ཐོག་ཚུ་ བརྡ་ལམ་གྱི་ནང་དུ་གནས་ཚུལཕན་ཐོགས་འབྱུང་ཚུགས་ནི་མས་ཟེར་ཨིན་པས།,174,44
མི་སྡེ་ བསོད་ནམས་ བཟའ་སྤྱོད་ཉེན་སྲུང་མེདཔ་བཟོ་ཡི་ཟེར་ཨིན་པས།,60,14
རྒཔོ་ཕ་ཏ་སིང་ག་ལེ་གིས་ སྤྱི་འོག་ནང་ བརྡ་ལམ་གྱི་ནང་དུ་གནས་ཚུལཆོས་བདག་གླིང་ལུ་ གྲོང་ཚོ འཛུགས་སྐྱོང་འབད་མི་ལོ་ཐོག་ཚུ་ མི་སེར་ཚུ་དབུགས་འགམ་པའི་ཁར་ བརྡ་ལམ་གྱི་ནང་དུ་གནས་ཚུལབཟའ་སྤྱོད་ཉེན་སྲུང་མེདཔ་བཟོ་ཡི་ཟེར་ཨིན་པས།,209,52
ད་རེས་ཀྱི་ བརྡ་ལམ་གྱི་ནང་དུ་གནས་ཚུལ ཡར་སེང་འབད་ཚུགས་ཟེར་ཨིནམ་ད་ འབྲུག་གི་གནས་ཚུལ སོ་ནམ་པ་ཞིང་སྤང་བཞག་མི་ཚུ་ ས་ཆའི་གནས་གོང་ཚུ་ཡང་ བརྡ་ལམ་གྱི་ནང་དུ་གནས་ཚུལལྕགས་ར་དེ་གིས་ སྤུ་ན་ཁ བཀོག་བཞག་དོ་ཡོདཔ་ཨིན་པས།,200,54
ད་རེས་ཀྱི་ ཕན་ཐོགས་བྱུང་ཡོད་རུང་ བརྡ་ལམ་གྱི་ནང་དུ་གནས་ཚུལསོ་ནམ་པ་ཞིང་སྤང་བཞག་མི་ཚུ་ མཆོད་རྟེན ས་ཆའི་གནས་གོང་ཚུ་ཡང་ འགོ་བཙུགས་འོང་ཟེར་ཨིནམ་ད་ བརྡ་ལམ་གྱི་ནང་དུ་གནས་ཚུལ བཀོག་བཞག་དོ་ཡོདཔ་ཨིན་པས།,190,49
ད་རེས་ཀྱི་ རིག་གཞུང ཕན་ཐོགས་བྱུང་ཡོད་རུང་ རི་དྭགས་སེམས་ཅན་ཚུ་སྲུང་སྐྱོབ་འབད་དེ་ བརྡ་ལམ་གྱི་ནང་དུ་གནས་ཚུལས་ཆའི་གནས་གོང་ཚུ་ཡང་ འགོད་རིམ འགོ་བཙུགས་འོང་ཟེར་ཨིནམ་ད་ འདི་ཚུ་མར་ཕབ་འབད་དེ་ བརྡ་ལམ་གྱི་ནང་དུ་གནས་ཚུལ,205,52
"རྒྱལ་ཡོངས་ནུས་ཤུགས་སྲིད་བྱུས་༢༠༢༥ ཅན་མ་གིས་ སྤྱི་ལོ་༢༠༤༠ ལུ་ གློག་ཤུགས་མེ་ག་ཝཊ་༢༥,༠༠༠ གི་དམིགས་འཆར།",99,23
༉ རྒྱལ་ཡོངས་ནུས་ཤུགས་སྲིད་བྱུས་༢༠༢༥ ཅན་མ་དེ་ ཁ་ཙ་ གཞུང་འབྲེལ་ཐོག་ལས་ འགོ་འབྱེད་འབད་ཡོདཔ་ད་ དེ་ཡང་ དམིགས་ཡུལ་ཚུ་ རྒྱ་ཆེཝ་སྦེ་ར་བསྐྱེད་དེ་ དེང་སེང་གི་གཞི་རྟེན་མཐུན་རྐྱེན་དང་ ཕན་ནུས་ཅན་ ཡུན་རིང་གི་ཡུན་བརྟན་དོན་ལུ་ ལམ་བཟང་དོ་ཡོདཔ་ཨིན་པས།,233,57
སྒོ་ཕྱེ་ནི་ཨིན་ཟེར་ཨིན་པས།,26,7
ཉི་དྲོད་ནུས་ཤུགས་ལས་འགུལ་དེ་ བརྡ་ལམ་གྱི་ནང་དུ་གནས་ཚུལགསརཔ་འགོ་འབྱེད་འབད་མི་གིས་ བླ་མ མདུན་ལམ་བཟང་ནི་དོན་ལུ་ གནད་དོན་དང་འཁྲིལ་ བརྡ་ལམ་གྱི་ནང་དུ་གནས་ཚུལགི་ རྩོམ་རིག མཉམ་འབྲེལ་ཐོག་འབད་ནི་ཨིན་པས།,191,47
ཉི་དྲོད་ནུས་ཤུགས་ལས་འགུལ་དེ་ ལག་ལེན་འཐབ་ནི་ཚུ་ཡོདཔ་ཨིན་པས།,58,15
རྒྱལ་ཡོངས་ནུས་ཤུགས་སྲིད་བྱུས་༢༠༢༥ བརྡ་ལམ་གྱི་ནང་དུ་གནས་ཚུལམདུན་ལམ་བཟང་ནི་དོན་ལུ་ ཐིམ་ཕུ གནད་དོན་དང་འཁྲིལ་ རྒྱལ་ཡོངས་ནུས་ཤུགས་སྲིད་བྱུས་༢༠༢༥ བརྡ་ལམ་གྱི་ནང་དུ་གནས་ཚུལ,164,39
གསོལ་ཆུ་གློག་མེ་ལས་འགུལ་ ལག་ལེན་གྱི་དོན་ལས་ གཞུང་འབྲེལ་ཐོག་རྩིས་སྤྲོད།,70,16
༉ ཧཱ་གསང་སྦས་ཁ་ལུ་ བཟོ་སྐྲུན་འབད་མི་ མེ་ག་ཝཱཊ་༡༨ འབད་མི་ གསོལ་ཆུ་གློག་མེ་ལས་འགུལ་དེ་ ཁ་ཙ་ བཟོ་སྐྲུན་དང་ ཐོན་སྐྱེད་ལས་ ལག་ལེན་ཧྲིལ་བུ་དང་ རྒྱུན་སྐྱོང་གི་དོན་ལུ་ གཞུང་འབྲེལ་ཐོག་ རྩིས་སྤྲོད་འབད་ནུག།,195,48
གློག་མེ་འཕྲུལ་ཁང་ཡང་ བརྡ་ལམ་གྱི་ནང་དུ་གནས་ཚུལསུ་ཇཱན་རའེ་དང་ གོ བཟོ་སྐྲུན་འབད་དེ་ འགོ་འབྱེད་འབད་ཡོདཔ་ད་ བརྡ་ལམ་གྱི་ནང་དུ་གནས་ཚུལ ཨི་ལེག་ཊོ་ཅ་ཆས་རྐྱངམ་གཅིག་ ཁྱི གནང་མི་དང་འཁྲིལ་ཨིན་པས།,182,46
གློག་མེ་འཕྲུལ་ཁང་ཡང་ གློག་མེ་ཐོན་སྐྱེད་འབད་ནིའི་ བརྡ་ལམ་གྱི་ནང་དུ་གནས་ཚུལབཟོ་སྐྲུན་འབད་དེ་ བདེ་སྨིན འགོ་འབྱེད་འབད་ཡོདཔ་ད་ གློག་མེ་འཕྲུལ་ཁང་ བརྡ་ལམ་གྱི་ནང་དུ་གནས་ཚུལགནང་མི་དང་འཁྲིལ་ཨིན་པས།,187,44
འཛམ་གླིང་རི་དྭགས་མ་དངུལ་གྱིས་ གཅན་གཟན་སྟག་གི་ གསར་བཏོན་མ་དངུལ་འགོ་འབྱེད།,72,17
ཁ་ཙ་ འཛམ་གླིང་རི་དྭགས་གཅན་གཟན་སྟག་གི་ ཉིནམ་དང་འབྲེལ་ ཨཱསི་ཊེ་ལི་ཡ་-འཛམ་གླིང་རི་དྭགས་མ་དངུལ་གྱིས་ གཞུང་འབྲེལ་ཐོག་ འཛམ་གླིང་གཅན་གཟན་སྟག་གི་ གསར་བཏོན་མ་དངུལ་ འགོ་འབྱེད་འབད་ཡོདཔ་ཨིན་པས།,181,43
བློ་གཏད་མ་དངུལ་གྱིས་ གནམ་འདུས་བཞིན་དུ མ་དངུལ་གྱིས་ ཁས་ལེན་འབད་ཡོདཔ་ད་ བརྡ་ལམ་གྱི་ནང་དུ་གནས་ཚུལ མི་སྡེ་ཚུ་དང་གཅིག་ཁར་ རྒྱུ་དཀའ།,126,32
ལས་རིམ་ཚུ་གིས་ བརྡ་ལམ་གྱི་ནང་དུ་གནས་ཚུལའཇལ་ཚད་ཀྱི་ དགེ་འདུན་པ ང་བཅས་རའི་ ཉིནམ་དང་འབྲེལ་ བརྡ་ལམ་གྱི་ནང་དུ་གནས་ཚུལསྲུང་སྐྱོབ་དང་ ཀུན་གསལ མཚན་རྟགས་བཀོད་ཡོདཔ་ཨིན་པས།,161,39
ལས་རིམ་ཚུ་གིས་ དེ་གིས་ བརྡ་ལམ་གྱི་ནང་དུ་གནས་ཚུལང་བཅས་རའི་ ཁྱི ཉིནམ་དང་འབྲེལ་ འཛམ་གླིང་རི་དྭགས་མ་དངུལ་ཡིག་ཚང་གིས་ བརྡ་ལམ་གྱི་ནང་དུ་གནས་ཚུལམཚན་རྟགས་བཀོད་ཡོདཔ་ཨིན་པས།,163,40
ལས་རིམ་དེ་གིས་ བརྡ་ལམ་གྱི་ནང་དུ་གནས་ཚུལདུས་ཅི་ འཆར་སྤྱོད མི་དང་གཅན་གཟན་སྟག་གི་བར་ནའི་ མཐའ་འཁོར་གནས་སྟངས་ལུ་ བརྡ་ལམ་གྱི་ནང་དུ་གནས་ཚུལ འབྲུག་ལུ་ དབྱེ་ཞིབ འགོ་འདྲེན་འཐབ་ཡོདཔ་ཨིན་པས།,178,44
ལས་རིམ་དེ་གིས་ འབྲུག་དེ་སྟག་དག་པ་ཅིག་ཡོད་མི་གྲས་ལས་ བརྡ་ལམ་གྱི་ནང་དུ་གནས་ཚུལམི་དང་གཅན་གཟན་སྟག་གི་བར་ནའི་ རྡོ་རྗེ མཐའ་འཁོར་གནས་སྟངས་ལུ་ ལས་འགུལ་༩ བརྡ་ལམ་གྱི་ནང་དུ་གནས་ཚུལའགོ་འདྲེན་འཐབ་ཡོདཔ་ཨིན་པས།,195,50
ལས་རིམ་དེ་གིས་ གཞི་འཛུགས འབྲུག་དེ་སྟག་དག་པ་ཅིག་ཡོད་མི་གྲས་ལས་ ཁས་བླངས་འབད་དེ་ བརྡ་ལམ་གྱི་ནང་དུ་གནས་ཚུལམཐའ་འཁོར་གནས་སྟངས་ལུ་ གནམ་འདུས་བཞིན་དུ ལས་འགུལ་༩ ཨིན་པའི་གནས་ཚུལ།,167,42
བརྡ་ལམ་གྱི་ནང་དུ་གནས་ཚུལའབྲུག་དེ་སྟག་དག་པ་ཅིག་ཡོད་མི་གྲས་ལས་ རྩོམ་རིག ཁས་བླངས་འབད་དེ་ ཐབས་ཤེས་ཚུ་ བརྡ་ལམ་གྱི་ནང་དུ་གནས་ཚུལ ལས་འགུལ་༩ གར་རྩལ ཨིན་པའི་གནས་ཚུལ།,156,41
ཐབས་ཤེས་གསརཔ་ཚུ་ བརྡ་ལམ་གྱི་ནང་དུ་གནས་ཚུལཁས་བླངས་འབད་དེ་ བཀྲ་ཤིས ཐབས་ཤེས་ཚུ་ འཛམ་གླིང་མ་འོངས་པ་དེ་ བརྡ་ལམ་གྱི་ནང་དུ་གནས་ཚུལཨིན་པའི་གནས་ཚུལ།,139,35
དཀྱིལ་ར ཐབས་ཤེས་གསརཔ་ཚུ་ འཛམ་གླིང་རི་དྭགས་གཅན་གཟན་སྟག་གི་ བརྡ་ལམ་གྱི་ནང་དུ་གནས་ཚུལཐབས་ཤེས་ཚུ་ རྫོང་ཁ འཛམ་གླིང་མ་འོངས་པ་དེ་ ཨཱསི་ཊེ་ལི་ཡ་-འཛམ་གླིང་རི་དྭགས་མ་དངུལ་གྱིས་ བརྡ་ལམ་གྱི་ནང་དུ་གནས་ཚུལཐབས་ཤེས་གསརཔ་ཚུ་ རྒྱུ་དཀའ།,217,54
ཨཱསི་ཊེ་ལི་ཡ་-འཛམ་གླིང་རི་དྭགས་མ་དངུལ་གྱིས་ བརྡ་ལམ་གྱི་ནང་དུ་གནས་ཚུལགསར་བཏོད་ཀྱི་ཐོག་ལས་ ཤེས་ཡོན མཐའ་དོན་ལུ་ རང་ལུགས་ཀྱི་ བརྡ་ལམ་གྱི་ནང་དུ་གནས་ཚུལགོང་འཕེལ་གྱི་ རྡོ་རྗེ བཤདཔ་ཨིན་པས།,180,44
ཨཱསི་ཊེ་ལི་ཡ་-འཛམ་གླིང་རི་དྭགས་མ་དངུལ་གྱིས་ ལས་རིམ་དེ་ བརྡ་ལམ་གྱི་ནང་དུ་གནས་ཚུལམཐའ་དོན་ལུ་ གནམ་འདུས་བཞིན་དུ རང་ལུགས་ཀྱི་ མ་ལེ་ཤ་ཡ་་ལུ་༡༥༠ བརྡ་ལམ་གྱི་ནང་དུ་གནས་ཚུལབཤདཔ་ཨིན་པས།,174,45
ཨཱསི་ཊེ་ལི་ཡ་-འཛམ་གླིང་རི་དྭགས་མ་དངུལ་གྱིས་ གཞུང་རྒྱུན ལས་རིམ་དེ་ གོ་བརྡ་སྤེལ་ཡོདཔ་ཨིན་པས།,90,22
འབྲུག་གིས་ བརྡ་ལམ་གྱི་ནང་དུ་གནས་ཚུལརང་ལུགས་ཀྱི་ དུས་ཆེན མ་ལེ་ཤ་ཡ་་ལུ་༡༥༠ བང་ལ་དེཤ་ལུ་༡༢༥ བརྡ་ལམ་གྱི་ནང་དུ་གནས་ཚུལལས་རིམ་དེ་ རི་མོ གོ་བརྡ་སྤེལ་ཡོདཔ་ཨིན་པས།,154,41
འབྲུག་གིས་ གི་ བརྡ་ལམ་གྱི་ནང་དུ་གནས་ཚུལ,39,10
ཟ་ཁང་ཚུ་ སྐྱིན་འགྲུལ་མེད་མི་ལུ་བརྟེན་ གདོང་ལེན་བྱུང་དོ་ཡོདཔ།,60,14
༉ ལྟ་བཤལ་ལས་སྡེའི་ནང་ སྐྱིན་འགྲུལ་བཏབ་མ་ཚུགས་པའི་ གནད་དོན་གྱི་ དངུལ་འབྲེལ་གྱི་དཀའ་ངལ་ སྦོམ་ཐོན་མི་གིས་ སྤྱི་ལོ་༢༠༢༥ ཟླ་༥ པའི་ནང་འཁོད་ལུ་ དངུལ་ཀྲམ་ས་ཡ་༥༤༩.༢༡ གུ་ལུ་ ལྷོད་ཡོདཔ་སྦེ་ཨིན་པས།,185,45
ཐིམ་ཕུག་ བརྡ་ལམ་གྱི་ནང་དུ་གནས་ཚུལབཏང་ཡོདཔ་ལས་ སྤུ་ན་ཁ ས་ཞིང་ དཔལ་འབྱོར་ཡར་དྲག་འགྱོ་མ་ཚུགས་པར་ བརྡ་ལམ་གྱི་ནང་དུ་གནས་ཚུལགྲ་སྒྲིག་འབད་བའི་བསྒང་ར་ འབྲུག་གི་གནས་ཚུལ ཚོང་འབྲེལ་ལུ་བརྟེན་ཨིན་པས།,186,46
ཐིམ་ཕུག་ ལྟ་བཤལཔ་འོང་ས་གཙོ་བོ་ཅིག་ བརྡ་ལམ་གྱི་ནང་དུ་གནས་ཚུལས་ཞིང་ འཕྲུལ་ལས དཔལ་འབྱོར་ཡར་དྲག་འགྱོ་མ་ཚུགས་པར་ གྲོགས་རམ་འབད་ནི་ལུ་ བརྡ་ལམ་གྱི་ནང་དུ་གནས་ཚུལཚོང་འབྲེལ་ལུ་བརྟེན་ཨིན་པས།,178,44
རྡོ་རྗེ་སློབ་དཔོན་བགྲེསཔ་དམར་བསད་འབད་མི་ལུ་བརྟེན་ དགེ་སློང་བགྲེསཔ་ཅིག་ལུ་ ཉེས་འཛུགས་བཀལ་ཡོདཔ།,93,20
རྡོ་རྗེ་སློབ་དཔོན་གཤགས་མི་གི་ བརྡ་ལམ་གྱི་ནང་དུ་གནས་ཚུལབཏོན་བཏང་ཡོདཔ་ད་ བླ་མ ན་ལན་ཌ་ནང་པའི་སྤེང་ཁང་གི་ སྨྱོ་རྫས་ཡང་ བརྡ་ལམ་གྱི་ནང་དུ་གནས་ཚུལ ༉ རྫོང་ཁ གཏན་འཁེལ་འབད་ཡོདཔ་ཨིན་པས།,174,46
རྡོ་རྗེ་སློབ་དཔོན་གཤགས་མི་གི་ སྤྱི་ལོ་༡༩༩༩ བརྡ་ལམ་གྱི་ནང་དུ་གནས་ཚུལ ན་ལན་ཌ་ནང་པའི་སྤེང་ཁང་གི་ གོ སྨྱོ་རྫས་ཡང་ བྱ་ངན་འབདཝ་ད་ བརྡ་ལམ་གྱི་ནང་དུ་གནས་ཚུལགཏན་འཁེལ་འབད་ཡོདཔ་ཨིན་པས།,173,45
གཞུང་གིས་ ན་གཞོན་དང་འབྲེལ་བའི་ སྨྱོ་རྫས་ཀྱི་ དཀའ་ངལ་སེལ་ཐབས་ལུ་ དམིགས་བསལ་ སློབ་གྲྭ་གཞི་བཙུགས།,94,21
ཡ་རབས་སློབ་གྲྭ་གླིང་ག་ནང་ བརྡ་ལམ་གྱི་ནང་དུ་གནས་ཚུལསློབ་ཕྲུག་དེ་ སྤ་རོ མཉམ་སྡེབ་འབད་དེ་ སློབ་གྲྭའི་བསླབ་སྟོན་པ་ཚུ་གིས་ བརྡ་ལམ་གྱི་ནང་དུ་གནས་ཚུལདམིགས་བསལ་གྱི་ འབྲུག་གི་གནས་ཚུལ རྐྱབ་ཚུགས་ནི་ཨིན་པས།,194,47
ཡ་རབས་སློབ་གྲྭ་གླིང་ག་ནང་ ཤུལ་མའི་ཟླཝ་ནང་ བརྡ་ལམ་གྱི་ནང་དུ་གནས་ཚུལམཉམ་སྡེབ་འབད་དེ་ ཀུན་གསལ སློབ་གྲྭའི་བསླབ་སྟོན་པ་ཚུ་གིས་ འཛིན་བཟུང་འབད་ཡོད་པའི་ཁར་ བརྡ་ལམ་གྱི་ནང་དུ་གནས་ཚུལརྐྱབ་ཚུགས་ནི་ཨིན་པས།,192,47
ཚོར་ཤུགས་ཅན་གྱི་ བརྡ་ལམ་གྱི་ནང་དུ་གནས་ཚུལགྲལ་གཏོགས་འབད་མི་ ཉེས་ཚོགས སློབ་རིམ་༧ བྱིན་འོང་ཟེར་ བརྡ་ལམ་གྱི་ནང་དུ་གནས་ཚུལནད་ཡམས་ཀོ་བིཌ་-༡༩ རྩོམ་རིག སྨན་ཁང་བཟོ་ཡོདཔ་ཨིན་པས།,167,41
ཚོར་ཤུགས་ཅན་གྱི་ རེ་བ་ཡོདཔ་ཨིན་པས།,34,9
སློབ་གྲྭ་གི་ རྒྱལ་ཡོངས་ཤེས་ཡོན་གྱི་སློབ་ཚན་དེ་ བརྡ་ལམ་གྱི་ནང་དུ་གནས་ཚུལསློབ་རིམ་༧ མཆོད་རྟེན བྱིན་འོང་ཟེར་ པདྨ་དྲུང་ཆེན་ཡིག་ཚང་དང་ བརྡ་ལམ་གྱི་ནང་དུ་གནས་ཚུལསྨན་ཁང་བཟོ་ཡོདཔ་ཨིན་པས།,177,43
ཚོར་ཤུགས་ཅན་གྱི་ བླ་མ རེ་བ་ཡོདཔ་ཨིན་པས།,39,11
སློབ་གྲྭ་གི་ རྒྱལ་ཡོངས་ཤེས་ཡོན་གྱི་སློབ་ཚན་དེ་ ངེས་བརྟན་བཟོ་ཐབས་ལུ་ བརྡ་ལམ་གྱི་ནང་དུ་གནས་ཚུལབྱིན་འོང་ཟེར་ འབད་དགོས་ པདྨ་དྲུང་ཆེན་ཡིག་ཚང་དང་ གནས་སོར་དེ་ བརྡ་ལམ་གྱི་ནང་དུ་གནས་ཚུལརེ་བ་ཡོདཔ་ཨིན་པས།,193,47
སློབ་གྲྭ་ནང་ རྒྱལ་ཡོངས་ཤེས་ཡོན་གྱི་སློབ་ཚན་དང་ བརྡ་ལམ་གྱི་ནང་དུ་གནས་ཚུལརྒྱལ་གཞུང་འབྲུག་གི་འགག་སྡེ་ ཀརྨ མི་ཚེའི་རིག་རྩལ་ཚུ་ལུ་ མན་ཆད་འབད་མི་ བརྡ་ལམ་གྱི་ནང་དུ་གནས་ཚུལཚོར་སྣང་བྱུང་པ་ཅིན་ ཚེས་བཅུ ཤ་ཆས་ཅིག་ཨིན་པས།,208,52
སློབ་གྲྭ་ནང་ རྒྱལ་ཡོངས་ཤེས་ཡོན་གྱི་སློབ་ཚན་དང་ རྒྱབ་སྐྱོར་ཚུ་ བརྡ་ལམ་གྱི་ནང་དུ་གནས་ཚུལམི་ཚེའི་རིག་རྩལ་ཚུ་ལུ་ ཧི་མ་ལ་ཡ མན་ཆད་འབད་མི་ སློབ་ཕྲུག་༥༥ བརྡ་ལམ་གྱི་ནང་དུ་གནས་ཚུལ,169,44
"མེ་ག་ཝཱཊ་༡,༡༢༥ འབད་མི་ རྡོ་རྗེ་ལུང་གློག་མེ་ལས་འགུལ་གྱི་དོན་ལུ་ གཞི་རྟེན་མཐུན་རྐྱེན་བཟོ་སྐྲུན་འབད་ནི་ འགོ་བཙུགས་ཡོདཔ།",116,27
"འཁོར་ལམ་དང་ ཟམ་བཟོ་སྐྲུན་བརྩིས་ཏེ་ མེ་ག་ཝཱཊ་༡,༡༢༥ འབད་མི་ རྡོ་རྗེ་ལུང་གློག་མེ་ལས་འགུལ་ བཟོ་སྐྲུན་འབད་ནིའི་དོན་ལུ་ གཞུང་འབྲེལ་ཐོག་ གཞི་འགྱམ་གྱི་ ལཱ་འབད་ནི་འགོ་བཙུགས་ཡོདཔ་ཨིན་པས།",176,41
གན་ཡིག་གུ་ ཧི་མ་ལ་ཡ བསལ་ནི་ཨིན་པས།,34,11
གཞི་རྟེན་གྱི་ལཱ་ཚུ་ཡང་ སྤུ་ན་གཙང་ཆུ་གློག་མེ་ལས་འགུལ་འོག་ལས་ར་ བརྡ་ལམ་གྱི་ནང་དུ་གནས་ཚུལ འཁྲིལ་བ་ཅིན་ གནས་འཁོར མ་འོངས་པ་ལུ་ མོང་སྒར་དང་ བརྡ་ལམ་གྱི་ནང་དུ་གནས་ཚུལབསལ་ནི་ཨིན་པས།,172,46
མ་འོངས་པ་ལུ་ སེལ་ཚར་བའི་ བརྡ་ལམ་གྱི་ནང་དུ་གནས་ཚུལའཛམ་གླིང་དངུལ་ཁང་གིས་ ཚེས་བཅུ ཁ་སྐོང་འཁོར་ལམ་ བཟོ་སྐྲུན་འབད་ནི་ཨིན་པས།,119,30
འབྲུག་སླར་འབྱུང་གློག་མེ་ལས་འཛིན་གྱི་ བརྡ་ལམ་གྱི་ནང་དུ་གནས་ཚུལམ་འོངས་པ་ལུ་ འབྲས སེལ་ཚར་བའི་ ཁག་འབགཔ་ལཱ་གི་ བརྡ་ལམ་གྱི་ནང་དུ་གནས་ཚུལཁ་སྐོང་འཁོར་ལམ་ ཕྱུག་མ བཟོ་སྐྲུན་འབད་ནི་ཨིན་པས།,177,44
འབྲུག་སླར་འབྱུང་གློག་མེ་ལས་འཛིན་གྱི་ འཁོར་ལམ་དེ་ལོ་ཕྱེད་དེ་ཅིག་གི་ བརྡ་ལམ་གྱི་ནང་དུ་གནས་ཚུལ སེལ་ཚར་བའི་ དབང་འདུས ཁག་འབགཔ་ལཱ་གི་ འགོ་དང་པ་ཨིན་པས།,144,37
གློག་མེ་ལས་འགུལ་ལུ་ བརྡ་ལམ་གྱི་ནང་དུ་གནས་ཚུལབཟོ་སྐྲུན་འབད་ནི་ཨིན་པས།,68,17
འབྲུག་སླར་འབྱུང་གློག་མེ་ལས་འཛིན་གྱི་ ཀུན་གསལ འཁོར་ལམ་དེ་ལོ་ཕྱེད་དེ་ཅིག་གི་ དེ་ལས་ བརྡ་ལམ་གྱི་ནང་དུ་གནས་ཚུལཁག་འབགཔ་ལཱ་གི་ ནགས་ཚལ འགོ་དང་པ་ཨིན་པས།,144,37
གློག་མེ་ལས་འགུལ་ལུ་ དགོས་མཁོ་ཚུ་གི་སྐོར་ལས་ བརྡ་ལམ་གྱི་ནང་དུ་གནས་ཚུལའཁོར་ལམ་དེ་ལོ་ཕྱེད་དེ་ཅིག་གི་ གྲོང་ཚོ དེ་ལས་ མི་སེར་ཚུ་གི་དོན་ལུ་ བརྡ་ལམ་གྱི་ནང་དུ་གནས་ཚུལའགོ་དང་པ་ཨིན་པས།,174,46
རྡོ་རྗེ་ལུང་གློག་མེ་ལས་འགུལ་དེ་ བརྡ་ལམ་གྱི་ནང་དུ་གནས་ཚུལམི་སེར་ཚུ་གི་དོན་ལུ་ ནགས་ཚལ མཚན་རྟགས་དེ་ཡང་ འབད་མི་ བརྡ་ལམ་གྱི་ནང་དུ་གནས་ཚུལལས་རིགས་འཕྲོད་བསྟེན་དང་ གླུ་དབྱངས ཉམས་བཅོས་འབད་ནི་ཨིན་པས།,189,47
རྡོ་རྗེ་ལུང་གློག་མེ་ལས་འགུལ་དེ་ རྡོ་རྗེ་ལུང་གློག་མེ་ལས་འགུལ་ བརྡ་ལམ་གྱི་ནང་དུ་གནས་ཚུལམཚན་རྟགས་དེ་ཡང་ རི་མོ འབད་མི་ རི་ཝཱན་དང་ བརྡ་ལམ་གྱི་ནང་དུ་གནས་ཚུལཉམས་བཅོས་འབད་ནི་ཨིན་པས།,173,44
འཛིན་སྐྱོང་མདོ་ཆེན་གྱིས་ བརྡ་ལམ་གྱི་ནང་དུ་གནས་ཚུལརི་ཝཱན་དང་ འབྲུག་འཕྲིན་གླིང་ ཊ་ནཱལ་བཟོ་སྐྲུན་འབད་ནི་གི་ དངུལ་ཀྲམ་ས་ཡ་༥༠༠ བརྡ་ལམ་གྱི་ནང་དུ་གནས་ཚུལལྕགས་ཟམ་༢ ཨེ་མ་དར་ཚི བཤད་བྱིན་ཡི་ཟེར་ཨིན་པས།,190,48
འཛིན་སྐྱོང་མདོ་ཆེན་གྱིས་ གཞུང་འབྲེལ་ཐོག་ བརྡ་ལམ་གྱི་ནང་དུ་གནས་ཚུལ,65,15
ཚུལ་མིན་གླར་སྤྱོད་ལུ་བརྟེན་ ཨ་ལེན་ཅི་ཚོང་འབྲེལ་བ་ཚུ་ལུ་ གྱོང་རྒུད་ཕོག་དོ་ཡོདཔ།,78,19
འདི་བཟུམ་གྱི་ བརྡ་ལམ་གྱི་ནང་དུ་གནས་ཚུལསྤྱི་ལོ་༢༠༢༠ གཤེས་ཚན ཕྱི་མི་ཕྱིར་ཚོང་འཐབ་མི་ཚུ་ནང་ གཞན་མི་ཕྱིར་ཚོང་པ་ཅིག་ལུ་ བརྡ་ལམ་གྱི་ནང་དུ་གནས་ཚུལ ཚུལ་མིན་གླར་སྤྱོད་འབད་བའི་ ཆོས་ལྡན་ མར་བབས་སོང་ཡོདཔ་སྦེ་ཨིན་པས།,203,51
འདི་བཟུམ་གྱི་ འདི་ཚུ་ལོག་བསྐྱར་གསོ་འབད་ནི་ལུ་ བརྡ་ལམ་གྱི་ནང་དུ་གནས་ཚུལཕྱི་མི་ཕྱིར་ཚོང་འཐབ་མི་ཚུ་ནང་ གར་རྩལ གཞན་མི་ཕྱིར་ཚོང་པ་ཅིག་ལུ་ རྒྱབ་སྐྱོར་འབད་དོན་ལུ་ཨིན་པས།,162,41
དེ་འབདཝ་ད་ བརྡ་ལམ་གྱི་ནང་དུ་གནས་ཚུལམར་བབས་སོང་ཡོདཔ་སྦེ་ཨིན་པས།,62,16
འདི་བཟུམ་གྱི་ གནས་འཁོར འདི་ཚུ་ལོག་བསྐྱར་གསོ་འབད་ནི་ལུ་ ཀུན་གསལ་ལུ་བདེན་ཁུངས་དང་ བརྡ་ལམ་གྱི་ནང་དུ་གནས་ཚུལགཞན་མི་ཕྱིར་ཚོང་པ་ཅིག་ལུ་ ཀརྨ རྒྱབ་སྐྱོར་འབད་དོན་ལུ་ཨིན་པས།,163,40
དེ་འབདཝ་ད་ མཐའ་ཟུར་མི་ཚེའི་གནས་སྟངས་ལུ་ བརྡ་ལམ་གྱི་ནང་དུ་གནས་ཚུལ འདི་ཚུ་ལོག་བསྐྱར་གསོ་འབད་ནི་ལུ་ གནམ་འདུས་བཞིན་དུ ཀུན་གསལ་ལུ་བདེན་ཁུངས་དང་ ལུ་འབད་བ་ཅིན་ བརྡ་ལམ་གྱི་ནང་དུ་གནས་ཚུལརྒྱབ་སྐྱོར་འབད་དོན་ལུ་ཨིན་པས།,206,52
རྒྱལ་གཞུང་འགན་ལེན་བདོག་གཏད་བརྗེ་སོར་ཁང་གིས་ ལས་སྡེ་ལས་ དངུལ་ཀྲམ་ས་ཡ་༨༧ མ་ལེན་པར་ཡོདཔ་སྦེ་ཨིནམ།,94,24
༉ རྒྱལ་གཞུང་འགན་ལེན་བདོག་གཏད་བརྗེ་སོར་ཁང་གིས་ གསལ་བསྒྲགས་འབད་མི་ནང་ ཐོ་བཀོད་ཅན་དང་ ཐོ་བཀོད་ནང་མ་ཚུད་མི་ལས་སྡེ་ གཉིས་བསྡོམས་ད་ དངུལ་ཀྲམ་ས་ཡ་༨༧.༤ མ་ལེན་པར་བཞག་ཡོདཔ་སྦེ་ཨིན་པས།,173,44
མ་ཚུད་མི་ལྔ་ཡོདཔ་སྦེ་ཨིན་པས།,28,8
ཐོ་བཀོད་ཅན་གྱི་ལས་སྡེ་ཚུ་གི་གྲས་ལས་ མདའ་རྩེད བགོ་བཤའ་འཆང་མི་༤༠༠ སྤྲོད་ཡོདཔ་ཨིན་པའི་གནས་ཚུལ།,91,23
བརྡ་ལམ་གྱི་ནང་དུ་གནས་ཚུལ འབྲུག་ཐོན་སྐྱེད་ཚད་ཆ་ཁྱབ་ཀྱིས་ དགོན་པ མ་ལེན་པར་བཞག་ཡོདཔ་སྦེ་ཨིན་པས།,92,24
ཡོངས་བསྡོམས་ལུ་ ཡིག་ཚང་གིས་ བརྡ་ལམ་གྱི་ནང་དུ་གནས་ཚུལབགོ་བཤའ་འཆང་མི་༤༠༠ ནགས་ཚལ སྤྲོད་ཡོདཔ་ཨིན་པའི་གནས་ཚུལ།,105,25
ཨེས་ཌི་ཤར་ཕྱོགས་འབྲུག་རྡོ་སོལ་ལས་སྡེ་གིས་ བརྡ་ལམ་གྱི་ནང་དུ་གནས་ཚུལམ་ལེན་པར་བཞག་ཡོདཔ་སྦེ་ཨིན་པས།,95,24
ཡོངས་བསྡོམས་ལུ་ གནས་འཁོར ཡིག་ཚང་གིས་ དངུལ་ཀྲམ་ས་ཡ་༠.༢༢ བརྡ་ལམ་གྱི་ནང་དུ་གནས་ཚུལསྤྲོད་ཡོདཔ་ཨིན་པའི་གནས་ཚུལ།,106,25
རྫོང་ཁ ཨེས་ཌི་ཤར་ཕྱོགས་འབྲུག་རྡོ་སོལ་ལས་སྡེ་གིས་ འབྲུག་རྒྱལ་ཡོངས་དངུལ་ཁང་གིས་ བརྡ་ལམ་གྱི་ནང་དུ་གནས་ཚུལ ཡིག་ཚང་གིས་ འབད་དགོས་ དངུལ་ཀྲམ་ས་ཡ་༠.༢༢ རྫོང་ཁག་ཚུ་ནང་ལས་ཕར་ བརྡ་ལམ་གྱི་ནང་དུ་གནས་ཚུལཨེས་ཌི་ཤར་ཕྱོགས་འབྲུག་རྡོ་སོལ་ལས་སྡེ་གིས་ རྒྱུ་དཀའ།,239,59
འབྲུག་རྒྱལ་ཡོངས་དངུལ་ཁང་གིས་ དངུལ་ཀྲམ་ས་ཡ་༩.༩ བརྡ་ལམ་གྱི་ནང་དུ་གནས་ཚུལདངུལ་ཀྲམ་ས་ཡ་༠.༢༢ སྟག་ཚང རྫོང་ཁག་ཚུ་ནང་ལས་ཕར་ མ་ལེན་པར་བཞག་ཡོདཔ་སྦེ་ཨིན་པས།,145,38
གཞན་ཡང་ བརྡ་ལམ་གྱི་ནང་དུ་གནས་ཚུལའབྲུག་རྒྱལ་ཡོངས་དངུལ་ཁང་གིས་ དབྱེ་གཞི དངུལ་ཀྲམ་ས་ཡ་༩.༩ ཐོབ་ཚུགས་ནི་ཨིན་པས།,106,26
རང་སོའི་ བརྡ་ལམ་གྱི་ནང་དུ་གནས་ཚུལརྫོང་ཁག་ཚུ་ནང་ལས་ཕར་ བླ་མ མ་ལེན་པར་བཞག་ཡོདཔ་སྦེ་ཨིན་པས།,88,24
གཞན་ཡང་ འཇིགས་མེད་ས་གཏེར་ལས་འཛིན་གྱིས་ བརྡ་ལམ་གྱི་ནང་དུ་གནས་ཚུལ དངུལ་ཀྲམ་ས་ཡ་༩.༩ གནམ་འདུས་བཞིན་དུ ཐོབ་ཚུགས་ནི་ཨིན་པས།,117,30
རང་སོའི་ དངུལ་ཀྲམ་ས་ཡ་༤༠.༡༠ བརྡ་ལམ་གྱི་ནང་དུ་གནས་ཚུལམ་ལེན་པར་བཞག་ཡོདཔ་སྦེ་ཨིན་པས།,81,21
གཞན་ཡང་ བདེ་སྨིན འཇིགས་མེད་ས་གཏེར་ལས་འཛིན་གྱིས་ ཡོདཔ་ད་ བརྡ་ལམ་གྱི་ནང་དུ་གནས་ཚུལཐོབ་ཚུགས་ནི་ཨིན་པས།,99,24
ཁྲིམས་དོན་སྒྲིག་གཞིའི་དོན་ཚན་༡༡ བརྡ་ལམ་གྱི་ནང་དུ་གནས་ཚུལཡོདཔ་ད་ དར་ལྡན འཇམ་ཏོང་ཏོ་སྦེ་ མཉམ་འབྲེལ་ཁྲིམས་དོན་དབང་འཛིན་དང་གཅིག་ཁར་ བརྡ་ལམ་གྱི་ནང་དུ་གནས་ཚུལབསྡུ་ལེན་འབད་ཚུགས་ནི་དང་ གླུ་དབྱངས འཛིན་སྐྱོང་འཐབ་དོན་ལུ་ཨིན་པས།,216,51
ཁྲིམས་དོན་སྒྲིག་གཞིའི་དོན་ཚན་༡༡ ཉིནམ་གཉིས་དང་གསུམ་གྱི་ནང་འཁོད་ལུ་ བརྡ་ལམ་གྱི་ནང་དུ་གནས་ཚུལ འཇམ་ཏོང་ཏོ་སྦེ་ གནས་འཁོར མཉམ་འབྲེལ་ཁྲིམས་དོན་དབང་འཛིན་དང་གཅིག་ཁར་ འགོ་དཔོན་གྱིས་ བརྡ་ལམ་གྱི་ནང་དུ་གནས་ཚུལའཛིན་སྐྱོང་འཐབ་དོན་ལུ་ཨིན་པས།,225,53
རྒན་རིམ་གྱི་གནས་སྟངས་ ག་དེ་སྦེ་ར་ སེལ་དོ་ཡོདཔ་ཨིན་ན།,52,14
༉ ང་བཅས་ཀྱི་རྒྱལ་ཁབ་འདི་ ལེགས་ཤོམ་སྦེ་ དབྱེ་ཞིབ་འབད་བ་ཅིན་ དུས་ཚོད་ཧ་ལམ་ཕྱིས་སུ་ཅིག་དང་ ང་བཅས་ལུ་ འདི་དང་བསྟུན་པའི་ གྲ་སྒྲིག་ཚུ་མེདཔ་བཟུམ་འདུག།,143,36
ཁྲོམ་ཚོགས་ནང་སྡོད་མི་ཚུ་གིས་ བུམ་ཐང མགུ་ཏོ་བཀྱག་གུང་གུ་ཐལ་ནི་དང་ ང་བཅས་ཀྱིས་ བརྡ་ལམ་གྱི་ནང་དུ་གནས་ཚུལ བསྒྱུར་བཅོས་འབད་སའི་ས་གོ་ཡོདཔ་ལས་ བསོད་ནམས་ གནད་དོན་འདི་ཚུ་ སེམས་ཁ་ལས་ཡང་བརྗེད་དེ་འགྱོ་འོང་།,194,50
འདི་བཟུམ་གྱི་དོན་ཚན་དེ་ བརྡ་ལམ་གྱི་ནང་དུ་གནས་ཚུལམགུ་ཏོ་བཀྱག་གུང་གུ་ཐལ་ནི་དང་ དར་ལྡན ང་བཅས་ཀྱིས་ མི་སྡེའི་དཀའ་ངལ་ཅིག་ཨིན་རུང་ བརྡ་ལམ་གྱི་ནང་དུ་གནས་ཚུལགནད་དོན་འདི་ཚུ་ རྫོང་ཁ སེམས་ཁ་ལས་ཡང་བརྗེད་དེ་འགྱོ་འོང་།,204,53
འདི་བཟུམ་གྱི་དོན་ཚན་དེ་ དུས་ཚོད་དང་བསྟུན་ བརྡ་ལམ་གྱི་ནང་དུ་གནས་ཚུལང་བཅས་ཀྱིས་ ནགས་ཚལ མི་སྡེའི་དཀའ་ངལ་ཅིག་ཨིན་རུང་ དེ་ལུ་བརྟེན་ བརྡ་ལམ་གྱི་ནང་དུ་གནས་ཚུལསེམས་ཁ་ལས་ཡང་བརྗེད་དེ་འགྱོ་འོང་།,183,46
དུས་ཚོད་དེ་ བརྡ་ལམ་གྱི་ནང་དུ་གནས་ཚུལསྐྱེས་རྒྱུན་གྱི་ཚད་གཞི་ དབྱེ་གཞི དེ་ལུ་སྲིད་དོན་པ་ཚུ་གིས་ ང་བཅས་རའི་རྒྱལ་ཡོངས་ཀྱི་ བརྡ་ལམ་གྱི་ནང་དུ་གནས་ཚུལ རྒྱབ་སྐྱོ་དང་ གཤེས་ཚན མི་འོང་ནི་ཨིན་མས།,183,46
དུས་ཚོད་དེ་ རྒྱལ་ཡོངས་ཀྱི་ བརྡ་ལམ་གྱི་ནང་དུ་གནས་ཚུལདེ་ལུ་སྲིད་དོན་པ་ཚུ་གིས་ དགོན་པ ང་བཅས་རའི་རྒྱལ་ཡོངས་ཀྱི་ རྒྱལ་ཡོངས་ཀྱི་འཆར་གཞི་ བརྡ་ལམ་གྱི་ནང་དུ་གནས་ཚུལམི་འོང་ནི་ཨིན་མས།,172,43
རྩིས་ལོ་༢༠༢༥-༢༦ ནང་ ནང་འཁོད་འོང་འབབ་ དངུལ་ཀྲམ་ཐེར་འབུམ་༧༠.༤༦ ལུ་ ཡར་སེང་འགྱོ་ནི།,80,18
༉ རྩིས་ལོ་༢༠༢༥-༢༦ ལུ་ རྒྱལ་ཁབ་ཀྱི་ ནང་འཁོད་འོང་འབབ་ཡར་སེང་ཐོག་ དངུལ་ཀྲམ་ཐེར་འབུམ་༧༠.༤༦ གུ་ལུ་ ལྷོད་ནི་གི་ ཚོད་རྩིས་བཀོད་ཡོདཔ་ཨིན་པས།,132,31
འགོ་བཙུགས་ནི་ རྫོང་ཁ ཚོད་རྩིས་བཀོད་ཡོདཔ་ཨིན་པས།,47,11
དེ་ཡང་ གཙོ་བོ་ར་ བརྡ་ལམ་གྱི་ནང་དུ་གནས་ཚུལ དངུལ་ཀྲམ་ཐེར་འབུམ་༦.༧༧ བདེ་ཐང་དཀར་ཆགས ཁེ་སང་དངུལ་ཀྲམ་ཐེར་འབུམ་༣.༦༣ མ་རྩ་གཞི་བཙུགས་འབད་དགོཔ་ བརྡ་ལམ་གྱི་ནང་དུ་གནས་ཚུལཚོད་རྩིས་བཀོད་ཡོདཔ་ཨིན་པས།,184,46
དེ་ཡང་ གཞུང་རྒྱུན གཙོ་བོ་ར་ གཙོ་བོ་ར་ བརྡ་ལམ་གྱི་ནང་དུ་གནས་ཚུལཁེ་སང་དངུལ་ཀྲམ་ཐེར་འབུམ་༣.༦༣ རྒྱུ་དཀའ།,100,25
མ་རྩ་གཞི་བཙུགས་འབད་དགོཔ་ ལམ་ལུགས་དེ་གིས་ བརྡ་ལམ་གྱི་ནང་དུ་གནས་ཚུལགཙོ་བོ་ར་ འབྲུག་གི་གནས་ཚུལ གཙོ་བོ་ར་ འདས་པའི་རྩིས་ལོ་༢༠༢༤-༢༥ བརྡ་ལམ་གྱི་ནང་དུ་གནས་ཚུལམ་རྩ་གཞི་བཙུགས་འབད་དགོཔ་ དགོན་པ ལམ་ལུགས་དེ་གིས་ ཨིན་པའི་གནས་ཚུལ།,214,53
བརྡ་ལམ་གྱི་ནང་དུ་གནས་ཚུལ གཙོ་བོ་ར་ སངས་རྒྱས་ཆོས འདས་པའི་རྩིས་ལོ་༢༠༢༤-༢༥ དངུལ་ཀྲམ་ཐེར་འབུམ་༤༦.༩༤ བརྡ་ལམ་གྱི་ནང་དུ་གནས་ཚུལལམ་ལུགས་དེ་གིས་ འཆར་སྤྱོད ཨིན་པའི་གནས་ཚུལ།,162,39
འོང་འབབ་ཡར་སེང་ བརྡ་ལམ་གྱི་ནང་དུ་གནས་ཚུལའདས་པའི་རྩིས་ལོ་༢༠༢༤-༢༥ འབྲུག་འཕྲིན་གླིང་ དངུལ་ཀྲམ་ཐེར་འབུམ་༤༦.༩༤ བརྒྱ་ཆ་༡༣.༧༡ བརྡ་ལམ་གྱི་ནང་དུ་གནས་ཚུལཨིན་པའི་གནས་ཚུལ།,159,36
དེ་ཡང་ བརྡ་ལམ་གྱི་ནང་དུ་གནས་ཚུལ ཕན་འདེབས་འབད་དོ་ཡོདཔ་མ་ཚད་ རྒྱུ་དཀའ།,68,18
ཟླ་༡ ཅ་ཆས་དང་ཞབས་ཏོག་ཁྲལ་གྱི་ བརྡ་ལམ་གྱི་ནང་དུ་གནས་ཚུལམཇུག་བསྡུ་ནི་དང་ འཆར་སྤྱོད ཚོད་རྩིས་བཀོད་ཡོདཔ་ཨིན་པས།,107,27
དེ་ཡང་ དངུལ་ཀྲམ་ཐེར་འབུམ་༧༤.༨༩ བརྡ་ལམ་གྱི་ནང་དུ་གནས་ཚུལཟླ་༡ དགྲ་ཁྲོད་ཕུག ཅ་ཆས་དང་ཞབས་ཏོག་ཁྲལ་གྱི་ དང་ཕྱདཔ་ད་ བརྡ་ལམ་གྱི་ནང་དུ་གནས་ཚུལ ཚོད་རྩིས་བཀོད་ཡོདཔ་ཨིན་པས།,160,41
རྒྱུ་དངོས་ཚུ་ལུ་ཁྲལ་ཡང་ བརྡ་ལམ་གྱི་ནང་དུ་གནས་ཚུལནང་འཁོད་འོང་འབབ་ཡར་སེང་ཐོག་ རྩོམ་རིག དངུལ་ཀྲམ་ཐེར་འབུམ་༢༠.༤༡ འོང་ནི་དེ་གིས་ཨིན་པས།,130,32
ནང་འཁོད་འོང་འབབ་ བརྡ་ལམ་གྱི་ནང་དུ་གནས་ཚུལབརྟེན་སྡོད་མི་དེ་ སངས་རྒྱས་ཆོས ཡར་སེང་འགྱོ་ནི་ཨིན་པས།,94,23
རྒྱུ་དངོས་ཚུ་ལུ་ཁྲལ་ཡང་ ཡར་སེང་སོང་མི་དེ་ བརྡ་ལམ་གྱི་ནང་དུ་གནས་ཚུལ,66,18
སྡེབ་སྲིད་སློབ་གྲྭ་གིས་ ལོ་ལྔའི་རིང་ ནགས་ཚལ་བསྐྱར་གསོ་འབད་ནི་གི་ལས་འགུལ་ འགོ་འབྱེད་འབད་ཡོདཔ།,92,21
ནགས་ཚལ་བརྒྱ་ཆ་༩༥ གཞུང་རྒྱུན ཤིང་བརྒྱ་ཆ་༧༠ འབད་ནི་ཨིན་པས།,56,15
རྒྱལ་ཡོངས་ནགས་ཚལ་གནས་ཐོ་ བརྡ་ལམ་གྱི་ནང་དུ་གནས་ཚུལ བདག་འཛིན་འཐབ་ནི་ཨིན་པས།,73,19
གན་ཡིག་བཟོ་མི་དང་བསྟུན་ ཁྱི འགོ་འབྱེད་འབད་བའི་ཤུལ་ལུ་ འགོ་བཙུགས་ཡོདཔ་ཨིན་པས།,76,18
སྤྱི་ལོ་༢༠༢༣ བརྡ་ལམ་གྱི་ནང་དུ་གནས་ཚུལཤིང་བརྒྱ་ཆ་༧༠ ཐིམ་ཕུ འབད་ནི་ཨིན་པས།,72,19
རྒྱལ་ཡོངས་ནགས་ཚལ་གནས་ཐོ་ སྦེ་ཨིནམ་བཞིན་དུ་ བརྡ་ལམ་གྱི་ནང་དུ་གནས་ཚུལའགོ་འབྱེད་འབད་བའི་ཤུལ་ལུ་ རྡོ་རྗེ འགོ་བཙུགས་ཡོདཔ་ཨིན་པས།,123,29
སྤྱི་ལོ་༢༠༢༣ གྱི་བར་ན་ བརྡ་ལམ་གྱི་ནང་དུ་གནས་ཚུལའབད་ནི་ཨིན་པས།,61,16
རྒྱལ་ཡོངས་ནགས་ཚལ་གནས་ཐོ་ དབྱེ་ཞིབ སྦེ་ཨིནམ་བཞིན་དུ་ པའི་ནང་ བརྡ་ལམ་གྱི་ནང་དུ་གནས་ཚུལའགོ་བཙུགས་ཡོདཔ་ཨིན་པས།,106,25
སྤྱི་ལོ་༢༠༢༣ གཞི་འཛུགས གྱི་བར་ན་ ཤིང་རིགས་སྣ་ཚོགས་འཛུགས་སྐྱོང་འབད་ཡོདཔ་ཨིན་པས།,78,18
ཤིང་འཛུགས་སྐྱོང་གི་ས་ཁོངས་ བརྡ་ལམ་གྱི་ནང་དུ་གནས་ཚུལསྦེ་ཨིནམ་བཞིན་དུ་ ཀུན་གསལ པའི་ནང་ ཁྱབ་སྟེ་ཡོདཔ་ད་ བརྡ་ལམ་གྱི་ནང་དུ་གནས་ཚུལགྱི་བར་ན་ བསོད་ནམས་ ཤིང་རིགས་སྣ་ཚོགས་འཛུགས་སྐྱོང་འབད་ཡོདཔ་ཨིན་པས།,190,45
ཤིང་འཛུགས་སྐྱོང་གི་ས་ཁོངས་ སློབ་གྲྭ་གིས་ བརྡ་ལམ་གྱི་ནང་དུ་གནས་ཚུལཔའི་ནང་ བླ་མ ཁྱབ་སྟེ་ཡོདཔ་ད་ མར་ཉམས་འགྱོ་མི་དང་ བརྡ་ལམ་གྱི་ནང་དུ་གནས་ཚུལཤིང་རིགས་སྣ་ཚོགས་འཛུགས་སྐྱོང་འབད་ཡོདཔ་ཨིན་པས།,182,44
སློབ་གྲྭའི་ས་ཁོངས་ཀྱི་ཉེ་འདབས་ལས་ཕར་ ཤིང་འཛུགས་སྐྱོང་གི་འཛིན་སྐྱོང་དང་ བརྡ་ལམ་གྱི་ནང་དུ་གནས་ཚུལམི་༤ རྒྱུ་དཀའ།,109,26
ཐིམ་ཕུག་རྫོང་ཁག་ནང་ བརྡ་ལམ་གྱི་ནང་དུ་གནས་ཚུལ,44,12
འབྲུག་པའི་མཛོག་ཁྱད་བརྗེ་མི་ཚུ་གིས་ ཨེ་ཤི་ཡཱན་མཛོག་ཁྱད་མགྲན་བསྡུར་ནང་ བཅའ་མར་གཏོགས་ནི།,85,20
རྒྱ་གར་ལུ་ མདའ་རྩེད ཡེ་ཤི་ཡཱན་ལུང་ཕྱོགས་ཀྱི་ བསོད་ནམས་དཔལ་འབྱོར་ཚུ་ བརྡ་ལམ་གྱི་ནང་དུ་གནས་ཚུལ དོ་འགྲན་དོ་ཡོདཔ་ལས་ བདེ་སྨིན དང་ འགྱོ་ནི་ཨིན་པས།,141,35
སློབ་སྟོན་པ་ བརྡ་ལམ་གྱི་ནང་དུ་གནས་ཚུལཡེ་ཤི་ཡཱན་ལུང་ཕྱོགས་ཀྱི་ གཡག བསོད་ནམས་དཔལ་འབྱོར་ཚུ་ སྤྱི་ཟླ་༦ བརྡ་ལམ་གྱི་ནང་དུ་གནས་ཚུལདང་ རྒྱུ་དཀའ།,136,33
འགྱོ་ནི་ཨིན་པས།,15,4
སློབ་སྟོན་པ་ འགྲན་བསྡུར་ནང་ བརྡ་ལམ་གྱི་ནང་དུ་གནས་ཚུལབསོད་ནམས་དཔལ་འབྱོར་ཚུ་ ནགས་ཚལ སྤྱི་ཟླ་༦ གདོང་ལེན་ཅན་ཅིག་ཨིན་རུང་ བརྡ་ལམ་གྱི་ནང་དུ་གནས་ཚུལའགྱོ་ནི་ཨིན་པས།,156,38
བརྡ་ལམ་གྱི་ནང་དུ་གནས་ཚུལལྗིད་ཚད་ཀེ་ཇི་༦༠ ཆོས་ལྡན་ བཀྲིས་འོད་ཟེར་དང་ ཀུན་ལེགས་ བརྡ་ལམ་གྱི་ནང་དུ་གནས་ཚུལམཛོག་ཁྱད་བརྗེ་མི་༣༨༧ སྟག་ཚང ལས་རིམ་ཡོད་པའི་གནས་ཚུལ།,153,38
སྤྱི་ཟླ་༨ བརྡ་ལམ་གྱི་ནང་དུ་གནས་ཚུལབཀྲིས་འོད་ཟེར་དང་ སངས་རྒྱས་ཆོས ཀུན་ལེགས་ འགོ་འདྲེན་འཐབ་ནིའི་ བརྡ་ལམ་གྱི་ནང་དུ་གནས་ཚུལལས་རིམ་ཡོད་པའི་གནས་ཚུལ།,142,34
ཁོ་གིས་འབད་བ་ཅིན་ བརྡ་ལམ་གྱི་ནང་དུ་གནས་ཚུལལས་རིམ་ནང་ གནས་འཁོར དེ་ཡང་ སྐྱེས་ལོ་༡༩ བརྡ་ལམ་གྱི་ནང་དུ་གནས་ཚུལདུས་ཅི་ རྫོང་ཁ དོ་འགྲན་ཅན་ཅིག་འོང་ཟེར་ཨིན་པས།,150,39
ཁོ་གིས་འབད་བ་ཅིན་ དྲག་ཤོས་ཐོན་མི་ཨིན་པས།,40,11
བཀྲིས་འོད་ཟེར་གྱིས་ བརྡ་ལམ་གྱི་ནང་དུ་གནས་ཚུལདེ་ཡང་ གནས་འཁོར སྐྱེས་ལོ་༡༩ ཐབས་ལམ་ཅིག་ཨིནམ་ད་ བརྡ་ལམ་གྱི་ནང་དུ་གནས་ཚུལ དོ་འགྲན་ཅན་ཅིག་འོང་ཟེར་ཨིན་པས།,146,37
ཁོ་གིས་འབད་བ་ཅིན་ ཚེས་བཅུ དྲག་ཤོས་ཐོན་མི་ཨིན་པས།,48,13
བཀྲིས་འོད་ཟེར་གྱིས་ ཚུན་ བརྡ་ལམ་གྱི་ནང་དུ་གནས་ཚུལསྐྱེས་ལོ་༡༩ བདེ་སྨིན ཐབས་ལམ་ཅིག་ཨིནམ་ད་ སྡེ་ཚན་འཛིན་སྐྱོང་པ་ བརྡ་ལམ་གྱི་ནང་དུ་གནས་ཚུལདྲག་ཤོས་ཐོན་མི་ཨིན་པས།,156,38
བཀྲིས་འོད་ཟེར་གྱིས་ རྩོམ་རིག ཚུན་ ཐིམ་ཕུག་ལུ་སྦེ་ བརྡ་ལམ་གྱི་ནང་དུ་གནས་ཚུལཐབས་ལམ་ཅིག་ཨིནམ་ད་ འཕྲུལ་ལས སྡེ་ཚན་འཛིན་སྐྱོང་པ་ གདོང་ལེན་གསལ་སྟོན་འབདཝ་མས་ཟེར་ཨིན་པས།,160,38
ཧེ་མ་འབད་བ་ཅིན་ བརྡ་ལམ་གྱི་ནང་དུ་གནས་ཚུལ,40,12
དངུལ་གཏོང་ལེན་ བརྒྱ་ཆ་༨༠ དེ་ཅིག་ཡར་འཕར།,39,10
དེ་ཡང་ ཡུ་ཨེསི་ཌི་ས་ཡ་༤༡.༦ ལས་༧༧ ཡར་སེང་སོང་ཡོདཔ་ཨིན་པས།,56,16
འབད་ཚུགས་ཡོདཔ་ཨིན་པས།,21,5
ཕྱི་རྒྱལ་ལས་འོང་མི་ ཡུ་ཨེསི་ཌི་དང་ ཨེ་ཡུ་ཌི་༢ ཆ་ར་ ཡར་འཕར་སོང་ཡོདཔ་ཨིན་པས།,74,21
དངུལ་གཏོང་ལེན་ཡོངས་བསྡོམས་ལས་ ཡུ་ཨེསི་ཌོ་ལར་ས་ཡ་༥༠.༡ འབདཝ་ད་ བརྒྱ་ཆ་༦༥ ཨཱསི་ཊེ་ལི་ཡ་ལས་ འོང་ཡོདཔ་བཞིན་དུ་ འདས་པའི་ལོ་དང་ཕྱདཔ་ད་ བརྒྱ་ཆ་༩༠ དེ་ཅིག་ ཡར་སེང་སོང་ཡོདཔ་ཨིན་པས།,169,44
དེ་གི་ཤུལ་ལས་ ཡུ་ཨེསི་ཨེ་ལས་ ཡུ་ཨེསི་ཌོ་ལར་ས་ཡ་༦.༧ དང་ ཀུ་ཝིཊ་ལས་ ཡུ་ཡེསི་ཌི་ས་ཡ་༥.༨ ལྷན་ཐབས་འབད་ཡོདཔ་ཨིན་པས།,109,31
འདས་པའི་ལོ་ནང་ ཕྱི་རྒྱལ་ལས་ དངུལ་གཏོང་ལེན་ དངུལ་ཀྲམ་ཐེར་འབུམ་༡༣.༩ འབདཝ་ད་ འབྲུག ཡར་དྲག་གཏང་ཐོག་ལས་ འདས་པའི་ལོ་དང་ཕྱདཔ་ད་ དུས་ཅི་ སྤྱི་ཟླ་༤ པའི་ ནང་འཁོད་ལུ་ ཕྱི་རྒྱལ་ཁབ་ལས་ དངུལ་གཏོང་ལེན་ བརྒྱ་ཆ་༨༥ དེ་ཅིག་ ཡར་སེང་སོང་ཡོདཔ་ཨིན་པས།,228,56
ཕྱིའི་རྒྱལ་ཁབ་ནང་ ཤེས་ཡོན་དང་ ལཱ་འབད་དེ་སྡོད་མི་ འབྲུག་མི་ཚུ་གིས་ དངུལ་གཏོང་ལེན་འབད་མི་ལུ་བརྟེན་ ནང་འཁོད་ཀྱི་ དཔལ་འབྱོར་ལུ་ ཕན་ཐབས་སྦོམ་སྦེ་ར་ བྱུང་ཡོདཔ་ཨིན་པས།,160,38
རྒྱལ་གཞུང་དངུལ་ལས་དབང་འཛིན་གྱིས་ སྤྱི་ཟླ་༦ པའི་ནང་ གསར་བཏོན་འབད་མི་ ཟླ་རིམ་གྱི་ གནས་སྡུད་དང་འཁྲིལ་བ་ཅིན་ དངུལ་གཏོང་ལེན་ ཡུ་ཨེསི་ཌོ་ལར་ས་ཡ་༧༧ འབདཝ་ད་ དངུལ་ཀྲམ་ཐེར་འབུམ་༦.༥༦ དེ་ཅིག་ ཡར་སེང་སོང་ཡོདཔ་ཨིན་པས།,203,50
ཕྱི་རྒྱལ་ལས་ ཏི་རུ་འོང་མི་གིས་ ཕྱི་དངུལ་གསོག་འཇོག་ལུ་ ལྷན་ཐབས་དང་ དངུལ་སྤྲོད་ལེན་གྱི་ཁྱད་པར་ བརྡ་ལམ་གྱི་ནང་དུ་གནས་ཚུལ,117,29
ཚུལ་མིན་བྱ་རིམ་ལུ་བརྟེན་ ཤེས་རིག་གྲོས་སྟོན་པའི་ཆོག་ཐམ་ མཚམས་འཇོག་དང་ བཀག་ཆ་འབད་ཡོདཔ།,84,20
ཁྲིམས་འགལ་དང་ ཀུན་གསལ དེ་བཟུམ་གྱི་བྱ་རིམ་དེ་ བཀག་དམ་འབད་ཡོདཔ་ཨིན་པས།,68,17
ཆེ་རིམ་ཤེས་ཡོན་སྤུས་ཚད་ཚོགས་སྡེ་གིས་ བརྡ་ལམ་གྱི་ནང་དུ་གནས་ཚུལ ཆ་རོགས་འབད་དེ་ རྫོང ལྟ་དོ་ཡོདཔ་ཨིན་པའི་གནས་ཚུལ།,109,28
མཚམས་འཇོག་འབད་བཞག་ནི་ཨིན་པས།,28,7
མཚམས་འཇོག་བཀག་ཆའི་དུས་ཚོད་ཁར་ བརྡ་ལམ་གྱི་ནང་དུ་གནས་ཚུལདེ་བཟུམ་གྱི་བྱ་རིམ་དེ་ གཤེས་ཚན བཀག་དམ་འབད་ཡོདཔ་ཨིན་པས།,108,27
ཆེ་རིམ་ཤེས་ཡོན་སྤུས་ཚད་ཚོགས་སྡེ་གིས་ ཚོགས་སྡེ་གིས་ བརྡ་ལམ་གྱི་ནང་དུ་གནས་ཚུལལྟ་དོ་ཡོདཔ་ཨིན་པའི་གནས་ཚུལ།,102,25
ཆུ་སྒྲིག མཚམས་འཇོག་འབད་བཞག་ནི་ཨིན་པས།,37,9
མཚམས་འཇོག་བཀག་ཆའི་དུས་ཚོད་ཁར་ གཡོག་གནས་ལས་སྡེ་ བརྡ་ལམ་གྱི་ནང་དུ་གནས་ཚུལབཀག་དམ་འབད་ཡོདཔ་ཨིན་པས།,94,23
ཆེ་རིམ་ཤེས་ཡོན་སྤུས་ཚད་ཚོགས་སྡེ་གིས་ དགྲ་ཁྲོད་ཕུག ཚོགས་སྡེ་གིས་ གཞུང་ཚབ་ཡིག་ཚང་གིས་ བརྡ་ལམ་གྱི་ནང་དུ་གནས་ཚུལམཚམས་འཇོག་འབད་བཞག་ནི་ཨིན་པས།,136,33
མཚམས་འཇོག་བཀག་ཆའི་དུས་ཚོད་ཁར་ གར་རྩལ གཡོག་གནས་ལས་སྡེ་ པའི་ཚེས་༢༥ བརྡ་ལམ་གྱི་ནང་དུ་གནས་ཚུལཚོགས་སྡེ་གིས་ དབང་འདུས གཞུང་ཚབ་ཡིག་ཚང་གིས་ པའི་ཚེས་༤ བརྡ་ལམ་གྱི་ནང་དུ་གནས་ཚུལགཡོག་གནས་ལས་སྡེ་ འགོད་རིམ པའི་ཚེས་༢༥ བཟོ་ཡོདཔ་ཨིན་པས།,219,54
སྤུས་ཚད་དང་ བརྡ་ལམ་གྱི་ནང་དུ་གནས་ཚུལ གཞུང་ཚབ་ཡིག་ཚང་གིས་ གཤེས་ཚན པའི་ཚེས་༤ འབད་བ་ཅིན་ བརྡ་ལམ་གྱི་ནང་དུ་གནས་ཚུལཔའི་ཚེས་༢༥ དགེ་འདུན་པ བཟོ་ཡོདཔ་ཨིན་པས།,148,39
སྤུས་ཚད་དང་ ལས་སྡེ་ཚུ་གིས་ བརྡ་ལམ་གྱི་ནང་དུ་གནས་ཚུལཔའི་ཚེས་༤ སངས་རྒྱས་ཆོས འབད་བ་ཅིན་ ཅོག་འཐདཔ་སྦེ་ར་ བརྡ་ལམ་གྱི་ནང་དུ་གནས་ཚུལབཟོ་ཡོདཔ་ཨིན་པས།,141,36
གསལ་བསྒྲགས་དང་འཁྲིལཝ་ད་ བརྡ་ལམ་གྱི་ནང་དུ་གནས་ཚུལགཡོག་གནས་ལས་སྡེ་དེ་ གནམ་འདུས་བཞིན་དུ ལུ་ ལུ་ བརྡ་ལམ་གྱི་ནང་དུ་གནས་ཚུལཡ་རབས་གོ་ལོ་བཱལ་གྱིས་ འབྲུག་གི་གནས་ཚུལ འབད་ནི་ཨིན་མས་ཟེར་ཨིན་པས།,181,45
གསལ་བསྒྲགས་དང་འཁྲིལཝ་ད་ ག་ཅི་ར་འབད་ནི་ཨིན་རུང་ བརྡ་ལམ་གྱི་ནང་དུ་གནས་ཚུལ ལུ་ གོ ལུ་ སྤྱི་ཟླ་༦ བརྡ་ལམ་གྱི་ནང་དུ་གནས་ཚུལའབད་ནི་ཨིན་མས་ཟེར་ཨིན་པས།,142,38
ཁྲིམས་འདུན་གྱིས་ འབྲུག་རྒྱང་བསྒྲགས་ལས་འཛིན་གྱི་ བཀོད་ཁྱབ་གཙོ་འཛིན་ ཕྱིར་བཏོན་བཏང་མི་དེ་ ཁྲིམས་མཐུན་ཨིན་པའི་ ངོས་འཛིན།,117,24
བཀོད་ཚོགས་ཀྱིས་འབད་བ་ཅིན་ བརྡ་ལམ་གྱི་ནང་དུ་གནས་ཚུལསྤྱི་ལོ་༢༠༢༤ དགེ་འདུན་པ དགའ་མཐུན་བཟོ་བའི་ ལོག་ལོ་༣ བརྡ་ལམ་གྱི་ནང་དུ་གནས་ཚུལ ཀ་ཀ་ཚེ་རིང་གིས་ མདའ་རྩེད ཕྱག་ཞུ་ཡོདཔ་ཨིན་པས།,170,44
བཀོད་ཚོགས་ཀྱིས་འབད་བ་ཅིན་ རྩོད་གཞི་ལོགས་སུ་སྦེ་ བརྡ་ལམ་གྱི་ནང་དུ་གནས་ཚུལདགའ་མཐུན་བཟོ་བའི་ འགོད་རིམ ལོག་ལོ་༣ པའི་ཡོངས་ཁྱབ་འཛིན་སྐྱོང་པ་གིས་ བརྡ་ལམ་གྱི་ནང་དུ་གནས་ཚུལཕྱག་ཞུ་ཡོདཔ་ཨིན་པས།,182,44
བཀོད་ཚོགས་ཀྱིས་འབད་བ་ཅིན་ ཁྱི རྩོད་གཞི་ལོགས་སུ་སྦེ་ དེ་ལས་ བརྡ་ལམ་གྱི་ནང་དུ་གནས་ཚུལལོག་ལོ་༣ རྡོ་རྗེ པའི་ཡོངས་ཁྱབ་འཛིན་སྐྱོང་པ་གིས་ ཡིག་ཐོག་བརྡ་ལན་འབད་མི་གིས་ བརྡ་ལམ་གྱི་ནང་དུ་གནས་ཚུལརྩོད་གཞི་ལོགས་སུ་སྦེ་ པདྨ དེ་ལས་ མཐོ་གཏུགས་འབད་ཆོག་ཟེར་ཨིན་པས།,244,60
ཀ་ཀ་ཚེ་རིང་གིས་ བརྡ་ལམ་གྱི་ནང་དུ་གནས་ཚུལ,40,12
སྤྱི་ལོ་༢༠༣༠ འི་ནང་འཁོད་ལུ་ ཨེ་ཤི་ཡ་པེ་སི་ཕིག་རྒྱལ་ཁབ་ཚུ་གིས་ སྐྱེ་ཤི་ག་ར་ ཐོ་བཀོད་འབད་ནིའི་ཁས་བླངས།,100,27
ཨེ་ཤི་ཡ་དང་ པེ་སི་ཕིག་ རྒྱལ་ཁབ་ཚུ་གིས་ སྤྱི་ལོ་༢༠༣༠ འི་ནང་འཁོད་ལུ་ སྐྱེ་ཤི་ག་ར་ ཐོ་བཀོད་འབད་ནི་ལུ་ ཁས་བླངས་འབད་དེ་ཡོདཔ་ལས་ ཞི་བའི་ཐོ་བཀོད་ཀྱི་ ལམ་ལུགས་ཆ་ཚང་དང་ སྒྲིང་སྒྲི་ཅིག་ བཟོ་ནི་ལུ་ བརྩོན་ཤུགས་བསྐྱེདཔ་ཨིན་པས།,213,54
ལུང་ཕྱོགས་ཀྱི་ ཁེ་ཕན་དང་གདོང་ལེན།,33,8
འདས་པའི་ལོ་བཅུ་ཕྲག་ བརྡ་ལམ་གྱི་ནང་དུ་གནས་ཚུལསྤྱི་ལོ་༢༠༢༢ སྟག་ཚང སྙན་ཞུ་འབད་ནིའི་ ངོས་ལེན་འབད་དེ་ཡོདཔ་ད་ བརྡ་ལམ་གྱི་ནང་དུ་གནས་ཚུལཔའི་(སྤྱི་ལོ་༢༠༢༤-༢༩) གཞི་འཛུགས དམིགས་གཏད་བསྐྱེད་ཡོད་ཟེར་ཨིན་པས།,192,45
འདས་པའི་ལོ་བཅུ་ཕྲག་ མི་ག་ཡང་ བརྡ་ལམ་གྱི་ནང་དུ་གནས་ཚུལསྙན་ཞུ་འབད་ནིའི་ གཤེས་ཚན ངོས་ལེན་འབད་དེ་ཡོདཔ་ད་ ཡར་དྲག་གཏང་པའི་བསྒང་ཡོད་མི་ཚུ་ བརྡ་ལམ་གྱི་ནང་དུ་གནས་ཚུལདམིགས་གཏད་བསྐྱེད་ཡོད་ཟེར་ཨིན་པས།,188,47
འདས་པའི་ལོ་བཅུ་ཕྲག་ བདེ་ཐང་དཀར་ཆགས མི་ག་ཡང་ ཁས་བླངས་འབད་ནུག།,60,16
ཁས་བླངས་དེ་ཡང་ བརྡ་ལམ་གྱི་ནང་དུ་གནས་ཚུལངོས་ལེན་འབད་དེ་ཡོདཔ་ད་ ཚེས་བཅུ ཡར་དྲག་གཏང་པའི་བསྒང་ཡོད་མི་ཚུ་ ཆ་ཤས་ཅིག་སྦེ་ བརྡ་ལམ་གྱི་ནང་དུ་གནས་ཚུལ མི་ག་ཡང་ དགོན་པ ཁས་བླངས་འབད་ནུག།,172,46
ཁས་བླངས་དེ་ཡང་ འགན་ཁྲི་འབག་དགོཔ་དེ་ བརྡ་ལམ་གྱི་ནང་དུ་གནས་ཚུལཡར་དྲག་གཏང་པའི་བསྒང་ཡོད་མི་ཚུ་ བདེ་ཐང་དཀར་ཆགས ཆ་ཤས་ཅིག་སྦེ་ དེ་གི་ བརྡ་ལམ་གྱི་ནང་དུ་གནས་ཚུལཁས་བླངས་འབད་ནུག།,167,43
ཁས་བླངས་དེ་ཡང་ བསོད་ནམས་ འགན་ཁྲི་འབག་དགོཔ་དེ་ བརྡ་འཕྲིན་སྒྲིང་སྒྲི་ཅིག་ བརྡ་ལམ་གྱི་ནང་དུ་གནས་ཚུལཆ་ཤས་ཅིག་སྦེ་ གནས་འཁོར དེ་གི་ བཏང་ཡོད་པའི་གནས་ཚུལ།,146,35
བརྡ་ལམ་གྱི་ནང་དུ་གནས་ཚུལ འགན་ཁྲི་འབག་དགོཔ་དེ་ རྡོ་རྗེ བརྡ་འཕྲིན་སྒྲིང་སྒྲི་ཅིག་ ཐོ་བཀོད་མ་འབད་བར་ལུས་མི་ བརྡ་ལམ་གྱི་ནང་དུ་གནས་ཚུལདེ་གི་ གླུ་དབྱངས བཏང་ཡོད་པའི་གནས་ཚུལ།,166,41
གཅིག་སྒྲིལ་ཞབས་ཏོག་ བརྡ་ལམ་གྱི་ནང་དུ་གནས་ཚུལབརྡ་འཕྲིན་སྒྲིང་སྒྲི་ཅིག་ གཞུང་རྒྱུན ཐོ་བཀོད་མ་འབད་བར་ལུས་མི་ སྤྱི་ལོ་༢༠༣༠ བརྡ་ལམ་གྱི་ནང་དུ་གནས་ཚུལབཏང་ཡོད་པའི་གནས་ཚུལ།,163,38
པདྨ་དབང་ཕྱུག་གིས་ བརྡ་ལམ་གྱི་ནང་དུ་གནས་ཚུལ,42,11
དགེ་ལེགས་ཕུག་ལུ་ རྒྱལ་སྤྱི་གནམ་གྲུ་ཐང་རྐྱབ་ནིའི་ ལཱ་འགོ་བཙུགས་ཡོདཔ།,67,15
དགེ་ལེགས་ཕུག་ལུ་ རྒྱལ་སྤྱི་གནམ་གྲུ་ཐང་རྐྱབ་ནི་ འགོ་བཙུགས་ཡོདཔ་བཞིན་དུ་ ལས་འགུལ་གོ་རིམ་༡ པའི་ ཆ་ཤས་ལས་སྣ་ཅིག་སྦེ་ གནམ་གྲུ་རྒྱུག་འགྲན་གྱི་ ས་ཆ་སེལ་བའི་བསྒང་ཡོདཔ་ཨིན་པས།,166,41
གནམ་གྲུ་ཐང་རྐྱབ་ནི་གི་ བརྡ་ལམ་གྱི་ནང་དུ་གནས་ཚུལཔའི་ནང་ལས་ ཆོས་ལྡན་ སྟོངམ་ཐོན་ཡོདཔ་ལས་ གནས་གོང་ཆེ་བའི་ བརྡ་ལམ་གྱི་ནང་དུ་གནས་ཚུལདེ་ལས་ གནས་འཁོར དོ་འགྲན་འབད་དོ་ཡོདཔ་ཨིན་པས།,169,42
གནམ་གྲུ་ཐང་རྐྱབ་ནི་གི་ ཤིང་རིགས་ཅིག་ཨིནམ་བཞིན་དུ་ བརྡ་ལམ་གྱི་ནང་དུ་གནས་ཚུལསྟོངམ་ཐོན་ཡོདཔ་ལས་ ཆོས་ལྡན་ གནས་གོང་ཆེ་བའི་ སྦོ་ལོགས་ཁར་ལྷོད་ཡོདཔ་བཞིན་དུ་ བརྡ་ལམ་གྱི་ནང་དུ་གནས་ཚུལདོ་འགྲན་འབད་དོ་ཡོདཔ་ཨིན་པས།,200,48
ལས་སྡེའི་འགོ་དཔོན་ཚུ་དང་འཁྲིལ་བ་ཅིན་ བརྡ་ལམ་གྱི་ནང་དུ་གནས་ཚུལསྦོ་ལོགས་ཁར་ལྷོད་ཡོདཔ་བཞིན་དུ་ བཀྲ་ཤིས ཊི་བི་གི་ཀེ་བཱལ་ མཐོངམ་ཨིན་པས།,130,32
གླངམོ་ཆེ་གིས་ བརྡ་ལམ་གྱི་ནང་དུ་གནས་ཚུལགནམ་གྲུ་ཐང་རྐྱབ་མི་ ཁྱི བཏོན་དོ་ཡོདཔ་ཨིན་པས།,82,20
ལས་སྡེའི་འགོ་དཔོན་ཚུ་དང་འཁྲིལ་བ་ཅིན་ སྡོད་ཁྱིམ་སྟོངམ་ཡོད་མི་ནང་ བརྡ་ལམ་གྱི་ནང་དུ་གནས་ཚུལཊི་བི་གི་ཀེ་བཱལ་ ཕྱུག་མ མཐོངམ་ཨིན་པས།,125,31
གླངམོ་ཆེ་གིས་ ཅ་པའི་རིགས་ཚུ་ཡང་ བརྡ་ལམ་གྱི་ནང་དུ་གནས་ཚུལབཏོན་དོ་ཡོདཔ་ཨིན་པས།,76,19
ལས་སྡེའི་འགོ་དཔོན་ཚུ་དང་འཁྲིལ་བ་ཅིན་ འགོད་རིམ སྡོད་ཁྱིམ་སྟོངམ་ཡོད་མི་ནང་ ཚུན་ཚོད་ བརྡ་ལམ་གྱི་ནང་དུ་གནས་ཚུལ མཐོངམ་ཨིན་པས།,120,29
གླངམོ་ཆེ་གིས་ དར་ལྡན ཅ་པའི་རིགས་ཚུ་ཡང་ ཨ་ལུ་ཚུ་ བརྡ་ལམ་གྱི་ནང་དུ་གནས་ཚུལ སྡོད་ཁྱིམ་སྟོངམ་ཡོད་མི་ནང་ དབྱེ་ཞིབ ཚུན་ཚོད་ ཚེས་གྲངས་དེ་ བརྡ་ལམ་གྱི་ནང་དུ་གནས་ཚུལཅ་པའི་རིགས་ཚུ་ཡང་ གནམ་འདུས་བཞིན་དུ ཨ་ལུ་ཚུ་ ཡོདཔ་ཨིན་པས།,211,54
ལས་མི་ཅིག་གིས་ བརྡ་ལམ་གྱི་ནང་དུ་གནས་ཚུལ ཚུན་ཚོད་ གཡག ཚེས་གྲངས་དེ་ འཛུལ་ཞུགས་འབད་དགོ་པའི་ བརྡ་ལམ་གྱི་ནང་དུ་གནས་ཚུལཨ་ལུ་ཚུ་ ཆེད་གཞི ཡོདཔ་ཨིན་པས།,142,36
ལས་མི་ཅིག་གིས་ བཏོན་ཡོདཔ་ཨིན་པས།,32,8
དགེ་ལེགས་ཕུག་དྲན་ཤེས་ཁྲོམ་ཚོགས་ནང་ བརྡ་ལམ་གྱི་ནང་དུ་གནས་ཚུལཚེས་གྲངས་དེ་ དགོན་པ འཛུལ་ཞུགས་འབད་དགོ་པའི་ དྲོ་པའི་ཆུ་ཚོད་༧ བརྡ་ལམ་གྱི་ནང་དུ་གནས་ཚུལཡོདཔ་ཨིན་པས།,155,38
ལས་མི་ཅིག་གིས་ འབད་དགོས་ བཏོན་ཡོདཔ་ཨིན་པས།,42,10
དགེ་ལེགས་ཕུག་དྲན་ཤེས་ཁྲོམ་ཚོགས་ནང་ དེ་ལས་ བརྡ་ལམ་གྱི་ནང་དུ་གནས་ཚུལའཛུལ་ཞུགས་འབད་དགོ་པའི་ འཆར་སྤྱོད དྲོ་པའི་ཆུ་ཚོད་༧ རྡོག་མ་ཤིང་ཚུ་ཡང་ བརྡ་ལམ་གྱི་ནང་དུ་གནས་ཚུལབཏོན་ཡོདཔ་ཨིན་པས།,175,43
ཤིང་ཚུ་ལུ་ བརྡ་ལམ་གྱི་ནང་དུ་གནས་ཚུལཚད་གཞི་ཚུ་ ཀུན་གསལ གོ་རིམ་སྦེ་རྐྱབ་ནི་ཨིནམ་ད་ ཕོག་དོ་ཡོདཔ་བཞིན་དུ་ བརྡ་ལམ་གྱི་ནང་དུ་གནས་ཚུལ ཊིག་ ཀརྨ ཡོདཔ་ཨིན་པས།,148,38
ཤིང་ཚུ་ལུ་ སྤྱི་ཟླ་༨ བརྡ་ལམ་གྱི་ནང་དུ་གནས་ཚུལགོ་རིམ་སྦེ་རྐྱབ་ནི་ཨིནམ་ད་ གནས་འཁོར ཕོག་དོ་ཡོདཔ་བཞིན་དུ་ སྣུམ་འཁོར་གྱི་དོན་ལུ་ བརྡ་ལམ་གྱི་ནང་དུ་གནས་ཚུལ ཡོདཔ་ཨིན་པས།,161,41
གནམ་གྲུ་ཐང་དེ་ཡང་ བརྡ་ལམ་གྱི་ནང་དུ་གནས་ཚུལསྣུམ་འཁོར་གྱི་དོན་ལུ་ འཕྲུལ་ལས གཞི་རྟེན་ཚུ་ལུ་ ལས་མི་གིས་ བརྡ་ལམ་གྱི་ནང་དུ་གནས་ཚུལལཱ་འབད་མ་ཚུགས་མི་ལུ་བརྟེན་ གྲོང་ཚོ མེདཔ་བཏང་སྟེ་ཡོདཔ་ཨིན་པས།,184,46
གནམ་གྲུ་ཐང་དེ་ཡང་ ནགས་ཚལ་བསལ་ནི་དང་ བརྡ་ལམ་གྱི་ནང་དུ་གནས་ཚུལ གཞི་རྟེན་ཚུ་ལུ་ ཆོས་ལྡན་ ལས་མི་གིས་ བཏོན་ནི་ཡོད་ཟེར་ཨིན་པས།,120,32
ཆརཔ་རྐྱབ་པའི་སྐབས་ བརྡ་ལམ་གྱི་ནང་དུ་གནས་ཚུལམེདཔ་བཏང་སྟེ་ཡོདཔ་ཨིན་པས།,68,16
གནམ་གྲུ་ཐང་དེ་ཡང་ ཆོས་ལྡན་ ནགས་ཚལ་བསལ་ནི་དང་ སེལ་འབད་བའི་བསྒང་ཡོདཔ་བཞིན་དུ་ བརྡ་ལམ་གྱི་ནང་དུ་གནས་ཚུལལས་མི་གིས་ དབང་འདུས བཏོན་ནི་ཡོད་ཟེར་ཨིན་པས།,143,36
"ཆརཔ་རྐྱབ་པའི་སྐབས་ ཤེས་ཡོན་སྦྱང་ནི་ལུ་ བརྡ་ལམ་གྱི་ནང་དུ་གནས་ཚུལནགས་ཚལ་བསལ་ནི་དང་ ཆུ་སྒྲིག སེལ་འབད་བའི་བསྒང་ཡོདཔ་བཞིན་དུ་ ཤིང་ཆས་སི་ཨེཕ་ཊི་༡༤,༠༠༠ བརྡ་ལམ་གྱི་ནང་དུ་གནས་ཚུལབཏོན་ནི་ཡོད་ཟེར་ཨིན་པས།",192,47
གནམ་གྲུའི་རྒྱུག་ལམ་དེ་ བསམ་གཏན་ཐང་དང་ བརྡ་ལམ་གྱི་ནང་དུ་གནས་ཚུལལྷོད་དེ་ཡོདཔ་ད་ དཀྱིལ་ར དགེ་ལེགས་ཕུག་དྲན་ཤེས་ཁྲོམ་ཡིག་ཚང་གིས་ སྤོ་བཤུད་གྲ་སྒྲིག་འབད་དོ་ཡོདཔ་བཞིན་དུ་ བརྡ་ལམ་གྱི་ནང་དུ་གནས་ཚུལཤོང་ཚུགས་ནི་དང་ རིག་གཞུང སྒུག་དོ་ཡོདཔ་ཨིན་པས།,232,56
གནམ་གྲུའི་རྒྱུག་ལམ་དེ་ བསམ་གཏན་ཐང་དང་ གིས་ བརྡ་ལམ་གྱི་ནང་དུ་གནས་ཚུལ དགེ་ལེགས་ཕུག་དྲན་ཤེས་ཁྲོམ་ཡིག་ཚང་གིས་ འགོད་རིམ སྤོ་བཤུད་གྲ་སྒྲིག་འབད་དོ་ཡོདཔ་བཞིན་དུ་ བསལ་ཚར་དགོཔ་ད་ བརྡ་ལམ་གྱི་ནང་དུ་གནས་ཚུལ,193,48
ཕྱི་རྒྱལ་ལུ་འགྱོ་ནི་ལས་ བཀག་ཐབས་དོན་ལུ་ གཞུང་གིས་ དཔལ་འབྱོར་གྱི་ གོ་སྐབས་བཟོ་ནི།,80,19
༉ འབྲུག་པའི་ཁྱད་རིག་ཅན་དང་ ན་གཞོན་ཚུ་ ཕྱི་རྒྱལ་ལུ་འགྱོ་མིའི་གྱངས་ཁ་ ཡར་སེང་སོངམ་དང་འབྲེལ་ གཞུང་གིས་ རྒྱལ་ཁབ་ནང་ འཚོ་བའི་གནས་སྟངས་ སེམས་ཤུགས་ཅན་བཟོ་ཐབས་ལུ་ དཔལ་འབྱོར་ཡར་དྲག་གཏང་ནིའི་ གཙོ་རིམ་བཟུང་ནི་ཨིན་པས།,205,49
རྒྱལ་ཁབ་ནང་ ནགས་ཚལ ཕྱི་རྒྱལ་ལུ་འགྱོ་མི་ ལས་སྣ་ཅིག་ཨིནམ་བཞིན་དུ་ བརྡ་ལམ་གྱི་ནང་དུ་གནས་ཚུལ གཙོ་རིམ་བཟུང་དོ་ཟེར་ཨིན་པས།,116,30
འབྲུག་གི་ བརྡ་ལམ་གྱི་ནང་དུ་གནས་ཚུལའོང་འབབ་བཟོ་བ་ཨིནམ་ལས་ དབྱེ་ཞིབ བྱིན་དོ་མི་དེ་ འགན་ལེན་མེད་རུང་ བརྡ་ལམ་གྱི་ནང་དུ་གནས་ཚུལ ཐབས་བྱུས་བརྩིས་ཏེ་ ཆུ་སྒྲིག ཡོད་ཟེར་ཨིན་པས།,166,41
འབྲུག་གི་ མཁས་རིག་དང་ བརྡ་ལམ་གྱི་ནང་དུ་གནས་ཚུལབྱིན་དོ་མི་དེ་ དགེ་འདུན་པ འགན་ལེན་མེད་རུང་ འབྲུག་མི་ བརྡ་ལམ་གྱི་ནང་དུ་གནས་ཚུལ ཡོད་ཟེར་ཨིན་པས།,139,35
རྒྱལ་ཡོངས་དཔལ་འབྱོར་རེ་འདུན་ནང་ དགོངས་ཞུ་འབད་དེ་ བརྡ་ལམ་གྱི་ནང་དུ་གནས་ཚུལརྒྱལ་ཁབ་སྟོངམ་ཐོན་མི་ལུ་ དཀྱིལ་ར གོ་སྐབས་ངོས་འཛིན་འབད་ཐོག་ལས་ བརྒྱ་ཆ་༢༢ བརྡ་ལམ་གྱི་ནང་དུ་གནས་ཚུལརྒྱལ་ཡོངས་དཔལ་འབྱོར་རེ་འདུན་ནང་ རྒྱུ་དཀའ།,210,50
འཐུས་མི་གིས་ བརྡ་ལམ་གྱི་ནང་དུ་གནས་ཚུལགཞི་སྒྱུར་གྱི་ གར་རྩལ དྲག་ཤོས་ཅིག་ཨིན་ཟེར་ ལོག་འཛུལ་ཞུངས་འབད་ནི་བརྩིས་ཏེ་ བརྡ་ལམ་གྱི་ནང་དུ་གནས་ཚུལམི་དབང་མཆོག་གིས་ གནས་འཁོར ཨིན་མས་ཟེར་ཨིན་པས།,179,43
འཐུས་མི་གིས་ ཡར་སེང་འགྱོ་ནི་སྦེ་ བརྡ་ལམ་གྱི་ནང་དུ་གནས་ཚུལ དྲག་ཤོས་ཅིག་ཨིན་ཟེར་ རྫོང་ཁ ལོག་འཛུལ་ཞུངས་འབད་ནི་བརྩིས་ཏེ་ དཔལ་འབྱོར་དེ་ བརྡ་ལམ་གྱི་ནང་དུ་གནས་ཚུལཨིན་མས་ཟེར་ཨིན་པས།,173,43
ཚ་ཆུའི་ས་ཁོངས་ནང་ བྱ་ངན་འབད་མི་ཡར་སེང་།,39,12
དམིགས་བསལ་དུ་ ནགས་ཚལ ཚ་ཆུ་ལེ་ཤ་ཡོདཔ་ཨིན་པས།,43,12
ཚ་ཆུ་ཡང་ འཕྲལ་ཁམས་ཀྱི་ བརྡ་ལམ་གྱི་ནང་དུ་གནས་ཚུལ སྨན་བཅོས་དང་ གཤེས་ཚན མི་སྡེ་ཚུ་ལུ་ ཆུ་སྦུག་ཚ་ཆུ་རྐྱངམ་གཅིག་མེན་པར་ བརྡ་ལམ་གྱི་ནང་དུ་གནས་ཚུལཚ་ཆུ་ལེ་ཤ་ཡོདཔ་ཨིན་པས།,161,43
དེ་བཟུམ་སྦེ་ བརྡ་ལམ་གྱི་ནང་དུ་གནས་ཚུལ སློབ་ཕྲུག་དང་ གཡག མི་སྡེ་ནང་ དཀའ་ངལ་དེ་ བརྡ་ལམ་གྱི་ནང་དུ་གནས་ཚུལསློབ་གྲྭ་དང་ རྫོང བཙུགས་ཡོདཔ་ཨིན་པས།,138,34
དེ་བཟུམ་སྦེ་ དགེ་ལེགས་ཕུག་དང་ བརྡ་ལམ་གྱི་ནང་དུ་གནས་ཚུལ མི་སྡེ་ནང་ དར་ལྡན དཀའ་ངལ་དེ་ གནད་དོན་ཚུ་ཡང་ བརྡ་ལམ་གྱི་ནང་དུ་གནས་ཚུལབཙུགས་ཡོདཔ་ཨིན་པས།,141,36
ཨིན་རུང་ བརྡ་ལམ་གྱི་ནང་དུ་གནས་ཚུལཐིམ་ཕུག་ཁྲོམ་སྡེ་དང་ ཨེ་མ་དར་ཚི དེད་གཡོགཔ་ བུམ་ཐང་དུར་ཚ་ཆུ་ བརྡ་ལམ་གྱི་ནང་དུ་གནས་ཚུལགྱངས་ཁ་ཡར་སོང་ཡོདཔ་ལས་ དགོན་པ བགོ་བཀྲམ་འབད་ཡོདཔ་ཨིན་པས།,172,44
ཨིན་རུང་ ཚ་ཆུ་སྦང་མིའི་ བརྡ་ལམ་གྱི་ནང་དུ་གནས་ཚུལདེད་གཡོགཔ་ འཕྲུལ་ལས བུམ་ཐང་དུར་ཚ་ཆུ་ ཨིན་པའི་གནས་ཚུལ།,101,25
བརྡ་ལམ་གྱི་ནང་དུ་གནས་ཚུལབགོ་བཀྲམ་འབད་ཡོདཔ་ཨིན་པས།,49,12
ཨིན་རུང་ ལས་བཟོ ཚ་ཆུ་སྦང་མིའི་ དབང་འདུས་ཕོ་བྲང་ བརྡ་ལམ་གྱི་ནང་དུ་གནས་ཚུལབུམ་ཐང་དུར་ཚ་ཆུ་ གར་རྩལ ཨིན་པའི་གནས་ཚུལ།,112,29
ཐིམ་ཕུག་ཁྲིམ་དང་ བརྡ་ལམ་གྱི་ནང་དུ་གནས་ཚུལཚ་ཆུ་སྦང་མིའི་ འབད་དགོས་ དབང་འདུས་ཕོ་བྲང་ བྱ་ངན་དང་ བརྡ་ལམ་གྱི་ནང་དུ་གནས་ཚུལཨིན་པའི་གནས་ཚུལ།,133,33
ཐོབ་ལམ་ཚུ་བྱིན་དགོཔ་སྦེ་ རྡོ་རྗེ རྒྱལ་གཞུང་འབྲུག་གི་འགག་སྡེ་གིས་ བཀའ་གནང་ཡོདཔ་ཨིན་པས།,85,20
འདི་བཟུམ་གྱི་ བརྡ་ལམ་གྱི་ནང་དུ་གནས་ཚུལ བྱུང་ཡོདཔ་ད་ ཧི་མ་ལ་ཡ ཀ་ཀ་ཚེ་རིང་གིས་ རྒྱབ་སྣོན་ཚུ་ཡང་ བརྡ་ལམ་གྱི་ནང་དུ་གནས་ཚུལརྒྱལ་གཞུང་འབྲུག་གི་འགག་སྡེ་གིས་ ཚེས་བཅུ བཀའ་གནང་ཡོདཔ་ཨིན་པས།,178,46
འདི་བཟུམ་གྱི་ འཐུས་ནི་ཨིནམ་ད་ བརྡ་ལམ་གྱི་ནང་དུ་གནས་ཚུལཀ་ཀ་ཚེ་རིང་གིས་ དབྱེ་ཞིབ རྒྱབ་སྣོན་ཚུ་ཡང་ བཀོད་ཁྱབ་གཙོ་འཛིན་ བརྡ་ལམ་གྱི་ནང་དུ་གནས་ཚུལབཀའ་གནང་ཡོདཔ་ཨིན་པས།,159,39
ཨིན་རུང་ བརྡ་ལམ་གྱི་ནང་དུ་གནས་ཚུལཁྲིམས་མཐུན་ཨིནམ་ལས་ ཆོས་ལྡན་ ཁག་འབག་གན་ཡིག་དང་འཁྲིལ་ གྲུབ་འབྲས་ཚུ་ཡང་ བརྡ་ལམ་གྱི་ནང་དུ་གནས་ཚུལགཞི་རྟེན་ག་ནི་ཡང་མེད་པར་ འབྲུག་གི་གནས་ཚུལ འབད་མ་བཏུབ་ཟེར་ཨིན་པས།,191,47
ཨིན་རུང་ ཚུལ་མཐུན་མེད་མི་དེ་ བརྡ་ལམ་གྱི་ནང་དུ་གནས་ཚུལ ཁག་འབག་གན་ཡིག་དང་འཁྲིལ་ གཡག གྲུབ་འབྲས་ཚུ་ཡང་ ཚུལ་ལྡན་བསྟར་སྤྱོད་འབད་ཡོདཔ་སྦེ་ཨིན་པས།,138,34
བཀོད་ཚོགས་ཀྱིས་ བརྡ་ལམ་གྱི་ནང་དུ་གནས་ཚུལའབད་མ་བཏུབ་ཟེར་ཨིན་པས།,62,15
ཨིན་རུང་ སྟག་ཚང ཚུལ་མཐུན་མེད་མི་དེ་ ཕྱིར་བཏོན་བཏང་ཡོདཔ་བཞིན་དུ་ བརྡ་ལམ་གྱི་ནང་དུ་གནས་ཚུལགྲུབ་འབྲས་ཚུ་ཡང་ དགྲ་ཁྲོད་ཕུག ཚུལ་ལྡན་བསྟར་སྤྱོད་འབད་ཡོདཔ་སྦེ་ཨིན་པས།,157,37
བཀོད་ཚོགས་ཀྱིས་ བཀོད་ཡོདཔ་ཨིན་པས།,33,7
ཁོ་གིས་ བརྡ་ལམ་གྱི་ནང་དུ་གནས་ཚུལ ཚུལ་མཐུན་མེད་མི་དེ་ འབྲུག ཕྱིར་བཏོན་བཏང་ཡོདཔ་བཞིན་དུ་ འབད་བ་ཅིན་ བརྡ་ལམ་གྱི་ནང་དུ་གནས་ཚུལཚུལ་ལྡན་བསྟར་སྤྱོད་འབད་ཡོདཔ་སྦེ་ཨིན་པས།,161,39
བཀོད་ཚོགས་ཀྱིས་ ཆེད་གཞི བཀོད་ཡོདཔ་ཨིན་པས།,41,9
ཁོ་གིས་ ཟླ་༢ བརྡ་ལམ་གྱི་ནང་དུ་གནས་ཚུལཕྱིར་བཏོན་བཏང་ཡོདཔ་བཞིན་དུ་ ཉེས་ཚོགས འབད་བ་ཅིན་ ལས་འཛིན་གྱི་མིང་གཏམ་མེདཔ་བཏང་པའི་གུ་ བརྡ་ལམ་གྱི་ནང་དུ་གནས་ཚུལབཀོད་ཡོདཔ་ཨིན་པས།,163,40
རྒྱལ་ཡོངས་ཚོགས་འདུ་གིས་ བསྐྱར་ཞིབ་ཚོགས་ཁང་གི་ གྲོས་འདེབས་ཆ་མེད།,63,14
༉ ཁ་ཙ་ རྒྱལ་ཡོངས་ཚོགས་འདུའི་ནང་ འཆར་དངུལ་དཔྱ་བགོའི་དཔྱད་ཡིག་༢༠༢༥-༢༦ དང་ རྩིས་ལོ་༢༠༢༤-༢༥ གི་ ལྷན་ཐབས་འཆར་དངུལ་དཔྱ་བགོའི་དཔྱད་ཡིག་གུ་ བསྐྱར་གྲོས་གནང་ཐོག་ལས་ གཏན་འཇགས་ཚོགས་ཁང་གིས་ གྲོས་འདེབས་ཕུལ་མི་ག་ར་ ཆ་མེདཔ་བཏང་ཡོདཔ་ཨིན་པས།,223,51
ཞུ་མིའི་ནང་ ཆུ་སྒྲིག དབང་ཚད་ཕྱིར་སྤེལ་ པའི་ནང་ བརྡ་ལམ་གྱི་ནང་དུ་གནས་ཚུལ འགྱོ་ནི་མས་ཟེར་ཨིན་པས།,94,24
རྒྱལ་ཡོངས་ཚོགས་སྡེ་གིས་ བརྡ་ལམ་གྱི་ནང་དུ་གནས་ཚུལདང་ རྫོང་ཁ དངུལ་ཀྲམ་ས་ཡ་༩༤ འཐུས་མི་རེ་ལུ་ གཙོ་རིམ་གོང་འཕེལ་མ་དངུལ་ བརྡ་ལམ་གྱི་ནང་དུ་གནས་ཚུལ བཀོད་མིའི་ནང་ འབྲུག གྲོས་བསྟུན་འབད་ཡི་ཟེར་ཨིན་པས།,189,47
རྒྱལ་ཡོངས་ཚོགས་སྡེ་གིས་ གི་ བརྡ་ལམ་གྱི་ནང་དུ་གནས་ཚུལདངུལ་ཀྲམ་ས་ཡ་༩༤ སངས་རྒྱས་ཆོས འཐུས་མི་རེ་ལུ་ གཙོ་རིམ་གོང་འཕེལ་མ་དངུལ་ ངོས་ལེན་འབད་ཡི་ཟེར་ཨིན་པས།,147,37
རྒྱལ་ཡོངས་ཚོགས་སྡེ་གིས་ བརྡ་ལམ་གྱི་ནང་དུ་གནས་ཚུལ གྲོས་བསྟུན་འབད་ཡི་ཟེར་ཨིན་པས།,78,19
རྒྱལ་ཡོངས་ཚོགས་སྡེ་གིས་ གནམ་འདུས་བཞིན་དུ གི་ ཡར་སེང་འབད་ནི་ཡང་ བརྡ་ལམ་གྱི་ནང་དུ་གནས་ཚུལའཐུས་མི་རེ་ལུ་ གཙོ་རིམ་གོང་འཕེལ་མ་དངུལ་ ཚེས་བཅུ ངོས་ལེན་འབད་ཡི་ཟེར་ཨིན་པས།,161,40
རྒྱལ་ཡོངས་ཚོགས་སྡེ་གིས་ བཀའ་གྲོལ་གྱི་དོན་ལས་ བརྡ་ལམ་གྱི་ནང་དུ་གནས་ཚུལགི་ ཕྱུག་མ ཡར་སེང་འབད་ནི་ཡང་ ཡོདཔ་ཨིན་པས།,110,27
དཔྱད་ཡིག་དེ་ཡང་ བརྡ་ལམ་གྱི་ནང་དུ་གནས་ཚུལ ངོས་ལེན་འབད་ཡི་ཟེར་ཨིན་པས།,67,18
རྒྱལ་ཡོངས་ཚོགས་སྡེ་གིས་ ཕྱུག་མ བཀའ་གྲོལ་གྱི་དོན་ལས་ རང་འཇགས་བཞག་ནི་སྦེ་ བརྡ་ལམ་གྱི་ནང་དུ་གནས་ཚུལཡར་སེང་འབད་ནི་ཡང་ རྫོང་ཁ ཡོདཔ་ཨིན་པས།,133,33
དཔྱད་ཡིག་དེ་ཡང་ དེ་ཅིག་ བརྡ་ལམ་གྱི་ནང་དུ་གནས་ཚུལབཀའ་གྲོལ་གྱི་དོན་ལས་ ཁྱི རང་འཇགས་བཞག་ནི་སྦེ་ བསྐྱར་གྲོས་གནང་ཐོག་ལས་ བརྡ་ལམ་གྱི་ནང་དུ་གནས་ཚུལཡོདཔ་ཨིན་པས།,152,37
བསྐྱར་ཞིབ་ཚོགས་ཁང་གིས་འབད་བ་ཅིན་ བརྡ་ལམ་གྱི་ནང་དུ་གནས་ཚུལའཆར་གཞི་ལས་སྣ་ཚུ་ ཨེ་མ་དར་ཚི གཙོ་རིམ་གོང་འཕེལ་མ་དངུལ་འོག་ལུ་ གྲོས་འདེབས་ག་ར་ བརྡ་ལམ་གྱི་ནང་དུ་གནས་ཚུལགཞི་བཙུགས་འབད་ནི་དེ་ གྲོང་ཚོ ཡོདཔ་ཨིན་པས།,199,51
བསྐྱར་ཞིབ་ཚོགས་ཁང་གིས་འབད་བ་ཅིན་ གྲོས་འདེབས་བཀོད་མི་དེ་ཡང་ བརྡ་ལམ་གྱི་ནང་དུ་གནས་ཚུལགཙོ་རིམ་གོང་འཕེལ་མ་དངུལ་འོག་ལུ་ འབྲུག་གི་གནས་ཚུལ གྲོས་འདེབས་ག་ར་ རེ་ བརྡ་ལམ་གྱི་ནང་དུ་གནས་ཚུལ,176,44
གཞུང་གིས་ རྒན་ཤོས་ཚུ་གི་དོན་ལུ་ སྡོད་ཁྱིམ་རྐྱབ་ནིའི་ འཆར་གཞི་མེདཔ།,66,15
༉ ཁ་ཙ་ རྒྱལ་ཡོངས་ཚོགས་འདུའི་ནང་ བློན་ཆེན་ཚེ་རིང་སྟོབས་རྒྱས་ཀྱིས་ འབྲུག་ལུ་ རྒན་ཤོས་ཀྱི་གྱངས་ཁ་ཡར་སེང་འགྱོ་བའི་སྐོར་ལས་ ཞུ་ཡོདཔ་བཞིན་དུ་ གལ་སྲིད་ ད་ལྟོའི་མི་རློབས་ འཕྲོ་མཐུད་དེ་ར་ གནས་པ་ཅིན་ གདོན་ལེན་འབྱུང་ནིའི་ ཉེན་བརྡ་འབད་ཡི།,226,53
རྒན་ཤོས་ཚུ་གི་དོན་ལུ་ རིག་གཞུང ཡར་སེང་སོང་ནུག་ཟེར་ཨིན་པས།,57,15
གསོ་བའི་འཕྲོ་བསྟེན་དང་ ཟད་འགྲོ་བཏང་སྟེ་ བརྡ་ལམ་གྱི་ནང་དུ་གནས་ཚུལ གཞུང་གིས་ དར་ལྡན མི་རློབས་རྒན་ཤོས་རྐྱངམ་གཅིག་ཐོན་པ་ཅིན་ སྤྱི་ལོ་༢༠༡༤ བརྡ་ལམ་གྱི་ནང་དུ་གནས་ཚུལཡར་སེང་སོང་ནུག་ཟེར་ཨིན་པས།,184,45
ཨིན་རུང་ བརྡ་ལམ་གྱི་ནང་དུ་གནས་ཚུལ བདག་འཛིན་འབད་དེ་ ཤེས་ཡོན གདོན་ལེན་འབྱུང་ནིའི་ གནས་སྟངས་ལུ་ བརྡ་ལམ་གྱི་ནང་དུ་གནས་ཚུལའབྲུག་ལུ་ བཀྲ་ཤིས བདག་འཛིན་འཐབ་མི་ལུ་བརྟེན་ཨིན་མས་ཟེར་ཞུ་ཡི།,177,43
ཨིན་རུང་ བཟའ་འཐུང་དང་ བརྡ་ལམ་གྱི་ནང་དུ་གནས་ཚུལགདོན་ལེན་འབྱུང་ནིའི་ བཀྲ་ཤིས གནས་སྟངས་ལུ་ འཐོབ་ཚུགསཔ་བཟོ་དོ་ཡོདཔ་ཨིན་པས།,118,27
དབང་པོ་སྐྱོན་ཅན་གྱི་ བརྡ་ལམ་གྱི་ནང་དུ་གནས་ཚུལབདག་འཛིན་འཐབ་མི་ལུ་བརྟེན་ཨིན་མས་ཟེར་ཞུ་ཡི།,87,22
ཨིན་རུང་ འཕྲུལ་ལས བཟའ་འཐུང་དང་ གལ་སྲིད་ བརྡ་ལམ་གྱི་ནང་དུ་གནས་ཚུལགནས་སྟངས་ལུ་ གཡག འཐོབ་ཚུགསཔ་བཟོ་དོ་ཡོདཔ་ཨིན་པས།,111,26
དབང་པོ་སྐྱོན་ཅན་གྱི་ རིན་མེད་སྟོང་པའི་ཁར་ བརྡ་ལམ་གྱི་ནང་དུ་གནས་ཚུལབཟའ་འཐུང་དང་ དབྱེ་གཞི གལ་སྲིད་ ༉ བརྡ་ལམ་གྱི་ནང་དུ་གནས་ཚུལའཐོབ་ཚུགསཔ་བཟོ་དོ་ཡོདཔ་ཨིན་པས།,153,37
བློན་ཆེན་གྱིས་ བརྡ་ལམ་གྱི་ནང་དུ་གནས་ཚུལདགེ་སློང་བགྲེསཔ་༢༦ ཧི་མ་ལ་ཡ སྡོད་ཁྱིམ་རྐྱབ་ནིའི་དོན་ལུ་ ད་ལྟོའི་ བརྡ་ལམ་གྱི་ནང་དུ་གནས་ཚུལ སྤྱིར་སྙོམས་ལུ་ གནམ་འདུས་བཞིན་དུ དྲི་དཔྱད་འབད་ཡི།,178,43
བློན་ཆེན་གྱིས་ མི་མང་སྐྱེལ་འདྲེན་གྱི་ བརྡ་ལམ་གྱི་ནང་དུ་གནས་ཚུལསྡོད་ཁྱིམ་རྐྱབ་ནིའི་དོན་ལུ་ མོག་མོག ད་ལྟོའི་ གདོང་ལེན་འབྱུང་ནི་ཨིནམ་ལས་ བརྡ་ལམ་གྱི་ནང་དུ་གནས་ཚུལ དྲི་དཔྱད་འབད་ཡི།,175,41
སྤྱི་ལོ་༢༠༤༧ བརྡ་ལམ་གྱི་ནང་དུ་གནས་ཚུལཚེ་ཚད་ཡང་ དར་ལྡན ལཱ་འབད་བར་སོང་སྟེ་ ཡོདཔ་ཨིན་པས།,85,22
སྲིད་བྱུས་ཀྱི་ཐད་ལུ་ བརྡ་ལམ་གྱི་ནང་དུ་གནས་ཚུལ དེ་བཟུམ་མའི་ དབྱེ་གཞི བློན་ཆེན་གྱིས་ཞུ་ཡི།,88,22
སྤྱི་ལོ་༢༠༤༧ རྒན་ཤོས་ཀྱི་གྱངས་ཁ་ཡར་སེང་འགྱོ་བའི་སྐོར་ལས་ བརྡ་ལམ་གྱི་ནང་དུ་གནས་ཚུལལཱ་འབད་བར་སོང་སྟེ་ ཧི་མ་ལ་ཡ ཡོདཔ་ཨིན་པས།,121,32
སྲིད་བྱུས་ཀྱི་ཐད་ལུ་ བསྒྱུར་ཡོདཔ་ལས་ བརྡ་ལམ་གྱི་ནང་དུ་གནས་ཚུལབློན་ཆེན་གྱིས་ཞུ་ཡི།,81,19
སྤྱི་ལོ་༢༠༤༧ ནགས་ཚལ རྒན་ཤོས་ཀྱི་གྱངས་ཁ་ཡར་སེང་འགྱོ་བའི་སྐོར་ལས་ ཡུན་བརྟན་གོང་འཕེལ་གྱི་འཆར་གཞི་ཚུ་ བརྡ་ལམ་གྱི་ནང་དུ་གནས་ཚུལ ཡོདཔ་ཨིན་པས།,135,34
རྒྱལ་ཡོངས་ཚོགས་སྡེ་གིས་ ནང་ཁྲལ་དང་ འོང་འབབ་ཁྲལ་གྱི་དཔྱད་ཡིག་ ཆ་འཇོག་འབད་ཡོདཔ།,77,18
༉ རྒྱལ་ཡོངས་ཚོགས་སྡེ་གིས་ ནང་ཁྲལ་གྱི་དཔྱད་ཡིག་དང་ འོང་འབབ་ཁྲལ་གྱི་དཔྱད་ཡིག་གི་ གྲོས་འདེབས་མཐའ་བཅད་ཆ་འཇོག་གནང་སྟེ་ བསྐྱར་ཞིབ་ཀྱི་དོན་ལུ་ ལོག་རྒྱལ་ཡོངས་ཚོགས་འདུ་ནང་ བཏང་ནི་ཨིན་པས།,177,42
གསལ་ཞུ་འབད་ནིའི་དོན་ལུ་ དར་ལྡན ག་ར་གིས་ བཀལ་དགོ་པའི་ཁར་ བརྡ་ལམ་གྱི་ནང་དུ་གནས་ཚུལ གྲོས་འདེབས་ཕུལ་ཡོདཔ་ཨིན་པས།,108,28
ནང་ཁྲལ་དཔྱད་ཡིག་གི་ བརྡ་ལམ་གྱི་ནང་དུ་གནས་ཚུལགིས་ ཁྱི ཁ་སྡེ་ནང་འཀོད་དོན་ལྟར་ པ་དང་འཁྲིལ་ བརྡ་ལམ་གྱི་ནང་དུ་གནས་ཚུལརེ་ བསོད་ནམས་ བཟོ་ཡོདཔ་ཨིན་པས།,142,35
ནང་ཁྲལ་དཔྱད་ཡིག་གི་ སྤྲོད་དགོཔ་སྦེ་ཡོདཔ་ཨིན་པས།,47,11
ནང་ཁྲལ་དཔྱད་ཡིག་ནང་ བརྡ་ལམ་གྱི་ནང་དུ་གནས་ཚུལཁ་སྡེ་ནང་འཀོད་དོན་ལྟར་ ལས་བཟོ པ་དང་འཁྲིལ་ དེ་ཡང་ བརྡ་ལམ་གྱི་ནང་དུ་གནས་ཚུལབཟོ་ཡོདཔ་ཨིན་པས།,133,34
ནང་ཁྲལ་དཔྱད་ཡིག་གི་ ཀུན་གསལ སྤྲོད་དགོཔ་སྦེ་ཡོདཔ་ཨིན་པས།,55,13
ནང་ཁྲལ་དཔྱད་ཡིག་ནང་ འོང་འབབ་ཁྲལ་གཉིས་ཆ་ར་ བརྡ་ལམ་གྱི་ནང་དུ་གནས་ཚུལཔ་དང་འཁྲིལ་ དར་ལྡན དེ་ཡང་ དངུལ་གྱི་ཚད་གཞི་ཟེརཝ་མེད་པར་ བརྡ་ལམ་གྱི་ནང་དུ་གནས་ཚུལསྤྲོད་དགོཔ་སྦེ་ཡོདཔ་ཨིན་པས།,172,43
ནང་ཁྲལ་དཔྱད་ཡིག་ནང་ སྟག་ཚང འོང་འབབ་ཁྲལ་གཉིས་ཆ་ར་ འོང་འབབ་ཁྲལ་གྱི་དཔྱད་ཡིག་གི་ བརྡ་ལམ་གྱི་ནང་དུ་གནས་ཚུལདེ་ཡང་ འབད་དགོས་ དངུལ་གྱི་ཚད་གཞི་ཟེརཝ་མེད་པར་ བཏང་ནི་ཨིན་པས།,162,41
རྒྱལ་ཡོངས་ཚོགས་སྡེ་གིས་ བརྡ་ལམ་གྱི་ནང་དུ་གནས་ཚུལའོང་འབབ་ཁྲལ་གཉིས་ཆ་ར་ འབྲུག་འཕྲིན་གླིང་ འོང་འབབ་ཁྲལ་གྱི་དཔྱད་ཡིག་གི་ གཞུང་གིས་ བརྡ་ལམ་གྱི་ནང་དུ་གནས་ཚུལདངུལ་གྱི་ཚད་གཞི་ཟེརཝ་མེད་པར་ གར་རྩལ བཏང་ནི་ཨིན་པས།,201,48
རྒྱལ་ཡོངས་ཚོགས་སྡེ་གིས་ འབད་ནི་ཨིན་ཟེར་ཨིན་པས།,46,11
དཔྱད་ཡིག་གཉིས་དང་སྦྲགས་ བརྡ་ལམ་གྱི་ནང་དུ་གནས་ཚུལའོང་འབབ་ཁྲལ་གྱི་དཔྱད་ཡིག་གི་ དབྱེ་ཞིབ གཞུང་གིས་ དཔྱད་ཡིག་ཚུ་ བརྡ་ལམ་གྱི་ནང་དུ་གནས་ཚུལབཏང་ནི་ཨིན་པས།,147,35
རྒྱལ་ཡོངས་ཚོགས་སྡེ་གིས་ སྤ་རོ འབད་ནི་ཨིན་ཟེར་ཨིན་པས།,52,13
དཔྱད་ཡིག་གཉིས་དང་སྦྲགས་ བཙུགས་པའི་ཉིནམ་ལས་འགོ་བཙུགས་ བརྡ་ལམ་གྱི་ནང་དུ་གནས་ཚུལགཞུང་གིས་ སྟག་ཚང དཔྱད་ཡིག་ཚུ་ བཅའ་ཁྲིམས་ག་ཅི་ར་འབད་རུང་ བརྡ་ལམ་གྱི་ནང་དུ་གནས་ཚུལའབད་ནི་ཨིན་ཟེར་ཨིན་པས།,179,43
དཔྱད་ཡིག་གཉིས་དང་སྦྲགས་ འབྲས བཙུགས་པའི་ཉིནམ་ལས་འགོ་བཙུགས་ ཆ་འཇོག་གྲུབ་ཡོདཔ་ཨིན་པས།,82,18
ཁྲལ་བཏབ་ནི་ཕྱིས་ཏེ་ བརྡ་ལམ་གྱི་ནང་དུ་གནས་ཚུལ དཔྱད་ཡིག་ཚུ་ འབྲུག་འཕྲིན་གླིང་ བཅའ་ཁྲིམས་ག་ཅི་ར་འབད་རུང་ དུས་རྫོགས་ཀྱི་ནང་འཁོད་ལུ་ བརྡ་ལམ་གྱི་ནང་དུ་གནས་ཚུལབཙུགས་པའི་ཉིནམ་ལས་འགོ་བཙུགས་ འབྲས ཆ་འཇོག་གྲུབ་ཡོདཔ་ཨིན་པས།,210,50
ཁྲལ་བཏབ་ནི་ཕྱིས་ཏེ་ བསྒྱུར་བཅོས་འབད་ཡོདཔ་ཨིན་པས།,48,11
ཚོགས་སྡེ་གིས་ བརྡ་ལམ་གྱི་ནང་དུ་གནས་ཚུལ,38,10
རྒྱལ་ཡོངས་ཚོགས་སྡེའི་ནང་ ལྟ་བཤལ་གཞི་སྒྱུར་གུ་ གསུང་གྲོས་རྩོད་བསྡུར་ཅན།,70,15
ཁ་ཙ་ རྒྱལ་ཡོངས་ཚོགས་སྡེ་གིས་ ལྟ་བཤལ་གཞི་སྒྱུར་གུ་ གྲོས་འདེབས་གཙོ་བོ་༥ རྒྱབ་སྐྱོར་འབད་ཡོདཔ་བཞིན་དུ་ དཔལ་འབྱོར་ཚོགས་ཆུང་ལུ་ འཐུས་མི་ཚུ་གིས་ ཁ་སྐོང་གྲོས་འདེབས་༢ ཕུལ་མི་ བསྐྱར་ཞིབ་འབད་དགོ་པའི་ བཀའ་རྒྱ་གནང་ནུག།,205,48
གནམ་གྲུའི་གླ་ཆ་ རྫོང་ཁ ཡུན་བརྟན་གོང་འཕེལ་དངུལ་སྤྲོད་ ཧ་གོ་ཚུགསཔ་སྦེ་ བརྡ་ལམ་གྱི་ནང་དུ་གནས་ཚུལ ལྟ་བཤལ་ལས་སྡེའི་གཞུང་སྐྱོང་དང་འབྲེལ་བའི་ རྒྱུ་དཀའ།,144,34
རྒྱལ་ཡོངས་ཚོགས་སྡེ་གིས་ བརྡ་ལམ་གྱི་ནང་དུ་གནས་ཚུལཕུལ་མི་ དར་ལྡན བརྩམ་ནི་མེན་པར་ སྒོ་བསྡམས་ཡོད་པའི་ བརྡ་ལམ་གྱི་ནང་དུ་གནས་ཚུལ ཆ་མེད་བཏང་ཡོདཔ་ད་ ཆོག་མི་སྡུད ཁེ་ཕན་ཐོབ་སྟེ་འདུག་ཟེར་ཨིན་པས།,183,46
རྒྱལ་ཡོངས་ཚོགས་སྡེ་གིས་ ཆ་འཇོག་གནང་ནི་ཨིན་པའི་གནས་ཚུལ།,54,13
བརྡ་ལམ་གྱི་ནང་དུ་གནས་ཚུལ བརྩམ་ནི་མེན་པར་ རྩོམ་རིག སྒོ་བསྡམས་ཡོད་པའི་ ལྟ་བཤལ་གནས་སྟངས་ཀྱི་ བརྡ་ལམ་གྱི་ནང་དུ་གནས་ཚུལཁེ་ཕན་ཐོབ་སྟེ་འདུག་ཟེར་ཨིན་པས།,144,36
རྒྱལ་ཡོངས་ཚོགས་སྡེ་གིས་ སྟག་ཚང ཆ་འཇོག་གནང་ནི་ཨིན་པའི་གནས་ཚུལ།,61,15
ཡར་དྲག་གཏང་དགོ་པའི་ བརྡ་ལམ་གྱི་ནང་དུ་གནས་ཚུལསྒོ་བསྡམས་ཡོད་པའི་ འབྲུག ལྟ་བཤལ་གནས་སྟངས་ཀྱི་ ཐོ་ཕོག་ཉེན་སྐོར་ལས་ བརྡ་ལམ་གྱི་ནང་དུ་གནས་ཚུལཆ་འཇོག་གནང་ནི་ཨིན་པའི་གནས་ཚུལ།,164,40
ནགས་ཚལ ཡར་དྲག་གཏང་དགོ་པའི་ སྡོད་བཅུག་ཐབས་ལུ་ བརྡ་ལམ་གྱི་ནང་དུ་གནས་ཚུལལྟ་བཤལ་གནས་སྟངས་ཀྱི་ རྫོང ཐོ་ཕོག་ཉེན་སྐོར་ལས་ མ་འགྱོ་བར་ཡོདཔ་ད་ བརྡ་ལམ་གྱི་ནང་དུ་གནས་ཚུལཡར་དྲག་གཏང་དགོ་པའི་ མདའ་རྩེད སྡོད་བཅུག་ཐབས་ལུ་ སྙན་ཞུ་འབད་དགོ་ཟེར་ཨིན་པས།,230,57
ཚོགས་སྡེ་གིས་ བརྡ་ལམ་གྱི་ནང་དུ་གནས་ཚུལཐོ་ཕོག་ཉེན་སྐོར་ལས་ དབྱེ་ཞིབ མ་འགྱོ་བར་ཡོདཔ་ད་ གླ་ཆ་མར་ཕབ་འབད་རུང་ བརྡ་ལམ་གྱི་ནང་དུ་གནས་ཚུལསྡོད་བཅུག་ཐབས་ལུ་ ཧི་མ་ལ་ཡ སྙན་ཞུ་འབད་དགོ་ཟེར་ཨིན་པས།,182,48
ཚོགས་སྡེ་གིས་ སྒྲིག་གཞི་ཚད་ལས་བརྒལ་མི་དང་ བརྡ་ལམ་གྱི་ནང་དུ་གནས་ཚུལ མ་འགྱོ་བར་ཡོདཔ་ད་ ཀུན་གསལ གླ་ཆ་མར་ཕབ་འབད་རུང་ བརྒྱུད་དེ་ བརྡ་ལམ་གྱི་ནང་དུ་གནས་ཚུལསྙན་ཞུ་འབད་དགོ་ཟེར་ཨིན་པས།,174,45
ཚོགས་སྡེ་གིས་ ཧི་མ་ལ་ཡ སྒྲིག་གཞི་ཚད་ལས་བརྒལ་མི་དང་ ལྟ་བཤལ་བསྐྱར་གསོ་དང་ བརྡ་ལམ་གྱི་ནང་དུ་གནས་ཚུལ གླ་ཆ་མར་ཕབ་འབད་རུང་ རྡོ་རྗེ བརྒྱུད་དེ་ ཁག་ཆེ་དྲགས་ཅིག་ཨིན་ཟེར་ཨིན་པས།,166,44
བསོད་ནམས་སྟོབས་རྒྱས་ཀྱིས་ བརྡ་ལམ་གྱི་ནང་དུ་གནས་ཚུལསྒྲིག་གཞི་ཚད་ལས་བརྒལ་མི་དང་ འབྲུག་འཕྲིན་གླིང་ ལྟ་བཤལ་བསྐྱར་གསོ་དང་ གྲོས་འདེབས་༨ བརྡ་ལམ་གྱི་ནང་དུ་གནས་ཚུལབརྒྱུད་དེ་ ནགས་ཚལ ཁག་ཆེ་དྲགས་ཅིག་ཨིན་ཟེར་ཨིན་པས།,202,47
བསོད་ནམས་སྟོབས་རྒྱས་ཀྱིས་ ཁྲིམས་གསརཔ་ཚུ་ བརྡ་ལམ་གྱི་ནང་དུ་གནས་ཚུལལྟ་བཤལ་བསྐྱར་གསོ་དང་ གཤེས་ཚན གྲོས་འདེབས་༨ འབྲུག་པའི་མིང་ཐོག་ར་ བརྡ་ལམ་གྱི་ནང་དུ་གནས་ཚུལཁག་ཆེ་དྲགས་ཅིག་ཨིན་ཟེར་ཨིན་པས།,182,43
བསོད་ནམས་སྟོབས་རྒྱས་ཀྱིས་ ཐིམ་ཕུ ཁྲིམས་གསརཔ་ཚུ་ ཁ་ཙ་ བརྡ་ལམ་གྱི་ནང་དུ་གནས་ཚུལགྲོས་འདེབས་༨ རིག་གཞུང འབྲུག་པའི་མིང་ཐོག་ར་ ཞུ་མིའི་ནང་ བརྡ་ལམ་གྱི་ནང་དུ་གནས་ཚུལཁྲིམས་གསརཔ་ཚུ་ རི་མོ ཁ་ཙ་ ཆ་མེད་བཏང་ནུག།,196,48
ལྟ་བཤལ་ལས་སྡེའི་ནང་འཁོད་ལུ་ བརྡ་ལམ་གྱི་ནང་དུ་གནས་ཚུལའབྲུག་པའི་མིང་ཐོག་ར་ འབྲུག་འཕྲིན་གླིང་ ཞུ་མིའི་ནང་ གྲོས་འདེབས་དང་ བརྡ་ལམ་གྱི་ནང་དུ་གནས་ཚུལཁ་ཙ་ བདེ་སྨིན ཆ་མེད་བཏང་ནུག།,170,41
ལྟ་བཤལ་ལས་སྡེའི་ནང་འཁོད་ལུ་ སྒྲིག་གཞི་དེ་ བརྡ་ལམ་གྱི་ནང་དུ་གནས་ཚུལཞུ་མིའི་ནང་ རྩོམ་རིག གྲོས་འདེབས་དང་ ལས་རིམ་དེ་ བརྡ་ལམ་གྱི་ནང་དུ་གནས་ཚུལ ཆ་མེད་བཏང་ནུག།,152,38
དེ་བཟུམ་སྦེ་ བརྡ་ལམ་གྱི་ནང་དུ་གནས་ཚུལགཞུང་གིས་ འབད་དགོས་ རྒྱལ་ཡོངས་ཚོགས་སྡེ་གིས་ གྲོས་འཆར་བཀོད་དེ་ཡོདཔ་ཨིན་པས།,110,25
རྒྱལ་ཡོངས་ཚོགས་སྡེ་གིས་ བརྡ་ལམ་གྱི་ནང་དུ་གནས་ཚུལཞུ་མིའི་ནང་ དབང་འདུས གྲོས་འདེབས་ཕུལ་ནུག།,88,20
དེ་བཟུམ་སྦེ་ ལམ་ལུགས་ཅིག་བཟོ་སྟེ་ བརྡ་ལམ་གྱི་ནང་དུ་གནས་ཚུལརྒྱལ་ཡོངས་ཚོགས་སྡེ་གིས་ རྫོང གྲོས་འཆར་བཀོད་དེ་ཡོདཔ་ཨིན་པས།,116,27
རྒྱལ་ཡོངས་ཚོགས་སྡེ་གིས་ ཡངས་ཆག་ཐབས་བྱུས་ཚུ་ བརྡ་ལམ་གྱི་ནང་དུ་གནས་ཚུལགྲོས་འདེབས་ཕུལ་ནུག།,87,20
དེ་བཟུམ་སྦེ་ ཀརྨ ལམ་ལུགས་ཅིག་བཟོ་སྟེ་ བསྐྱར་ཞིབ་འབད་དགོ་པའི་ བརྡ་ལམ་གྱི་ནང་དུ་གནས་ཚུལགྲོས་འཆར་བཀོད་དེ་ཡོདཔ་ཨིན་པས།,114,27
རྒྱལ་ཡོངས་ཚོགས་སྡེ་གིས་ དབང་འདུས ཡངས་ཆག་ཐབས་བྱུས་ཚུ་ གནམ་གྲུའི་ཞབས་ཏོག་ བརྡ་ལམ་གྱི་ནང་དུ་གནས་ཚུལ,96,23
རྒྱལ་ཡོངས་ཚོགས་འདུ་གིས་ ངན་ལྷད་བཀག་སྡོམ་གྱི་ དང་ལེན་འཆར་གཞིའི་སྐོར་ལས་ དོགས་སེལ་འབད་དགོ་པའི་བཀོད་རྒྱ།,101,23
དངུལ་འབོར་ཐོབ་སྤྱོད་དང་ བརྡ་ལམ་གྱི་ནང་དུ་གནས་ཚུལདངུལ་ཀྲམ་ཐེར་འབུམ་༣.༩༡༨ གཞི་འཛུགས ཚོགས་བཞུགས་ནང་ ཁོང་རའི་ཁས་ལེན་དང་ བརྡ་ལམ་གྱི་ནང་དུ་གནས་ཚུལདེ་ལས་ ཤེས་ཡོན ལས་བརྒལ་མེདཔ་ཨིན་པས།,175,41
དངུལ་འབོར་ཐོབ་སྤྱོད་དང་ འཐུས་མི་ཚུ་གིས་ བརྡ་ལམ་གྱི་ནང་དུ་གནས་ཚུལཚོགས་བཞུགས་ནང་ ཉེས་ཚོགས ཁོང་རའི་ཁས་ལེན་དང་ དང་༢༠༢༥ བརྡ་ལམ་གྱི་ནང་དུ་གནས་ཚུལལས་བརྒལ་མེདཔ་ཨིན་པས།,159,38
འཐུས་མི་གིས་ བརྡ་ལམ་གྱི་ནང་དུ་གནས་ཚུལངན་ལྷད་བཀག་སྡོམ་ལྷན་ཚོགས་ལུ་ ཀུན་གསལ འགོ་བཙུགས་ཏེ་ ཁྲིམས་རྩོདཔ་ཚུ་ལུ་ བརྡ་ལམ་གྱི་ནང་དུ་གནས་ཚུལལུ་ བདེ་སྨིན རྒྱལ་ཁབ་ཕྱི་ཁར་སོང་མི་ལུ་བརྟེན་ཨིན་ཟེར་ཞུ་ཡི།,189,46
འཐུས་མི་གིས་ ཐབས་བྱུས་ཚུ་ བརྡ་ལམ་གྱི་ནང་དུ་གནས་ཚུལ འགོ་བཙུགས་ཏེ་ དཀྱིལ་ར ཁྲིམས་རྩོདཔ་ཚུ་ལུ་ ཁ་ཙ་ བརྡ་ལམ་གྱི་ནང་དུ་གནས་ཚུལ རྒྱལ་ཁབ་ཕྱི་ཁར་སོང་མི་ལུ་བརྟེན་ཨིན་ཟེར་ཞུ་ཡི།,167,43
འཐུས་མི་གིས་ རྫོང་ཁ ཐབས་བྱུས་ཚུ་ སྤྱི་ལོ་༢༠༡༤ བརྡ་ལམ་གྱི་ནང་དུ་གནས་ཚུལཁྲིམས་རྩོདཔ་ཚུ་ལུ་ གྲོང་ཚོ ཁ་ཙ་ ལུས་ཡོདཔ་ཨིན་པས།,118,29
གདོང་ལེན་ཚུ་བྱུང་རུང་ བརྡ་ལམ་གྱི་ནང་དུ་གནས་ཚུལཐབས་བྱུས་ཚུ་ གཞུང་རྒྱུན སྤྱི་ལོ་༢༠༡༤ དེ་ལས་ བརྡ་ལམ་གྱི་ནང་དུ་གནས་ཚུལཁ་ཙ་ ཧི་མ་ལ་ཡ ལུས་ཡོདཔ་ཨིན་པས།,144,37
གདོང་ལེན་ཚུ་བྱུང་རུང་ གོ་བ་བརྡ་སྤྲོད་འབད་ནི་ བརྡ་ལམ་གྱི་ནང་དུ་གནས་ཚུལསྤྱི་ལོ་༢༠༡༤ སངས་རྒྱས་ཆོས དེ་ལས་ འགན་འཁྲི་ཐད་ལུ་ བརྡ་ལམ་གྱི་ནང་དུ་གནས་ཚུལལུས་ཡོདཔ་ཨིན་པས།,158,39
ཁྲིམས་བཟོ་མི་ཚུ་གིས་ བརྡ་ལམ་གྱི་ནང་དུ་གནས་ཚུལགནད་དོན་༣༢ འབྲུག་པ གསལ་ཞུ་འབད་དགོ་པའི་ གདོང་ལེན་འབྱུང་ནི་ཨིན་མི་དེ་ཡང་ བརྡ་ལམ་གྱི་ནང་དུ་གནས་ཚུལགཞུང་གི་ལས་སྡེ་ཚུ་ནང་ དཀྱིལ་ར གལ་ཅན་ཅིག་ཨིན་ཟེར་ཨིན་པས།,195,50
ཁྲིམས་བཟོ་མི་ཚུ་གིས་ གོ་གནས་མཐོ་ཤོས་ཡོད་མི་ཚུ་ལུ་ བརྡ་ལམ་གྱི་ནང་དུ་གནས་ཚུལགསལ་ཞུ་འབད་དགོ་པའི་ རྩོམ་རིག གདོང་ལེན་འབྱུང་ནི་ཨིན་མི་དེ་ཡང་ དེ་ཅིག་ བརྡ་ལམ་གྱི་ནང་དུ་གནས་ཚུལ གལ་ཅན་ཅིག་ཨིན་ཟེར་ཨིན་པས།,193,50
འཕྲལ་ཁམས་ཅིག་ཁར་ བརྡ་ལམ་གྱི་ནང་དུ་གནས་ཚུལདང་ལེན་སྙན་ཞུ་ དུས་ཆེན ལུ་ ཤུལ་མའི་ བརྡ་ལམ་གྱི་ནང་དུ་གནས་ཚུལསྒྲིང་སྒྲི་བཟོ་ཐབས་ལུ་ དབྱེ་ཞིབ ཞུ་ཡི།,139,34
འཕྲལ་ཁམས་ཅིག་ཁར་ རྒྱབ་སྐྱོར་ཚུ་གི་སྐོར་ལས་ བརྡ་ལམ་གྱི་ནང་དུ་གནས་ཚུལལུ་ མདའ་རྩེད ཤུལ་མའི་ ལོག་ཐོབ་མི་དེ་ བརྡ་ལམ་གྱི་ནང་དུ་གནས་ཚུལཞུ་ཡི།,134,33
འཕྲལ་ཁམས་ཅིག་ཁར་ བསོད་ནམས་ རྒྱབ་སྐྱོར་ཚུ་གི་སྐོར་ལས་ རྒྱལ་ཡོངས་ཚོགས་འདུ་གིས་ བརྡ་ལམ་གྱི་ནང་དུ་གནས་ཚུལཤུལ་མའི་ ནི ལོག་ཐོབ་མི་དེ་ དེ་ལས་ བརྡ་ལམ་གྱི་ནང་དུ་གནས་ཚུལ,159,39
རྒྱལ་ཁབ་ཕྱི་ཁར་ གནས་སྤོ་འགྱོ་བའི་དཀའ་ངལ།,40,10
བརྡ་ལམ་གྱི་ནང་དུ་གནས་ཚུལསྤྱི་ལོ་༢༠༢༣ རྫོང ཟླཝ་རེ་ལུ་ འགོ་བཙུགས་མི་ བརྡ་ལམ་གྱི་ནང་དུ་གནས་ཚུལཡུ་ཨེསི་ཌོ་ལར་ས་ཡ་༢ བཀྲ་ཤིས བཟོ་དགོཔ་འདུག་ཟེར་ཞུ་ནི།,143,37
གིས་ བརྡ་ལམ་གྱི་ནང་དུ་གནས་ཚུལཟླཝ་རེ་ལུ་ འཕྲུལ་ལས འགོ་བཙུགས་མི་ གླ་ཆ་ཡར་སེང་འབད་ནི་ བརྡ་ལམ་གྱི་ནང་དུ་གནས་ཚུལབཟོ་དགོཔ་འདུག་ཟེར་ཞུ་ནི།,131,33
འདི་བཟུམ་མའི་ བརྡ་ལམ་གྱི་ནང་དུ་གནས་ཚུལཕྱི་རྒྱལ་ལས་ ཆུ་སྒྲིག འདས་པའི་ལོ་ཚུ་ནང་ གནས་སྤོ་འགྱོ་མི་དེ་གིས་ བརྡ་ལམ་གྱི་ནང་དུ་གནས་ཚུལདེ་ཅིག་ཡོད་མི་དེ་ ཨེ་མ་དར་ཚི ཡར་སེང་སོང་ཡོདཔ་ཨིན་མས།,178,46
འདི་བཟུམ་མའི་ ཞིབ་འཇུག་དང་འཁྲིལཝ་ད་ བརྡ་ལམ་གྱི་ནང་དུ་གནས་ཚུལའདས་པའི་ལོ་ཚུ་ནང་ སྟག་ཚང གནས་སྤོ་འགྱོ་མི་དེ་གིས་ བཤདཔ་ཨིན་པས།,121,30
འཛམ་གླིང་དངུལ་ཁང་གིས་ བརྡ་ལམ་གྱི་ནང་དུ་གནས་ཚུལ,46,12
སློབ་ཕྲུག་ཚུ་གི་ གནམ་བྱཱར་གྱི་ངལ་གསོ་ ཡར་སེང་འབད་མི་ཚུགས་ནི།,60,15
གཞུང་གིས་ སློབ་ཕྲུག་ཚུ་གི་ གནམ་བྱཱར་གྱི་ངལ་གསོ་དེ་ ཉིནམ་༡༥ ལས་ ཟླཝ་༡ གི་རིང་ ཡར་སེང་འབད་ནི་ལུ་ འོས་འབབ་མེདཔ་སྦེ་ཨིན་པས།,119,30
སློབ་ཕྲུག་བཏོན་ཚུགས་དགོཔ་ཡོད་ཟེར་ པདྨ དཔལ་འབྱོར་གནས་སྟངས་ནང་ ད་རེས་ རེས་གཟའ་ཉིམ་ལུ་ བརྡ་ལམ་གྱི་ནང་དུ་གནས་ཚུལ སློབ་སྟོན་གྱི་དུས་ཡུན་དང་ འབྲུག་འཕྲིན་གླིང་ ག་བསྡུར་འབད་བ་ཅིན་ ཁེ་ཕན་བྱུང་ཚུགས་ནི་ཨིནམ་ལས་ བརྡ་ལམ་གྱི་ནང་དུ་གནས་ཚུལདཔལ་འབྱོར་གནས་སྟངས་ནང་ རྒྱུ་དཀའ།,256,60
ད་རེས་ རེས་གཟའ་ཉིམ་ལུ་ གནམ་བྱཱར་གྱི་ བརྡ་ལམ་གྱི་ནང་དུ་གནས་ཚུལག་བསྡུར་འབད་བ་ཅིན་ ཁྱི ཁེ་ཕན་བྱུང་ཚུགས་ནི་ཨིནམ་ལས་ ཉིན་གྲངས་༢༢༠ བརྡ་ལམ་གྱི་ནང་དུ་གནས་ཚུལད་རེས་ རེས་གཟའ་ཉིམ་ལུ་ རྒྱུ་དཀའ།,181,45
སྤྱི་ལོ་༢༠༣༤ བརྡ་ལམ་གྱི་ནང་དུ་གནས་ཚུལགཞི་བཙུགས་འབད་དགོཔ་ཁག་ཆེཝ་སྦེ་ར་ རྫོང་ཁ ཡིག་ཐོག་ལུ་ རྒྱལ་ཁབ་བཟོ་ནི་དང་ དགེ་ལེགས་ཕུག་དྲན་ཤེས་ཁྲོམ་ཚོགས་ཀྱི་དམིགས་ཡུལ་ཚུ་ བརྡ་ལམ་གྱི་ནང་དུ་གནས་ཚུལའབྲུག་འདི་ དབྱེ་གཞི སྤེལ་ཐབས་ཀྱི་ལཱ་འབད་བཞི་ཡོན་ཟེརཨིན་པས།,239,57
སྤྱི་ལོ་༢༠༣༤ བཀྲིས་སྒང་ བརྡ་ལམ་གྱི་ནང་དུ་གནས་ཚུལཡིག་ཐོག་ལུ་ ཁྱི རྒྱལ་ཁབ་བཟོ་ནི་དང་ དགེ་ལེགས་ཕུག་དྲན་ཤེས་ཁྲོམ་ཚོགས་ཀྱི་དམིགས་ཡུལ་ཚུ་ རྩ་གཞུང་གི་གཞི་བཀོད་ནང་ བརྡ་ལམ་གྱི་ནང་དུ་གནས་ཚུལསྤེལ་ཐབས་ཀྱི་ལཱ་འབད་བཞི་ཡོན་ཟེརཨིན་པས།,218,52
བློན་པོ་དང་འཁྲིལ་བ་ཅིན་ བརྡ་ལམ་གྱི་ནང་དུ་གནས་ཚུལབློན་པོ་གིས་ སྟག་ཚང སློབ་ཕྲུག་ཚུ་ལུ་ སྦོམ་སྦེ་ར་ཡོདཔ་ཨིན་པས།,108,27
དེ་ཡང་ བརྡ་ལམ་གྱི་ནང་དུ་གནས་ཚུལ ཤེས་རིག་དང་རིག་རྩལ་གོང་འཕེལ་བློན་པོ་ མདའ་རྩེད ཡོདཔ་ཨིན་པས།,90,23
བློན་པོ་དང་འཁྲིལ་བ་ཅིན་ ལྷོ་ཀོ་རི་ཡ་ལུ་ བརྡ་ལམ་གྱི་ནང་དུ་གནས་ཚུལསློབ་ཕྲུག་ཚུ་ལུ་ ནགས་ཚལ སྦོམ་སྦེ་ར་ཡོདཔ་ཨིན་པས།,111,29
དེ་ཡང་ སློབ་ཕྲུག་ཚུ་གི་ བརྡ་ལམ་གྱི་ནང་དུ་གནས་ཚུལཡོདཔ་ཨིན་པས།,60,15
བློན་པོ་དང་འཁྲིལ་བ་ཅིན་ འབད་དགོས་ ལྷོ་ཀོ་རི་ཡ་ལུ་ འཐོབ་ནིའི་དོན་ལས་ བརྡ་ལམ་གྱི་ནང་དུ་གནས་ཚུལ སྦོམ་སྦེ་ར་ཡོདཔ་ཨིན་པས།,116,30
སློབ་གྲྭ་དང་ ཨ་ནེམོ་གྲྭ་ཚང་ཚུ་ནང་ སྤྱི་ལོ་༢༠༢༩ གི་ནང་འཁོད་ ཟླ་ཁྲག་ཆ་མཐུན་ཅན་བཟོ་ནི།,83,22
༉ རྒྱལ་ཁབ་ནང་ཡོད་པའི་་སློབ་གྲྭ་དང་ ཨ་ནེམོ་ཚུ་གི་ གཙང་རས་བླུག་མཛོད་ཧོད་ཡོདཔ་སྦེ་ བཟོ་ནི་ཨིནམ་ལས་ དེ་གིས་ གཞུང་གི་སློབ་གྲྭ་ཡོངས་དང་ ཨ་་ནེམོ་ཚུ་གི་དོན་ལུ་ སྤྱི་ལོ་༢༠༢༩ གི་ནང་འཁོད་ལུ་ ཟླ་ཁྲག་ཆ་མཐུན་བཟོ་ནིའི་ཁས་བླངས་ཚུ་ འགྲུབ་ཚུགས་ནི་ཨིན་པས།,236,59
ཁྲག་གཞན་གྱི་རིགས་ཐོན་མི་གཉིས་ལུ་ དབྱེ་ཞིབ གཙང་རས་ཧོད་ཚུ་ འགོ་འབྱེད་གནང་ཡོདཔ་ཨིན་པས།,83,20
མི་དབང་རྒྱལ་སྲསམོ་མཆོག་གིས་ བརྡ་ལམ་གྱི་ནང་དུ་གནས་ཚུལ གོང་འཕེལ་གྱི་བྱ་རིམ་བསྒྲིག་ནི་དེ་ ཀརྨ བརྒྱ་ཆ་༦༣ སྡོད་ཚུགས་པའི་རེ་བ་ཡོདཔ་ཨིན་པས།,132,33
དྲགོས་ཌོག་ཊར་བློ་གྲོས་ཚེ་རིང་གིས་ བརྡ་ལམ་གྱི་ནང་དུ་གནས་ཚུལགཙང་རས་ཧོད་ཚུ་ རྡོ་རྗེ འགོ་འབྱེད་གནང་ཡོདཔ་ཨིན་པས།,107,26
མི་དབང་རྒྱལ་སྲསམོ་མཆོག་གིས་ ནང་གི་སློབ་གྲྭ་༡༥ བརྡ་ལམ་གྱི་ནང་དུ་གནས་ཚུལབརྒྱ་ཆ་༦༣ གླུ་དབྱངས སྡོད་ཚུགས་པའི་རེ་བ་ཡོདཔ་ཨིན་པས།,121,30
དྲགོས་ཌོག་ཊར་བློ་གྲོས་ཚེ་རིང་གིས་ གྲོགས་རམ་འབད་ཡོདཔ་ཨིན་པའི་གནས་ཚུལ།,68,16
བརྡ་ལམ་གྱི་ནང་དུ་གནས་ཚུལའགོ་འབྱེད་གནང་ཡོདཔ་ཨིན་པས།,50,12
མི་དབང་རྒྱལ་སྲསམོ་མཆོག་གིས་ དགོན་པ ནང་གི་སློབ་གྲྭ་༡༥ ཟླ་ཁྲག་གི་འཕྲོད་བསྟེན་སྐོར་ལས་ བརྡ་ལམ་གྱི་ནང་དུ་གནས་ཚུལསྡོད་ཚུགས་པའི་རེ་བ་ཡོདཔ་ཨིན་པས།,139,34
དྲགོས་ཌོག་ཊར་བློ་གྲོས་ཚེ་རིང་གིས་ མོག་མོག གྲོགས་རམ་འབད་ཡོདཔ་ཨིན་པའི་གནས་ཚུལ།,76,18
གཙང་སྦྲ་ཅན་སྦེ་ བརྡ་ལམ་གྱི་ནང་དུ་གནས་ཚུལ ནང་གི་སློབ་གྲྭ་༡༥ རྫོང་ཁ ཟླ་ཁྲག་གི་འཕྲོད་བསྟེན་སྐོར་ལས་ གཙང་རས་བླུག་མཛོད་ཧོད་ བརྡ་ལམ་གྱི་ནང་དུ་གནས་ཚུལ གྲོགས་རམ་འབད་ཡོདཔ་ཨིན་པའི་གནས་ཚུལ།,178,45
"ཤེས་རིག་དང་ བརྡ་ལམ་གྱི་ནང་དུ་གནས་ཚུལགཙང་རས་བླུགས་སའི་ཧོད་ གཞུང་རྒྱུན བུམོ་༤,༤༨༠ གི་ནང་འཁོད་ལུ་ བརྡ་ལམ་གྱི་ནང་དུ་གནས་ཚུལ མི་སྡེ་ག་རའི་ནང་ གཞི་འཛུགས དམིགས་ཡུལ་ཡོདཔ་ཨིན་པས།",169,41
"ཤེས་རིག་དང་ ངོ་ཚ་དགོཔ་མེད་ཟེར་ བརྡ་ལམ་གྱི་ནང་དུ་གནས་ཚུལབུམོ་༤,༤༨༠ གནས་འཁོར གི་ནང་འཁོད་ལུ་ དེ་ཡང་ བརྡ་ལམ་གྱི་ནང་དུ་གནས་ཚུལདམིགས་ཡུལ་ཡོདཔ་ཨིན་པས།",143,35
ཤེས་རིག་དང་ རྒྱུ་དཀའ།,21,5
དགེ་ལེགས་ཕུག་གི་ བརྡ་ལམ་གྱི་ནང་དུ་གནས་ཚུལ ཁྲོམ་སྡེ་ཚུ་ལུ་ འབྲས རྒྱལ་ཁབ་ནང་ཡོད་པའི་་སློབ་གྲྭ་དང་ འབྲུག་ཧེ་ལི་ བརྡ་ལམ་གྱི་ནང་དུ་གནས་ཚུལ,133,34
ཚོགས་དཔོན་ལུང་བསྟན་རྡོ་རྗེ་ ནུས་ཤུགས་དང་རང་བཞིན་ཐོན་སྐྱེད་ལྷན་ཁག་གི་ དང་ལེན་སྙན་ཞུ་ལུ་ སེམས་དང་མ་ལྡན་པར་ཡོདཔ།,109,27
ཚོགས་དཔོན་དང་འཁྲིལ་བ་ཅིན་ གཤེས་ཚན ཇོ་བདག་ཚུ་ལུ་ ཐོབ་མ་ཚུགས་པའི་ཁར་ བརྡ་ལམ་གྱི་ནང་དུ་གནས་ཚུལ ཨིན་པའི་གནས་ཚུལ།,108,28
ཨིན་རུང་ བརྡ་ལམ་གྱི་ནང་དུ་གནས་ཚུལདུས་ཚོད་ཁར་ མོག་མོག ཟད་འགྲོ་མར་ཕབ་ཀྱི་ ལུང་ཕྱོགས་ཀྱི་ བརྡ་ལམ་གྱི་ནང་དུ་གནས་ཚུལཐོ་ཕོག་སྟེ་ སྟག་ཚང ཁས་ལེན་འབད་ནུག།,145,36
ཨིན་རུང་ ཚོགས་བཞུགས་༢ བརྡ་ལམ་གྱི་ནང་དུ་གནས་ཚུལཟད་འགྲོ་མར་ཕབ་ཀྱི་ དར་ལྡན ལུང་ཕྱོགས་ཀྱི་ གལ་གནད་ཆེ་བའི་ བརྡ་ལམ་གྱི་ནང་དུ་གནས་ཚུལཁས་ལེན་འབད་ནུག།,141,35
ཨིན་རུང་ འབྲས ཚོགས་བཞུགས་༢ བཀོད་དགོ་ཟེར་ཨིན་པས།,47,11
སྙན་ཞུའི་ནང་ བརྡ་ལམ་གྱི་ནང་དུ་གནས་ཚུལ ལུང་ཕྱོགས་ཀྱི་ འབྲས གལ་གནད་ཆེ་བའི་ ལུ་ བརྡ་ལམ་གྱི་ནང་དུ་གནས་ཚུལཚོགས་བཞུགས་༢ མོག་མོག བཀོད་དགོ་ཟེར་ཨིན་པས།,142,35
སྙན་ཞུའི་ནང་ ཞུ་མིའི་ནང་ བརྡ་ལམ་གྱི་ནང་དུ་གནས་ཚུལ གལ་གནད་ཆེ་བའི་ འབྲས ལུ་ ཚང་གྱང་ཡོད་ལུགས་ཚུ་ བརྡ་ལམ་གྱི་ནང་དུ་གནས་ཚུལབཀོད་དགོ་ཟེར་ཨིན་པས།,138,35
རྒྱལ་ཡོངས་ཚོགས་འདུ་གིས་ ཞི་གཡོགཔ་ཚུ་གི་ གྲུབ་འབྲས་བརྟག་ཞིབ་ལམ་ལུགས་ མེདཔ་བཟོ་དགོ་པའི་ཞུ་བ།,90,21
ཨིན་རུང་ བློན་ཆེན་གྱིས་ གནད་དོན་དེའི་སྐོར་ལས་ གྲོས་ཐག་གཅད་ནི་དེ་ རྒྱལ་གཞུང་ཞི་གཡོག་ལྷན་ཚོགས་ལུ་ བཞག་ཡོདཔ་ཨིན་པས།,112,26
ལྷན་ཚོགས་ཀྱིས་ བརྡ་ལམ་གྱི་ནང་དུ་གནས་ཚུལ གཞུང་ལུ་ ཀརྨ ཐབས་ལམ་ “དབྱེ་རིམ་དཔྱད་ཐིག(བེལ་ཀརཔ་)” ཡང་ཅིན་ “རེ་འདོད་ཀྱི་རེ་མཐུན་ཙམ་ དུས་ཚོད་འཛིན་སྐྱོང་འཐབ་མ་ཚུགས་མི་ བརྡ་ལམ་གྱི་ནང་དུ་གནས་ཚུལལག་ལེན་འཐབ་ནི་ ཀརྨ བཏོན་གཏང་ནི་ཨིན་པས།,220,53
ལྷན་ཚོགས་ཀྱིས་ ཀྱི་ཚབ་སྦེ་ བརྡ་ལམ་གྱི་ནང་དུ་གནས་ཚུལཐབས་ལམ་ “དབྱེ་རིམ་དཔྱད་ཐིག(བེལ་ཀརཔ་)” ཡང་ཅིན་ “རེ་འདོད་ཀྱི་རེ་མཐུན་ཙམ་ གོ དུས་ཚོད་འཛིན་སྐྱོང་འཐབ་མ་ཚུགས་མི་ ཚད་མི་ཞི་གཡོགཔ་ཚུ་ལུ་ བརྡ་ལམ་གྱི་ནང་དུ་གནས་ཚུལབཏོན་གཏང་ནི་ཨིན་པས།,224,54
རྒྱལ་ཡོངས་ཚོགས་འདུ་ནང་ བརྡ་ལམ་གྱི་ནང་དུ་གནས་ཚུལམེསི་ལམ་ལུགས་དེ་ ཆེད་གཞི ལྕོགས་གྲུབ་དང་འཁྲིལ་ཏེ་ འབྲེལ་ཡོད་ལས་སྡེ་ཚུ་དང་ བརྡ་ལམ་གྱི་ནང་དུ་གནས་ཚུལསྒྲུབ་བྱེད་ཚུ་མེདཔ་ད་ མཆོད་རྟེན ཁས་བླངས་འབད་ཡི།,191,45
རྒྱལ་ཡོངས་ཚོགས་འདུ་ནང་ ཞི་གཡོགཔ་བཟོ་བའི་སྐབས་ བརྡ་ལམ་གྱི་ནང་དུ་གནས་ཚུལལྕོགས་གྲུབ་དང་འཁྲིལ་ཏེ་ འབྲུག་འཕྲིན་གླིང་ འབྲེལ་ཡོད་ལས་སྡེ་ཚུ་དང་ སྟབས་མ་བདེཝ་ བརྡ་ལམ་གྱི་ནང་དུ་གནས་ཚུལ ཁས་བླངས་འབད་ཡི།,189,44
ལྟ་བཀོདཔ་དང་ བརྡ་ལམ་གྱི་ནང་དུ་གནས་ཚུལལྷན་ཚོགས་དེ་ གླུ་དབྱངས གནད་དོན་གཙོ་ཅན་ཅིག་ཨིནམ་ད་ ཞི་གཡོགཔ་མ་ལང་པའི་ བརྡ་ལམ་གྱི་ནང་དུ་གནས་ཚུལགྲོས་སྟོན་ཐོག་ལས་ རི་མོ འགོ་ཁྲིད་པའི་རིག་རྩལ་མེད་མི་ལ་སོགས་པ་ལུ་བརྟེན་ཨིན་པས།,207,52
ལྟ་བཀོདཔ་དང་ སློབ་དཔོན་ཚུ་ བརྡ་ལམ་གྱི་ནང་དུ་གནས་ཚུལ གནད་དོན་གཙོ་ཅན་ཅིག་ཨིནམ་ད་ རྩོམ་རིག ཞི་གཡོགཔ་མ་ལང་པའི་ ཐབས་ལམ་ལེགས་ཤོམ་ཅིག་ བརྡ་ལམ་གྱི་ནང་དུ་གནས་ཚུལའགོ་ཁྲིད་པའི་རིག་རྩལ་མེད་མི་ལ་སོགས་པ་ལུ་བརྟེན་ཨིན་པས།,205,52
ལྟ་བཀོདཔ་དང་ དར་ལྡན སློབ་དཔོན་ཚུ་ སྤྲོ་བ་ཉམས་སོང་སྟེ་ བརྡ་ལམ་གྱི་ནང་དུ་གནས་ཚུལ,78,20
རྒྱལ་ཡོངས་ཚོགས་སྡེ་གིས་ གྲོང་གསེབ་ཚེ་སྲོག་ཉེན་བཅོལ་ཐོབ་ཐང་ བསྐྱར་ཞིབ་འབད་དགོ་པའི་གྲོས་འདེབས།,92,20
རྒྱལ་ཡོངས་ཚོགས་སྡེའི་ གཞུང་སྐྱོང་ལེགས་ལྡན་ཚོགས་ཆུང་གིས་ གྲོང་གསེབ་ཚེ་སྲོག་ཉེན་བཅོལ་ཐོབ་ཐང་ནང་ གཞི་སྒྱུར་འབད་དགོ་པའི་ གྲོས་འདེབས་ཕུལ་ནུག།,136,29
རྐྱངམ་གཅིག་ཡོདཔ་ད་ རྡོ་རྗེ སྤྱི་ལོ་༢༠༠༩ བརྒྱ་ཆ་༡༨.༡༤ བརྡ་ལམ་གྱི་ནང་དུ་གནས་ཚུལ སྟབས་མ་བདེཝ་ འཆར་སྤྱོད དོགས་སེལ་ཞུ་ཡི།,116,28
ས་གནས་གཞུང་གི་འཐུས་མི་ སྤྱི་ཟླ་༩ བརྡ་ལམ་གྱི་ནང་དུ་གནས་ཚུལསྤྱི་ལོ་༢༠༠༩ བླ་མ བརྒྱ་ཆ་༡༨.༡༤ ཞུ་བ་འབད་ནུག།,101,27
འབྲུག་རྒྱལ་ཉེན་སྲུང་ལས་འཛིན་ལུ་ བརྡ་ལམ་གྱི་ནང་དུ་གནས་ཚུལདོགས་སེལ་ཞུ་ཡི།,71,17
"ས་གནས་གཞུང་གི་འཐུས་མི་ ལས་བཟོ སྤྱི་ཟླ་༩ དངུལ་ཀྲམ་༡༥,༠༠༠ བརྡ་ལམ་གྱི་ནང་དུ་གནས་ཚུལབརྒྱ་ཆ་༡༨.༡༤ ཁྱི ཞུ་བ་འབད་ནུག།",110,28
"འབྲུག་རྒྱལ་ཉེན་སྲུང་ལས་འཛིན་ལུ་ དངུལ་ཀྲམ་༡༥༠,༠༠༠ བརྡ་ལམ་གྱི་ནང་དུ་གནས་ཚུལསྤྱི་ཟླ་༩ ཀརྨ དངུལ་ཀྲམ་༡༥,༠༠༠ བསྐྱར་ཞིབ་འབད་བའི་ བརྡ་ལམ་གྱི་ནང་དུ་གནས་ཚུལཞུ་བ་འབད་ནུག།",159,37
ཉེན་བཅོལ་བསྡུ་ལེན་ བརྡ་ལམ་གྱི་ནང་དུ་གནས་ཚུལ ལུ་ ཀརྨ མང་ཤོས་ཅིག་ ཉེན་བཅོལ་ཡར་སེང་འབད་བའི་སྐབས་ བརྡ་ལམ་གྱི་ནང་དུ་གནས་ཚུལགནད་དོན་དེ་ལུ་ འབྲུག་གི་གནས་ཚུལ བཀོད་ཡོདཔ་ཨིན་པས།,167,41
ཉེན་བཅོལ་བསྡུ་ལེན་ ཚེ་སྲོག་ཉེན་བཅོལ་དེ་ བརྡ་ལམ་གྱི་ནང་དུ་གནས་ཚུལ མང་ཤོས་ཅིག་ རྩོམ་རིག ཉེན་བཅོལ་ཡར་སེང་འབད་བའི་སྐབས་ དེ་ཅིག་ བརྡ་ལམ་གྱི་ནང་དུ་གནས་ཚུལབཀོད་ཡོདཔ་ཨིན་པས།,165,40
སྤུ་ན་ཁའི་འཐུས་མི་ བརྡ་ལམ་གྱི་ནང་དུ་གནས་ཚུལཔའི་ཚེས་༢༧ ཆུ་སྒྲིག ཞབས་ཏོག་ཚུ་ལེན་པར་ ད་ལྟོའི་གདོང་ལེན་ བརྡ་ལམ་གྱི་ནང་དུ་གནས་ཚུལའགོ་བཙུགས་པའི་ཤུལ་ལས་ འབྲུག ཞུ་བ་འབད་ཡོདཔ་ཨིན་པས།,173,43
སྤུ་ན་ཁའི་འཐུས་མི་ རྒྱབ་སྐྱོར་འབད་དགོ་པའི་ཁར་ བརྡ་ལམ་གྱི་ནང་དུ་གནས་ཚུལཞབས་ཏོག་ཚུ་ལེན་པར་ བདེ་ཐང་དཀར་ཆགས ད་ལྟོའི་གདོང་ལེན་ གྲོང་གསེབ་ཚེ་སྲོག་ཉེན་བཅོལ་དེ་ བརྡ་ལམ་གྱི་ནང་དུ་གནས་ཚུལཞུ་བ་འབད་ཡོདཔ་ཨིན་པས།,198,49
"ད་རེས་ བརྡ་ལམ་གྱི་ནང་དུ་གནས་ཚུལའཐུས་མི་༣,༣༥༥ སྤུ་ན་ཁ ལུ་ ཡར་སེང་འབད་ནི་ཨིན་ན་ བརྡ་ལམ་གྱི་ནང་དུ་གནས་ཚུལཚེ་སྲོག་ཉེན་བཅོལ་དེ་ ཚེས་བཅུ གནང་ནི་ཨིན་པས།",145,38
ད་རེས་ ཉེན་བཅོལ་ལས་འཛིན་ལུ་ བརྡ་ལམ་གྱི་ནང་དུ་གནས་ཚུལལུ་ གཞི་འཛུགས ཡར་སེང་འབད་ནི་ཨིན་ན་ མང་ཤོས་ཅིག་གིས་ བརྡ་ལམ་གྱི་ནང་དུ་གནས་ཚུལགནང་ནི་ཨིན་པས།,141,36
ད་རེས་ བུམ་ཐང ཉེན་བཅོལ་ལས་འཛིན་ལུ་ ཚོགས་ཁང་གིས་ བརྡ་ལམ་གྱི་ནང་དུ་གནས་ཚུལ,72,19
ལྟ་བཤལ་ལས་སྡེ་ བསྐྱར་གསོ་འབད་ནིའི་དོན་ལུ་ གྲོས་འདེབས་༨ ཕུལ་ཡོདཔ།,64,15
༉ ཁ་ཙ་ རྒྱལ་ཡོངས་ཚོགས་སྡེའི་ དཔལ་འབྱོར་ལས་དོན་ཚོགས་ཆུང་གིས་ འབྲུག་གི་ ལྟ་བཤལ་ལས་སྡེ་ བསྐྱར་གསོ་འབད་ནི་དང་ འདྲ་མཉམ་དང་ ཡུན་བརྟན་གོང་འཕེལ་གཏང་ནིའི་ དམིགས་ཡུལ་དོན་ལས་ གཞུང་ལུ་ གྲོས་འདེབས་ཁག་༨ འབད་མི་ ཡོངས་རྫོགས་ཐབས་ལམ་ཅིག་ གསལ་ཞུ་ཕུལ་ཡོདཔ་ཨིན་པས།,243,57
སྒེར་སྡེ་ཚུ་ནང་འཁོད་ལུ་ ལས་བཟོ འོང་འབབ་དེ་ གྲོས་འཆར་བཀོད་ཡོདཔ་ཨིན་པས།,69,17
མཐའ་དཔྱད་གྲོས་འཆར་ནང་ བརྡ་ལམ་གྱི་ནང་དུ་གནས་ཚུལ ཐོབ་མི་དང་བསྟུན་ཨིནམ་ད་ དགེ་འདུན་པ ཚུལ་མིན་འཐབ་མི་དང་ དབྱེ་ཞིབ་འབད་ནིའི་ བརྡ་ལམ་གྱི་ནང་དུ་གནས་ཚུལའོང་འབབ་དེ་ སྟག་ཚང གྲོས་འཆར་བཀོད་ཡོདཔ་ཨིན་པས།,189,47
མཐའ་དཔྱད་གྲོས་འཆར་ནང་ ཕན་ནུས་ཅན་གྱི་ བརྡ་ལམ་གྱི་ནང་དུ་གནས་ཚུལཚུལ་མིན་འཐབ་མི་དང་ ནི དབྱེ་ཞིབ་འབད་ནིའི་ མགྲོན་སྐྱོང་ལས་སྡེའི་དོན་ལུ་ བརྡ་ལམ་གྱི་ནང་དུ་གནས་ཚུལགྲོས་འཆར་བཀོད་ཡོདཔ་ཨིན་པས།,181,43
མཁོ་སྒྲུབ་གཞི་སྒྱུར་གྱི་ལག་ལེན་ ད་ལྟོ་འབད་བའི་བསྒང་ཡོདཔ།,56,13
གློག་རིག་གཞུང་འབྲེལ་མཁོ་སྒྲུབ་རིམ་ལུགས་དེ་ བརྡ་ལམ་གྱི་ནང་དུ་གནས་ཚུལལཱ་ཁག་བཏང་སྟེ་ དབྱེ་གཞི བཟོ་གྲྭ་ཚོང་རིག་དང་ ཞིབ་དཔྱད་འབད་ཚུགསཔ་ བརྡ་ལམ་གྱི་ནང་དུ་གནས་ཚུལབཀག་དམ་ཅན་གྱི་ གྲོང་ཚོ སྒྲིང་སྒྲི་བཟོ་ནི་ཨིན་པས།,203,48
གློག་རིག་གཞུང་འབྲེལ་མཁོ་སྒྲུབ་རིམ་ལུགས་དེ་ ངན་ལྷད་དང་འབྲེལ་བའི་ བརྡ་ལམ་གྱི་ནང་དུ་གནས་ཚུལབཟོ་གྲྭ་ཚོང་རིག་དང་ པདྨ ཞིབ་དཔྱད་འབད་ཚུགསཔ་ ཚོང་འབྲེལ་གྱི་རིན་བསྡུར་ཚུ་ བརྡ་ལམ་གྱི་ནང་དུ་གནས་ཚུལསྒྲིང་སྒྲི་བཟོ་ནི་ཨིན་པས།,209,48
ཅི་བ་འཕྲུལ་རིག་གཙུག་ལག་སློབ་སྡེ་གིས་ མི་དབང་མཆོག་ལུ་ མཁས་དབང་སྐུ་ཡོན་གྱི་ གཟེངས་བསྟོད་ལག་ཁྱེར་ཕུལ་ཡོདཔ།,103,24
༉ སྤྱི་ཟླ་༥ པའི་ཚེས་༢༧ ལུ་ ཇ་པཱན་ལུ་ཡོད་པའི་ ཅི་བ་འཕྲུལ་རིག་གཙུག་ལག་སློབ་སྡེ་གིས་ མི་དབང་མངའ་བདག་རིན་པོ་ཆེ་མཆོག་ལུ་ མཁས་དབང་སྐུ་ཡོན་གྱི་ གཟེངས་བསྟོད་ལག་ཁྱེར་ ཕུལ་ཡོདཔ་ཨིན་པས།,174,44
མཉམ་འབྲེལ་གཞི་བཙུགས་པ་ འབྲུག ཕུལ་ཡོདཔ་ཨིན་པས།,45,10
གཙུག་ལག་སློབ་སྡེ་གིས་ མཁས་དབང་གི་ བརྡ་ལམ་གྱི་ནང་དུ་གནས་ཚུལ ལའུ་རེནསི་ ཨེ་མ་དར་ཚི ཅི་བ་འཕྲུལ་རིག་གཙུག་ལག་སློབ་སྡེ་གིས་ ཇ་པཱན་ལུ་ བརྡ་ལམ་གྱི་ནང་དུ་གནས་ཚུལཕུལ་ཡོདཔ་ཨིན་པས།,168,43
སྒོ་ནོར་དཔྱད་ཡིག་༢༠༢༥ ཅན་མ་གིས་ སྒོ་ནོར་གྱི་ཕན་བདེ་དང་ སྐྱེ་ལྡན་ཉམས་སྲུང་ལུ་ གཞི་བསྒྱུར་འབད་ཚུགས་ནི།,100,24
ཁྲིམས་དོན་དེ་ བྱིནམ་འདྲཝ་འབད་བ་ཅིན་ བརྡ་ལམ་གྱི་ནང་དུ་གནས་ཚུལཉེན་སྲུང་ མཆོད་རྟེན གོང་འཕེལ་དང་ ལཱ་ཚུ་འབད་ཚུགས་ནི་ཨིན་པས།,118,28
རྒྱལ་ཁབ་ནང་ བརྡ་ལམ་གྱི་ནང་དུ་གནས་ཚུལ ཁྲིམས་དོན་དེ་ དབྱེ་ཞིབ བྱིནམ་འདྲཝ་འབད་བ་ཅིན་ འབྲུག་གི་སྒོ་ནོར་དཔྱད་ཡིག་༢༠༢༥ བརྡ་ལམ་གྱི་ནང་དུ་གནས་ཚུལགོང་འཕེལ་དང་ ལས་བཟོ ལཱ་ཚུ་འབད་ཚུགས་ནི་ཨིན་པས།,182,45
རྒྱལ་ཁབ་ནང་ སོན་སྤེལ་ཁང་དང་ བརྡ་ལམ་གྱི་ནང་དུ་གནས་ཚུལབྱིནམ་འདྲཝ་འབད་བ་ཅིན་ གཞུང་རྒྱུན འབྲུག་གི་སྒོ་ནོར་དཔྱད་ཡིག་༢༠༢༥ ཅན་མ་དེ་ནང་ བརྡ་ལམ་གྱི་ནང་དུ་གནས་ཚུལལཱ་ཚུ་འབད་ཚུགས་ནི་ཨིན་པས།,177,44
རྒྱལ་ཁབ་ནང་ མཆོད་རྟེན སོན་སྤེལ་ཁང་དང་ ཁོང་གི་འགན་ཁུར་ཨིན་ཟེར་ཨིན་པས།,68,17
འདི་ཚུ་རྒྱབ་སྐྱོར་འབད་དོན་ལུ་ བརྡ་ལམ་གྱི་ནང་དུ་གནས་ཚུལའབྲུག་གི་སྒོ་ནོར་དཔྱད་ཡིག་༢༠༢༥ པདྨ ཅན་མ་དེ་ནང་ རྒྱལ་ཁབ་ཀྱི་ བརྡ་ལམ་གྱི་ནང་དུ་གནས་ཚུལསོན་སྤེལ་ཁང་དང་ རྫོང ཁོང་གི་འགན་ཁུར་ཨིན་ཟེར་ཨིན་པས།,189,47
འདི་ཚུ་རྒྱབ་སྐྱོར་འབད་དོན་ལུ་ རྒྱབ་སྐྱོར་འབད་ཚུགས་ཟེར་ བརྡ་ལམ་གྱི་ནང་དུ་གནས་ཚུལཅན་མ་དེ་ནང་ གར་རྩལ རྒྱལ་ཁབ་ཀྱི་ འོས་འབབ་ཅན་གྱི་ བརྡ་ལམ་གྱི་ནང་དུ་གནས་ཚུལཁོང་གི་འགན་ཁུར་ཨིན་ཟེར་ཨིན་པས།,181,45
བརྡ་ལམ་གྱི་ནང་དུ་གནས་ཚུལའབྲུག་སྤུས་ཚད་དང་ཁྱད་རིག་ངོ་སྦྱོར་དབང་འཛིན་གྱི་འོག་ལུ་ བདེ་ཐང་དཀར་ཆགས གྲོགས་རམ་གྱི་གནད་དོན་ཚུ་ གལ་ཆེ་ཟེར་ཨིན་རུང་ བརྡ་ལམ་གྱི་ནང་དུ་གནས་ཚུལ གོང་འཕེལ་གྱི་འཆར་གཞི་ཚུ་ དབང་འདུས ཨིན་པའི་གནས་ཚུལ།,213,53
དམིགས་དོན་འགྲུབ་ཚུགསཔ་འབད་འོང་ཟེར་ཨིན་པས།,41,9
ད་ལྟོ་འབད་བ་ཅིན་ བརྡ་ལམ་གྱི་ནང་དུ་གནས་ཚུལགྲོགས་རམ་གྱི་གནད་དོན་ཚུ་ རྫོང གལ་ཆེ་ཟེར་ཨིན་རུང་ སེམས་ཅན་གྱི་ཕན་བདེ་དང་ བརྡ་ལམ་གྱི་ནང་དུ་གནས་ཚུལཨིན་པའི་གནས་ཚུལ།,153,39
དུས་ཆེན དམིགས་དོན་འགྲུབ་ཚུགསཔ་འབད་འོང་ཟེར་ཨིན་པས།,49,11
ད་ལྟོ་འབད་བ་ཅིན་ ལྷན་ཁག་དང་ བརྡ་ལམ་གྱི་ནང་དུ་གནས་ཚུལགལ་ཆེ་ཟེར་ཨིན་རུང་ ཉེས་ཚོགས སེམས་ཅན་གྱི་ཕན་བདེ་དང་ གནས་ཚད་དང་འཁྲིལ་ བརྡ་ལམ་གྱི་ནང་དུ་གནས་ཚུལ དམིགས་དོན་འགྲུབ་ཚུགསཔ་འབད་འོང་ཟེར་ཨིན་པས།,186,47
ཟ་ཁང་ཚུ་གིས་ སྐྱིན་ཚབ་བཏབ་ནིའི་ ཕར་འགྱངས་དུས་ཡུན་ རྫོགས་དོ་ཡོདཔ།,64,15
༉ ཟ་ཁང་དང་ བཟོ་གྲྭའི་སྐྱིན་འགྲུལ་གྱི་ སྐྱིན་ཚབ་བཏབ་ནིའི་ དུས་ཡུན་ཕར་འགྱངས་འབད་མི་དེ་ སྤྱི་ཟླ་༧ པའི་ཚེས་༣༠ ལུ་ རྫོགས་དོ་ཡོདཔ་ལས་ གཞུང་གིས་ ད་རུང་ ཕར་འགྱངས་འབད་ནིའི་ འོས་འབབ་ཡོད་མེད་ཀྱི་ དབྱེ་ཞིབ་དོན་ལུ་ གྲོས་བསྡུར་ཐེངས་༢ འབད་ཡོདཔ་ཨིན་པས།,236,56
བཟོ་གྲྭ་ཚུ་ཡང་ བརྡ་ལམ་གྱི་ནང་དུ་གནས་ཚུལདཔལ་འབྱོར་ལྷན་ཐབས་ལས་རིམ་གྱི་གྲངས་སུ་ རྒྱུ་དཀའ།,86,21
ལྟ་བཤལ་དང་འབྲེལ་བའི་གཙོ་རིམ་ཅན་༥༠༥ རྒྱ་སྐྱེད་གོ་བརྡའི་ལས་རིམ་ བརྡ་ལམ་གྱི་ནང་དུ་གནས་ཚུལདང་ཕྱདཔ་ད་ རྡོ་རྗེ འབད་ཡོདཔ་ཨིན་པས།,121,30
བཟོ་གྲྭ་ཚུ་ཡང་ གནད་དོན་བཀོད་མི་དེ་ཡང་ བརྡ་ལམ་གྱི་ནང་དུ་གནས་ཚུལལྟ་བཤལ་དང་འབྲེལ་བའི་གཙོ་རིམ་ཅན་༥༠༥ ཆོས་ལྡན་ རྒྱ་སྐྱེད་གོ་བརྡའི་ལས་རིམ་ གདོང་ལན་ཚུ་ཡོད་མི་དང་འབྲེལ་ བརྡ་ལམ་གྱི་ནང་དུ་གནས་ཚུལ,185,47
སྤྱི་ལོ་༢༠༢༧ ལས་ གསར་སྤང་དང་ ལྷ་མོའི་རྫིང་ཁ་བར་ན་ གཞུང་ལམ་བསལ་ནིའི་ལས་འགུལ་ འགོ་བཙུགས་ནི།,89,22
གཞུང་ལམ་དེ་ འབྲུག་ལྷོ་ཕྱོགས་དཔལ་འབྱོར་དང་ མཐུད་འབྲེལ་ཡར་དྲག་གཏང་ནིའི་དོན་ལས་ གཙོ་ཅན་ཅིག་ཨིནམ་བཞིན་དུ་ གསར་སྤང་དང་ ལྷ་མོའི་རྫིང་ཁ་བར་ན་ གཞུང་ལམ་བསལ་ནིའི་ལས་འགུལ་དེ་ སྤྱི་ལོ་༢༠༢༧ ལས་ འགོ་བཙུགས་ནི་ཨིནམ་ལས་ གྲ་སྒྲིག་གི་ལཱ་ཚུ་འབད་ནི་ འགོ་བཙུགས་ཡོདཔ་ཨིན་པས།,251,60
ཤར་ལྷོ་- བརྡ་ལམ་གྱི་ནང་དུ་གནས་ཚུལཔཱན་སྦང་ རྡོ་རྗེ ཉམས་སྲུང་འབད་ནིའི་དོན་ལུ་ འབདཝ་ད་ བརྡ་ལམ་གྱི་ནང་དུ་གནས་ཚུལ འཆར་གཞི་ཨམ་གྱི་ འབྲུག འཐུང་ཀུ་འགྱོ་ནི་ཨིན་པས།,154,39
ཤར་ལྷོ་- གཙོ་ཅན་ཅིག་ཨིནམ་བཞིན་དུ་ བརྡ་ལམ་གྱི་ནང་དུ་གནས་ཚུལཉམས་སྲུང་འབད་ནིའི་དོན་ལུ་ ཆོས་ལྡན་ འབདཝ་ད་ འགོ་བཙུགས་ཡོདཔ་ཨིན་པས།,123,30
ཀི་ལོ་མི་ཊར་༩༥ བརྡ་ལམ་གྱི་ནང་དུ་གནས་ཚུལའཐུང་ཀུ་འགྱོ་ནི་ཨིན་པས།,62,17
ཤར་ལྷོ་- བླ་མ གཙོ་ཅན་ཅིག་ཨིནམ་བཞིན་དུ་ ལྷ་མོའི་རྫིང་ཁ་གི་གཞུང་ལམ་དེ་ བརྡ་ལམ་གྱི་ནང་དུ་གནས་ཚུལའབདཝ་ད་ འབྲུག་པ འགོ་བཙུགས་ཡོདཔ་ཨིན་པས།,131,34
ཀི་ལོ་མི་ཊར་༩༥ ལས་རིམ་དབྱེ་ཁག་༢ བརྡ་ལམ་གྱི་ནང་དུ་གནས་ཚུལགཙོ་ཅན་ཅིག་ཨིནམ་བཞིན་དུ་ གླུ་དབྱངས ལྷ་མོའི་རྫིང་ཁ་གི་གཞུང་ལམ་དེ་ དེ་ལས་ བརྡ་ལམ་གྱི་ནང་དུ་གནས་ཚུལའགོ་བཙུགས་ཡོདཔ་ཨིན་པས།,174,45
དེ་ལས་ བརྡ་ལམ་གྱི་ནང་དུ་གནས་ཚུལགྲ་སྒྲིག་གི་ གནས་འཁོར བསམ་རྩེ་ སྔོན་རྩིས་བཏོན་ཏེ་ བརྡ་ལམ་གྱི་ནང་དུ་གནས་ཚུལགཞུང་ལམ་དེ་ དགོན་པ གཏང་ནི་ཨིན་པས།,138,34
དེ་ལས་ བཙུགས་ནི་ཨིན་པས།,23,6
དེ་བཟུམ་སྦེ་ བརྡ་ལམ་གྱི་ནང་དུ་གནས་ཚུལབསམ་རྩེ་ མདའ་རྩེད སྔོན་རྩིས་བཏོན་ཏེ་ བཟོ་བཀོད་དང་ བརྡ་ལམ་གྱི་ནང་དུ་གནས་ཚུལགཏང་ནི་ཨིན་པས།,125,30
དེ་ལས་ མོག་མོག བཙུགས་ནི་ཨིན་པས།,31,8
དེ་བཟུམ་སྦེ་ དར་དཀར་ནང་འགྱོ་བའི་སྐབས་ བརྡ་ལམ་གྱི་ནང་དུ་གནས་ཚུལསྔོན་རྩིས་བཏོན་ཏེ་ གླུ་དབྱངས བཟོ་བཀོད་དང་ གསར་སྤང་- བརྡ་ལམ་གྱི་ནང་དུ་གནས་ཚུལབཙུགས་ནི་ཨིན་པས།,154,37
སྐྱེ་ལྡན་གནས་སྟངས་རིམ་ལུགས་ བརྡ་ལམ་གྱི་ནང་དུ་གནས་ཚུལ,52,13
རྒྱལ་ཡོངས་ཚོགས་འདུ་གིས་ བིམསི་ཊེག་གི་ ཕན་ཚུན་ཁྲིམས་ཀྱི་གྲོགས་རམ་དང་ མཚོ་འགྲུལ་སྐྱེལ་འདྲེན་གན་ཡིག་ བསྐྱར་ཞིབ་འབད་ནི།,115,25
ཁ་ཙ་ རྒྱལ་ཡོངས་ཚོགས་འདུ་གིས་ བེང་གཱལ་མཚོ་ཁུག་སྣ་མང་ལས་སྡེའི་ འཕྲུལ་རིག་དཔལ་འབྱོར་མཉམ་འབྲེལ་ཐབས་རིག་(བིམསི་ཊེག)གི་ ཕན་ཚུན་ཁྲིམས་ཀྱི་གྲོགས་རམ་དང་ མཚོ་འགྲུལ་སྐྱེལ་འདྲེན་གན་ཡིག་གུ་ གསུང་གྲོས་དང་ ཆ་འཇོག་གི་དོན་ལུ་ ངོ་སྤྲོད་འབད་ཡོདཔ་ཨིན་པས།,234,53
གན་ཡིག་དེ་གིས་ བརྡ་ལམ་གྱི་ནང་དུ་གནས་ཚུལའཐུས་མི་ཅིག་ཨིནམ་ལས་ འཆར་སྤྱོད གཞི་བཙུགས་འབད་བའི་ཁར་ འཛམ་གླིང་ནང་ བརྡ་ལམ་གྱི་ནང་དུ་གནས་ཚུལ༉ བཀྲ་ཤིས སྙན་ཞུ་འབད་དགོཔ་ཨིན་པས།,162,40
གན་ཡིག་དེ་གིས་ མཚོ་ལས་ཕར་ཚུར་ བརྡ་ལམ་གྱི་ནང་དུ་གནས་ཚུལགཞི་བཙུགས་འབད་བའི་ཁར་ སྟག་ཚང འཛམ་གླིང་ནང་ འག་ བརྡ་ལམ་གྱི་ནང་དུ་གནས་ཚུལསྙན་ཞུ་འབད་དགོཔ་ཨིན་པས།,148,37
གན་ཡིག་དེ་གིས་ འབྲུག་གི་གནས་ཚུལ མཚོ་ལས་ཕར་ཚུར་ སྤྱི་ཟླ་༤ བརྡ་ལམ་གྱི་ནང་དུ་གནས་ཚུལའཛམ་གླིང་ནང་ རི་མོ འག་ ཕན་ཚུན་ཁྲིམས་ཀྱི་གྲོགས་རམ་གྱི་ བརྡ་ལམ་གྱི་ནང་དུ་གནས་ཚུལ,160,41
ཐིམ་ཕུག་ལུ་ ཚན་རིག་དང་ བཟོ་རིག་ དེ་ལས་ འཕྲུལ་རིག་གི་གྲོས་འཛོམས་ ཉིནམ་༢ འཚོགས་ཡོདཔ།,82,19
༉ ཁ་ཙ་ རྒྱལ་སྤྱི་ཚན་རིག་དང་འཕྲུལ་རིག་གི་གྲོས་འཛོམས་ འཚོགས་ཡོདཔ་ད་ དེ་ཡང་ བཟོ་རིག་དང་ ཚན་རིག་ དེ་ལས་ འཕྲུལ་རིག་གི་བར་ན་ ཁྱད་པར་མེདཔ་བཟོ་ནི་དང་ གཏན་ཏོག་ཏོ་བཟོ་ནི་ དེ་ལས་ འཛམ་གླིང་གི་མཁས་མཆོག་ཚུ་གིས་ གོང་འཕེལ་གཏང་ནིའི་ དམིགས་ཡུལ་ཡོདཔ་ཨིན་པས།,238,59
ཁྱད་པར་ཞུགས་སྲིད་ནི་ཨིནམ་སྦེ་ བསོད་ནམས་ དེ་ལས་ ༉ བརྡ་ལམ་གྱི་ནང་དུ་གནས་ཚུལ ཞིབ་འཚོལ་བ་ བསོད་ནམས་ ཡིག་ཆ་ཚུ་ དམིགས་བསལ་གྱི་ བརྡ་ལམ་གྱི་ནང་དུ་གནས་ཚུལདེ་ལས་ དབང་འདུས ༉ དགོཔ་སྦེ་འདུག་ཟེར་ཨིན་པས།,188,47
གཙོ་འཛིན་གྱིས་ བརྡ་ལམ་གྱི་ནང་དུ་གནས་ཚུལཡིག་ཆ་ཚུ་ ཉེས་ཚོགས དམིགས་བསལ་གྱི་ གློག་མེའི་དགོས་མཁོ་དང་ བརྡ་ལམ་གྱི་ནང་དུ་གནས་ཚུལ༉ འཆར་སྤྱོད དགོཔ་སྦེ་འདུག་ཟེར་ཨིན་པས།,157,37
གཙོ་འཛིན་གྱིས་ ལུགས་སྲོལ་དེ་ བརྡ་ལམ་གྱི་ནང་དུ་གནས་ཚུལདམིགས་བསལ་གྱི་ འགོད་རིམ གློག་མེའི་དགོས་མཁོ་དང་ གཞུང་གི་བར་འབྲེལ་བའི་ལཱ་འབད་མི་དང་ བརྡ་ལམ་གྱི་ནང་དུ་གནས་ཚུལདགོཔ་སྦེ་འདུག་ཟེར་ཨིན་པས།,184,43
མ་ལེ་ཤི་ཡ་ལས་ བརྡ་ལམ་གྱི་ནང་དུ་གནས་ཚུལའཛམ་གླིང་གི་མཁས་མཆོག་ཚུ་གིས་ སངས་རྒྱས་ཆོས འཚོགས་ཡོདཔ་ད་ ཞིབ་འཚོལ་འབད་མིའི་སྐོར་ལས་ བརྡ་ལམ་གྱི་ནང་དུ་གནས་ཚུལངོས་ལེན་དང་ གཡག འབདཝ་མས་ཟེར་ཨིན་པས།,180,45
མ་ལེ་ཤི་ཡ་ལས་ ཡང་བསྐྱར་དུ་བཤད་མིའི་ནང་ བརྡ་ལམ་གྱི་ནང་དུ་གནས་ཚུལའཚོགས་ཡོདཔ་ད་ དཀྱིལ་ར ཞིབ་འཚོལ་འབད་མིའི་སྐོར་ལས་ ག་ཅི་ར་དངོས་ལྟར་ བརྡ་ལམ་གྱི་ནང་དུ་གནས་ཚུལའབདཝ་མས་ཟེར་ཨིན་པས།,172,44
མཉམ་བསྡོམས་ཐོག་ལས་ ག་དེ་སྦེ་ བརྡ་ལམ་གྱི་ནང་དུ་གནས་ཚུལགདོང་ལེན་བྱུང་མི་ཚུ་ བླ་མ ལག་ལེན་དངོས་ལྟར་འཐབ་ཞིནམ་ལས་ ཧ་གོ་ཚུགསཔ་བཟོ་དགོ་པས་ཟེར་ཨིན་པས།,141,36
གྲོས་འཛོམས་ཀྱི་ བརྡ་ལམ་གྱི་ནང་དུ་གནས་ཚུལམཉམ་བསྡོམས་ཐོག་ལས་ ཆོག་མི་སྡུད ག་དེ་སྦེ་ འཕྲུལ་རིག་མཐོ་རིམ་སློབ་གྲྭ་གཉིས་ བརྡ་ལམ་གྱི་ནང་དུ་གནས་ཚུལལག་ལེན་དངོས་ལྟར་འཐབ་ཞིནམ་ལས་ རིག་གཞུང ཧ་གོ་ཚུགསཔ་བཟོ་དགོ་པས་ཟེར་ཨིན་པས།,209,50
གྲོས་འཛོམས་ཀྱི་ དེ་ཡང་ བརྡ་ལམ་གྱི་ནང་དུ་གནས་ཚུལག་དེ་སྦེ་ འབྲུག་གི་གནས་ཚུལ འཕྲུལ་རིག་མཐོ་རིམ་སློབ་གྲྭ་གཉིས་ ཨིན་པའི་གནས་ཚུལ།,123,29
བརྡ་ལམ་གྱི་ནང་དུ་གནས་ཚུལཧ་གོ་ཚུགསཔ་བཟོ་དགོ་པས་ཟེར་ཨིན་པས།,57,15
གྲོས་འཛོམས་ཀྱི་ མདའ་རྩེད དེ་ཡང་ དེ་ལས་ བརྡ་ལམ་གྱི་ནང་དུ་གནས་ཚུལའཕྲུལ་རིག་མཐོ་རིམ་སློབ་གྲྭ་གཉིས་ ཆེད་གཞི ཨིན་པའི་གནས་ཚུལ།,120,28
འགོ་འདྲེན་ཚོགས་ཆུང་གི་འཐུས་མི་ བརྡ་ལམ་གྱི་ནང་དུ་གནས་ཚུལདེ་ཡང་ གཞུང་རྒྱུན དེ་ལས་ སྔོན་རྟགས་ཐབས་བྱུང་ཚུ་ བརྡ་ལམ་གྱི་ནང་དུ་གནས་ཚུལ,127,31
འབྲུག་མི་ཚུ་གིས་ ཇི་ཨེམ་སི་གནམ་གྲུ་ཐང་ བཟོ་སྐྲུན་ལས་འགུལ་ལུ་ མདུན་སྐྱོད།,72,17
༉ རྒྱལ་ཁབ་ནང་འཁོད་ལས་ འབྲུག་མི་ཚུ་གིས་ དགེ་ལེགས་ཕུག་རྒྱལ་སྤྱི་གནམ་གྲུ་ཐང་ལས་འགུལ་གྱི་དོན་ལས་ ཕན་འདེབས་འབད་ནི་ལུ་ མདུན་སྐྱོད་འབད་དོ་ཡོདཔ་ཨིན་པས།,143,35
ལས་འགུལ་ནང་ བརྡ་ལམ་གྱི་ནང་དུ་གནས་ཚུལཟླཝ་༢ འབྲས ཞལ་འཛོམས་ཅིག་ ཅང་གའི་རྒྱལ་སྤྱི་གནམ་གྲུའི་ཐང་གི་ བརྡ་ལམ་གྱི་ནང་དུ་གནས་ཚུལཕོ་སྐྱེས་ཅིག་གིས་ དཀྱིལ་ར གཞི་བཞག་སྟེ་འབད་ནི་ཨིན་ཟེར་ཨིན་པས།,179,44
ལས་འགུལ་ནང་ ལག་ལེན་འཐབ་ནི་གི་ བརྡ་ལམ་གྱི་ནང་དུ་གནས་ཚུལཞལ་འཛོམས་ཅིག་ གླུ་དབྱངས ཅང་གའི་རྒྱལ་སྤྱི་གནམ་གྲུའི་ཐང་གི་ ལས་བརྒལ་མ་ལུས་མི་ལུ་བརྟེན་ བརྡ་ལམ་གྱི་ནང་དུ་གནས་ཚུལགཞི་བཞག་སྟེ་འབད་ནི་ཨིན་ཟེར་ཨིན་པས།,197,49
འབྲུག་གི་ ཀི་རི་ཀེཊ་སྡེ་ཚན་གྱིས་ ཨའེ་སི་སི་ཊི་༢༠ ཝཱོལཌ་ཀབ་ནང་ རྩེད་འགྲན་འབད་ནི།,79,20
ད་རེས་འཕྲལ་ཁམས་ཅིག་ཁར་ བརྡ་ལམ་གྱི་ནང་དུ་གནས་ཚུལས་གནས་ གྲོང་ཚོ པའི་ཚེས་༩ ད་ལྟོའི་སྡེ་ཚན་ཚུ་ བརྡ་ལམ་གྱི་ནང་དུ་གནས་ཚུལབཅའ་མར་གཏོགས་ནི་དང་ ལས་བཟོ ཁོ་གིས་བཤདཔ་ཨིན་པས།,161,42
ད་རེས་འཕྲལ་ཁམས་ཅིག་ཁར་ ཨེ་ཤི་ཡའི་མཐར་འཁྱོལ་དབྱེ་སྡེ་ནང་ལས་ བརྡ་ལམ་གྱི་ནང་དུ་གནས་ཚུལཔའི་ཚེས་༩ གཡག ད་ལྟོའི་སྡེ་ཚན་ཚུ་ ཀ་ཊར་ བརྡ་ལམ་གྱི་ནང་དུ་གནས་ཚུལཁོ་གིས་བཤདཔ་ཨིན་པས།,165,43
དོ་འགྲན་ཅན་སྦེ་ ཟླཝ་གཉིས་ལྷགཔ་ཅིག་གི་རིང་ བརྡ་ལམ་གྱི་ནང་དུ་གནས་ཚུལདེ་ལས་ ཉེས་ཚོགས ལྷོད་ཡོདཔ་ད་ སྡེ་ཚན་ནང་ བརྡ་ལམ་གྱི་ནང་དུ་གནས་ཚུལདོ་འགྲན་ཅན་སྦེ་ གཞི་འཛུགས ཟླཝ་གཉིས་ལྷགཔ་ཅིག་གི་རིང་ ཐའེ་ལེནཌ་གི་སྡེ་ཚན་དང་ བརྡ་ལམ་གྱི་ནང་དུ་གནས་ཚུལ,229,57
ཐའེ་ལེནཌ་གི་ མི་དབང་རྒྱལ་བཙུན་རྣམ་༢ ཀྱིས་ འབྲུག་ལུ་ རྒྱལ་ཁམས་གཟིགས་སྐོར་གནང་མི་དེ་ མཇུག་བསྡུ་ཡོདཔ།,98,22
༉ ཁ་ཙ་ ཐའེ་ལེནཌ་གི་ མི་དབང་རྒྱལཔོ་མཆོག་དང་ རྒྱལ་བཙུན་རྣམ་༢ ཀྱིས་ ཉིན་གྲངས་༤ གི་རིང་ རྒྱལ་ཁམས་གཟིགས་སྐོར་གནང་པའི་ཤུལ་ལུ་ འབྲུག་ལས་ ལོག་བྱོན་གནང་ཡི།,146,35
སྤྱི་ཟླ་༤ བརྡ་ལམ་གྱི་ནང་དུ་གནས་ཚུལདམིགས་བསལ་གྱི་སྨོན་ལམ་དང་ སྟག་ཚང སློབ་དཔོན་ མ་ཧཱ་ བརྡ་ལམ་གྱི་ནང་དུ་གནས་ཚུལ འབྲུག་པའི་ལམ་སྲོལ་དང་ འབྲུག་པ འཛིན་སྐྱོང་འཐབ་དོ་ཡོདཔ་ཨིན་པས།,169,42
སྤྱི་ཟླ་༤ འགོ་འདྲེན་འཐབ་ཡོདཔ་ཨིན་པས།,36,9
ཐའེ་ལེནཌ་གི་ བརྡ་ལམ་གྱི་ནང་དུ་གནས་ཚུལསློབ་དཔོན་ གཞུང་རྒྱུན མ་ཧཱ་ ལུ་ བརྡ་ལམ་གྱི་ནང་དུ་གནས་ཚུལའཛིན་སྐྱོང་འཐབ་དོ་ཡོདཔ་ཨིན་པས།,123,29
སྤྱི་ཟླ་༤ དགོན་པ འགོ་འདྲེན་འཐབ་ཡོདཔ་ཨིན་པས།,43,11
ཐའེ་ལེནཌ་གི་ མི་དབང་རྒྱལ་བཙུན་རྣམ་༢ བརྡ་ལམ་གྱི་ནང་དུ་གནས་ཚུལམ་ཧཱ་ པདྨ ལུ་ རྒྱལ་དར་གཡུག་ཞིནམ་ལས་ བརྡ་ལམ་གྱི་ནང་དུ་གནས་ཚུལའགོ་འདྲེན་འཐབ་ཡོདཔ་ཨིན་པས།,146,36
མི་དབང་རྒྱལ་བཙུན་རྣམ་༢ བརྡ་ལམ་གྱི་ནང་དུ་གནས་ཚུལདེ་ལས་ གོ ཐའེ་ལེནཌ་གི་ བརྡ་མཚོན་ཨིན་པའི་གནས་ཚུལ།,95,24
བཙན་སྐྱོགས་དབང་འདུས།,20,4
བརྡ་ལམ་གྱི་ནང་དུ་གནས་ཚུལམི་དབང་རྒྱལ་བཙུན་རྣམ་༢ ཨེ་མ་དར་ཚི ཕེབས་བསུ་ཞུ་ཡི།,73,20
མི་དབང་རྒྱལ་བཙུན་རྣམ་༢ རྒྱལ་ཁབ་༢ བརྡ་ལམ་གྱི་ནང་དུ་གནས་ཚུལཐའེ་ལེནཌ་གི་ རྫོང་ཁ བརྡ་མཚོན་ཨིན་པའི་གནས་ཚུལ།,102,26
དེ་བསྒང་ བརྡ་ལམ་གྱི་ནང་དུ་གནས་ཚུལཕེབས་བསུ་ཞུ་ཡི།,48,12
མི་དབང་རྒྱལ་བཙུན་རྣམ་༢ གཞུང་རྒྱུན རྒྱལ་ཁབ་༢ འགྲེམས་སྟོན་འབད་དེ་ བརྡ་ལམ་གྱི་ནང་དུ་གནས་ཚུལབརྡ་མཚོན་ཨིན་པའི་གནས་ཚུལ།,113,27
མི་དབང་མངའ་བདག་རིན་པོ་ཆེ་མཆོག་དང་ བརྡ་ལམ་གྱི་ནང་དུ་གནས་ཚུལརྒྱལ་བཙུན་རྣམ་༢ ཆུ་སྒྲིག རེ་འདོད་བརྗེ་སོར་གྱི་ རྒྱལ་ཡོངས་རོ་ཁྱིའི་གྲངས་འབོར་འཛིན་སྐྱོང་མགྱོགས་དྲགས་དང་ བརྡ་ལམ་གྱི་ནང་དུ་གནས་ཚུལཔའི་ཚེས་༢༧ ནི འབྲུག་ལུ་ཕེབས་གནང་ཡི།,220,52
མི་དབང་མངའ་བདག་རིན་པོ་ཆེ་མཆོག་དང་ ནང་འཁོད་ཐོན་སྐྱེད་དང་ བརྡ་ལམ་གྱི་ནང་དུ་གནས་ཚུལརེ་འདོད་བརྗེ་སོར་གྱི་ ཆོས་ལྡན་ རྒྱལ་ཡོངས་རོ་ཁྱིའི་གྲངས་འབོར་འཛིན་སྐྱོང་མགྱོགས་དྲགས་དང་ རྒྱལ་བཙུན་མཆོག་གིས་ བརྡ་ལམ་གྱི་ནང་དུ་གནས་ཚུལའབྲུག་ལུ་ཕེབས་གནང་ཡི།,232,53
མི་དབང་མངའ་བདག་རིན་པོ་ཆེ་མཆོག་དང་ ཕྱུག་མ ནང་འཁོད་ཐོན་སྐྱེད་དང་ དེ་ལས་ བརྡ་ལམ་གྱི་ནང་དུ་གནས་ཚུལརྒྱལ་ཡོངས་རོ་ཁྱིའི་གྲངས་འབོར་འཛིན་སྐྱོང་མགྱོགས་དྲགས་དང་ ཆེད་གཞི རྒྱལ་བཙུན་མཆོག་གིས་ མཐུན་ལམ་གཏིང་ཟབ་དང་ བརྡ་ལམ་གྱི་ནང་དུ་གནས་ཚུལ,222,53
སྒེར་སྡེ་གིས་ འཆར་གཞི་༡༣ པའི་ནང་ འགན་ཁུར་སྒྲིང་སྒྲི་འཚོལ་ཞིབ།,61,14
༉ འབྲུག་ཚོང་དང་བཟོ་གྲྭ་ཚོགས་སྡེ་གིས་ བློན་ཆེན་ཡིག་ཚང་དང་ ལྷན་རྒྱས་གཞུང་ཚོགས་ལུ་ ལོ་ལྔའི་འཆར་གཞི་༡༣ པའི་ནང་ སྒེར་སྡེའི་འབྲེལ་གཏོགས་དོན་ལུ་ ཐབས་བྱུས་གཞི་བཀོད་ཅིག་ གྲོས་འཆར་ཕུལ་ཡོདཔ་ཨིན་པས།,186,43
མཐུན་སྒྲིག་འབད་ནིའི་་དོན་ལུ་ཡང་ རི་མོ སྐུལ་ཁྱབ་བརྡ་སྤྲོད་འབདཝ་ཨིན་པས།,69,16
འབྲུག་ཚོང་དང་བཟོ་གྲྭ་ཚོགས་སྡེ་གིས་ དྭངས་གསལ་ཅན་གྱི་ བརྡ་ལམ་གྱི་ནང་དུ་གནས་ཚུལ འགན་འཁྲི་ མོག་མོག བརྩོན་ཤུགས་ཅན་གྱི་ གྲོས་འཆར་ནང་ བརྡ་ལམ་གྱི་ནང་དུ་གནས་ཚུལསྐུལ་ཁྱབ་བརྡ་སྤྲོད་འབདཝ་ཨིན་པས།,182,43
འབྲུག་ཚོང་དང་བཟོ་གྲྭ་ཚོགས་སྡེའི་ བརྡ་ལམ་གྱི་ནང་དུ་གནས་ཚུལགྲོས་འདེབས་རེ་རེ་བཞིན་དུ་ རྒྱུ་དཀའ།,92,21
བརྩོན་ཤུགས་ཚུ་ལུ་ ཡུ་རོ་པིན་ཡུ་ནི་ཡན་གྱིས་ བརྡ་ལམ་གྱི་ནང་དུ་གནས་ཚུལགསར་བཏོད་ དགྲ་ཁྲོད་ཕུག བཀོད་དེ་ཡོདཔ་ཨིན་པས།,110,27
འབྲུག་ཚོང་དང་བཟོ་གྲྭ་ཚོགས་སྡེའི་ འཛུལ་ཞུགས་འབད་ནི་ལུ་ བརྡ་ལམ་གྱི་ནང་དུ་གནས་ཚུལབརྩོན་ཤུགས་ཚུ་ལུ་ སངས་རྒྱས་ཆོས ཡུ་རོ་པིན་ཡུ་ནི་ཡན་གྱིས་ དཔལ་འབྱོར་ལས་ བརྡ་ལམ་གྱི་ནང་དུ་གནས་ཚུལབཀོད་དེ་ཡོདཔ་ཨིན་པས།,192,46
འབྲུག་ཚོང་དང་བཟོ་གྲྭ་ཚོགས་སྡེའི་ ཐིམ་ཕུ འཛུལ་ཞུགས་འབད་ནི་ལུ་ ཡར་དྲག་གཏང་ཚུགས་ནི་ཨིན་པས།,87,21
གཞི་རྟེན་མཐུན་རྐྱེན་དང་ བརྡ་ལམ་གྱི་ནང་དུ་གནས་ཚུལཡུ་རོ་པིན་ཡུ་ནི་ཡན་གྱིས་ འབྲུག དཔལ་འབྱོར་ལས་ ལོ་༥ བརྡ་ལམ་གྱི་ནང་དུ་གནས་ཚུལ འཛུལ་ཞུགས་འབད་ནི་ལུ་ ཁྱི ཡར་དྲག་གཏང་ཚུགས་ནི་ཨིན་པས།,174,44
གཞི་རྟེན་མཐུན་རྐྱེན་དང་ མ་རྩ་བཙུགས་ནི་དེ་ བརྡ་ལམ་གྱི་ནང་དུ་གནས་ཚུལདཔལ་འབྱོར་ལས་ བདེ་ཐང་དཀར་ཆགས ལོ་༥ སྒེར་སྡེ་གོང་འཕེལ་ཚོགས་ཆུང་བཟུམ་གྱི་ བརྡ་ལམ་གྱི་ནང་དུ་གནས་ཚུལཡར་དྲག་གཏང་ཚུགས་ནི་ཨིན་པས།,187,46
རྩིས་ལོ་༢༠༢༤-༢༥ ལུ་ དཔལ་འབྱོར་བརྒྱ་ཆ་༦.༦ ཡར་འཕར།,48,11
༉ རྩིས་ལོ་༢༠༢༤-༢༥ ལུ་ འབྲུག་གི་དཔལ་འབྱོར་བརྒྱ་ཆ་༦.༦ དེ་ཅིག་ ཡར་འཕར་འགྱོ་ནི་བཟུམ་ཅིག་ཡོད་མི་དེ་ཡང་ འདས་པའི་ལོ་དང་ཕྱདཔ་ད་ བརྒྱ་ཆ་༤.༦ གི་རྩིས་ ཡར་སེང་འགྱོ་ནི་དེ་གིས་ཨིན་པས།,169,43
མར་ཕབ་འགྱོ་ནི་ཨིན་པས།,21,6
ད་རེས་ གནམ་འདུས་བཞིན་དུ དེ་ལས་ བཟོ་མ་ཚུགས་མི་ལུ་བརྟེན་ བརྡ་ལམ་གྱི་ནང་དུ་གནས་ཚུལ རྩིས་ཆད་དེ་ ཀུན་གསལ ཡུན་བརྟན་སྦེ་ ཡར་འཕར་སོང་མི་ལུ་བརྟེན་ཨིན་པས།,144,37
ཕྱིར་ཚོང་དེ་ བརྡ་ལམ་གྱི་ནང་དུ་གནས་ཚུལདེ་ལས་ གར་རྩལ བཟོ་མ་ཚུགས་མི་ལུ་བརྟེན་ མར་བབསོང་མི་ལུ་བརྟེན་ བརྡ་ལམ་གྱི་ནང་དུ་གནས་ཚུལཡུན་བརྟན་སྦེ་ རྡོ་རྗེ ཡར་འཕར་སོང་མི་ལུ་བརྟེན་ཨིན་པས།,173,43
ཕྱིར་ཚོང་དེ་ བཟུམ་ཅིག་ཡོད་རུང་ བརྡ་ལམ་གྱི་ནང་དུ་གནས་ཚུལབཟོ་མ་ཚུགས་མི་ལུ་བརྟེན་ འཕྲུལ་ལས མར་བབསོང་མི་ལུ་བརྟེན་ རྡོ་རྗེ་ལུང་གློག་མེ་ལས་འགུལ་བཟོ་སྐྲུན་ བརྡ་ལམ་གྱི་ནང་དུ་གནས་ཚུལཡར་འཕར་སོང་མི་ལུ་བརྟེན་ཨིན་པས།,203,49
དེ་ཡང་ བརྡ་ལམ་གྱི་ནང་དུ་གནས་ཚུལཨེ་ཤི་ཡཱན་གོང་འཕེལ་སྔོན་བརྟག་ནང་ འཆར་སྤྱོད དེ་ལས་ སྤུ་ན་གཙང་ཆུ་གློག་མེ་ལས་འགུལ་༢ བརྡ་ལམ་གྱི་ནང་དུ་གནས་ཚུལ གློག་མེ་ཐོན་སྐྱེད་དང་ གཤེས་ཚན ཡར་སེང་འགྱོ་ནི་དེ་གིས་ཨིན་པས།,196,51
དེ་ཡང་ ཕན་འདེབས་འབད་མི་ བརྡ་ལམ་གྱི་ནང་དུ་གནས་ཚུལདེ་ལས་ དབྱེ་ཞིབ སྤུ་ན་གཙང་ཆུ་གློག་མེ་ལས་འགུལ་༢ དཔལ་འབྱོར་ཡར་དྲག་གཏང་ནི་ལུ་ བརྡ་ལམ་གྱི་ནང་དུ་གནས་ཚུལཡར་སེང་འགྱོ་ནི་དེ་གིས་ཨིན་པས།,176,46
ཇི་ཨེམ་སི་ལུ་ ས་ཆའི་བདག་དབང་གི་ ཐབས་ལམ་གསརཔ་ཅིག་ ལག་ལེན་འཐབ་ནི།,63,17
"གཞན་ཌི་ཇི་ཊཱལ་རྒྱུ་དངོས་ཚུ་བཟུམ་སྦེ་ རྩོམ་རིག དངུལ་ཀྲམ་༡༣,༤༣༡.༡༣ སའི་ཇོ་བདག་ཚུ་ལུ་ བརྡ་ལམ་གྱི་ནང་དུ་གནས་ཚུལ སའི་ཇོ་བདག་ཚུ་ལུ་ དགྲ་ཁྲོད་ཕུག ཊོ་ཀཱན་ནའི་ཟེ་ཤཱན་ལམ་ལུགས་གཞི་བཙུགས་འབད་ནི་ཨིན་པས།",189,47
"སའི་ཊོ་ཀཱན་ནའི་ཤཱན་ལམ་ལུགས་དེ་ སྙན་ཞུ་མ་འབད་བར་ཡོདཔ་ལས་ བརྡ་ལམ་གྱི་ནང་དུ་གནས་ཚུལདངུལ་ཀྲམ་༡༣,༤༣༡.༡༣ དགྲ་ཁྲོད་ཕུག སའི་ཇོ་བདག་ཚུ་ལུ་ ཆུ་ཞིང་འབད་བ་ཅིན་ བརྡ་ལམ་གྱི་ནང་དུ་གནས་ཚུལཊོ་ཀཱན་ནའི་ཟེ་ཤཱན་ལམ་ལུགས་གཞི་བཙུགས་འབད་ནི་ཨིན་པས།",222,56
སའི་ཊོ་ཀཱན་ནའི་ཤཱན་ལམ་ལུགས་དེ་ ཧི་མ་ལ་ཡ སྙན་ཞུ་མ་འབད་བར་ཡོདཔ་ལས་ ཏི་རུའི་ཐོག་ལས་ བརྡ་ལམ་གྱི་ནང་དུ་གནས་ཚུལསའི་ཇོ་བདག་ཚུ་ལུ་ དགོན་པ ཆུ་ཞིང་འབད་བ་ཅིན་ མ་འོངས་པ་ལུ་ བརྡ་ལམ་གྱི་ནང་དུ་གནས་ཚུལསྙན་ཞུ་མ་འབད་བར་ཡོདཔ་ལས་ རྒྱུ་དཀའ།,219,60
"གསར་སྤང་ལུ་ བརྡ་ལམ་གྱི་ནང་དུ་གནས་ཚུལདྲག་ཤོས་ཌོག་ཊར་ ཉེས་ཚོགས ཐོ་ཕོག་མི་ དངུལ་ཀྲམ་༣,༨༠༤.༥༨ བརྡ་ལམ་གྱི་ནང་དུ་གནས་ཚུལརྒུད་འཐུས་གོང་ཚད་དེ་ གཡག ཉོ་སྒྲུབ་འབད་དོ་ཡོདཔ་ཨིན་པས།",167,40
"གསར་སྤང་ལུ་ ཁ་གསལ་ཚུ་ བརྡ་ལམ་གྱི་ནང་དུ་གནས་ཚུལཐོ་ཕོག་མི་ འཆར་སྤྱོད དངུལ་ཀྲམ་༣,༨༠༤.༥༨ སྒོ་ཕྱེ་ནི་དེ་ བརྡ་ལམ་གྱི་ནང་དུ་གནས་ཚུལཉོ་སྒྲུབ་འབད་དོ་ཡོདཔ་ཨིན་པས།",152,37
གསར་སྤང་ལུ་ རྒྱུ་དཀའ།,21,5
བརྡ་ལམ་གྱི་ནང་དུ་གནས་ཚུལ ཁྲོམ་ཚོགས་གོང་འཕེལ་གྱི་དོན་ལུ་ དགེ་འདུན་པ དངུལ་ཀྲམ་༡༤༥༧༦༨.༡༨ མ་བྱིན་པའི་ཧེ་མར་ བརྡ་ལམ་གྱི་ནང་དུ་གནས་ཚུལམའི་སི་གིས་ ཕྱུག་མ ཡར་འཕར་སོང་ཡོད་པའི་གནས་ཚུལ།,174,43
ས་ཆ་ཉོ་སྒྲུབ་འབདཝ་ད་ བརྡ་ལམ་གྱི་ནང་དུ་གནས་ཚུལདངུལ་ཀྲམ་༡༤༥༧༦༨.༡༨ གར་རྩལ མ་བྱིན་པའི་ཧེ་མར་ བློ་འགྱོད་བསྐྱེད་དོ་ཡོདཔ་ཨིན་པས།,121,29
དགེ་ལེགས་ཕུག་དྲན་ཤེས་ཁྲོམ་ཚོགས་ཐད་ལུ་ བརྡ་ལམ་གྱི་ནང་དུ་གནས་ཚུལཡར་འཕར་སོང་ཡོད་པའི་གནས་ཚུལ།,89,22
འབྲུག་གི་གནས་ཚུལ ས་ཆ་ཉོ་སྒྲུབ་འབདཝ་ད་ ཕོག་ནི་ལས་ བརྡ་ལམ་གྱི་ནང་དུ་གནས་ཚུལ མ་བྱིན་པའི་ཧེ་མར་ ཆེད་གཞི བློ་འགྱོད་བསྐྱེད་དོ་ཡོདཔ་ཨིན་པས།,132,34
དགེ་ལེགས་ཕུག་དྲན་ཤེས་ཁྲོམ་ཚོགས་ཐད་ལུ་ བརྒྱ་ཆ་༣ བརྡ་ལམ་གྱི་ནང་དུ་གནས་ཚུལས་ཆ་ཉོ་སྒྲུབ་འབདཝ་ད་ གཤེས་ཚན ཕོག་ནི་ལས་ གནད་དོན་ག་ཅི་ར་འབད་རུང་ བརྡ་ལམ་གྱི་ནང་དུ་གནས་ཚུལབློ་འགྱོད་བསྐྱེད་དོ་ཡོདཔ་ཨིན་པས།,191,49
དགེ་ལེགས་ཕུག་དྲན་ཤེས་ཁྲོམ་ཚོགས་ཐད་ལུ་ དབང་འདུས བརྒྱ་ཆ་༣ ལེགས་ཤོམ་བཟོ་བའི་བསྒང་ཡོདཔ་ད་ བརྡ་ལམ་གྱི་ནང་དུ་གནས་ཚུལཕོག་ནི་ལས་ འཆར་སྤྱོད གནད་དོན་ག་ཅི་ར་འབད་རུང་ ངོ་མ་ར་ བརྡ་ལམ་གྱི་ནང་དུ་གནས་ཚུལ,187,49
ཕག་ནད་དར་ཁྱབ་སོང་མི་གིས་ ཕགཔ་གསོ་སྐྱོང་ཁང་ཚུ་ལུ་ ཉེན་ཁ་བྱུང་དོ་ཡོདཔ།,68,18
༉ དར་དཀར་ནང་ ལྷ་མོའི་རྫིང་ཁ་གི་ རྒེད་འོག་༢ ནང་ སྤྱི་ཟླ་༤ པའི་ཚེས་༡༣ ལུ་ ཨར་ཊི་པི་སི་ཨར་གྱི་ ཞིབ་དཔྱད་འབད་བའི་སྐབས་ལུ་ ཕག་ནད་ཨཕ་རི་ཀེན་ས་ཝའེན་ཕི་བར་ དར་ཁྱབ་སོང་ཡོདཔ་སྦེ་ ངོས་འཛིན་འབད་ཡོདཔ་ཨིན་པས།,194,52
བཟའ་ཚང་ཅིག་གིས་ རང་སྲོག་གཅད་ནིའི་དཔའ་བཅམ་རུང་ རྨགཔ་དེ་ སྲོག་སྐྱབས་འབད་ཚུགས་ཡོདཔ།,80,18
༉ སྤྱི་ཟླ་༤ པའི་ཚེས་༢༥ ལུ་ སྤུ་ན་ཁ་ལུ་ སྐྱེས་ལོ་༨༧ ལང་མི་ ཨ་རྒས་ཅིག་དང་ ཁོ་རའི་གནས་ཚང་ སྐྱེས་ལོ་༨༡ ལང་མི་༢ ཀྱིས་ མོ་ཆུའི་ནང་ མཆོངས་མི་ལུ་བརྟེན་ གནས་ཚང་དེ་ལུ་ ཤི་རྐྱེན་བྱུང་ཡོད་རུང་ རྨགཔ་དེ་ སྲོག་སྐྱབས་འབད་ཚུགས་ཡོདཔ་ཨིན་པས།,222,57
མཆོངས་མི་ལུ་བརྟེན་ གཡག གཅིག་ཁར་འཛུལ་ཡོདཔ་ད་ ཁོ་ར་ བརྡ་ལམ་གྱི་ནང་དུ་གནས་ཚུལ གནོད་སྐྱོན་དང་ ཆོས་ལྡན་ ཁོ་རའི་ དཀའ་ངལ་ཚུ་ བརྡ་ལམ་གྱི་ནང་དུ་གནས་ཚུལགཅིག་ཁར་འཛུལ་ཡོདཔ་ད་ འགོད་རིམ ཁོ་ར་ མིན་འདུག་ཟེར་ཨིན་པས།,198,49
ཚེ་འདས་ཀྱི་ཕུངམ་དེ་ བརྡ་ལམ་གྱི་ནང་དུ་གནས་ཚུལཁོ་རའི་ གཡག དཀའ་ངལ་ཚུ་ སྤུ་ན་ཁ་ལུ་ བརྡ་ལམ་གྱི་ནང་དུ་གནས་ཚུལཁོ་ར་ ཆོག་མི་སྡུད མིན་འདུག་ཟེར་ཨིན་པས།,141,37
ཚེ་འདས་ཀྱི་ཕུངམ་དེ་ པའི་ཚེས་༢༥ བརྡ་ལམ་གྱི་ནང་དུ་གནས་ཚུལདཀའ་ངལ་ཚུ་ མདའ་རྩེད སྤུ་ན་ཁ་ལུ་ མིན་འདུག་ཟེར་ཨིནམ་ད་ བརྡ་ལམ་གྱི་ནང་དུ་གནས་ཚུལམིན་འདུག་ཟེར་ཨིན་པས།,152,39
ཞིབ་དཔྱད་སྙན་ཞུ་དང་འཁྲིལ་བ་ཅིན་ བརྡ་ལམ་གྱི་ནང་དུ་གནས་ཚུལསྡོད་ཡོདཔ་སྦེ་མཐོང་སྟེ་ ཆོས་ལྡན་ གནད་དོན་ཚུ་ ཞིབ་དཔྱད་འབད་བའི་སྐབས་ བརྡ་ལམ་གྱི་ནང་དུ་གནས་ཚུལ གཙང་ཆུའི་མཐའམ་བདའ་སྟེ་ འབྲུག་གི་གནས་ཚུལ སྲོག་སྐྱབས་འབད་ཚུགས་ནུག་ཟེར་ཨིན་པས།,224,53
ཞིབ་དཔྱད་སྙན་ཞུ་དང་འཁྲིལ་བ་ཅིན་ སྐྱེས་ལོ་༨༡ བརྡ་ལམ་གྱི་ནང་དུ་གནས་ཚུལགནད་དོན་ཚུ་ རྩོམ་རིག ཞིབ་དཔྱད་འབད་བའི་སྐབས་ སྦོ་ལོགས་ཁར་ བརྡ་ལམ་གྱི་ནང་དུ་གནས་ཚུལསྲོག་སྐྱབས་འབད་ཚུགས་ནུག་ཟེར་ཨིན་པས།,184,44
ལྕོགས་གྲུབ་དབྱེ་ཞིབ་འབད་དགོ་མི་ལུ་ ལྟ་བཤལ་ལམ་སྟོན་པ་ཚུ་གིས་ ཉོགས་བཤད།,69,17
འཕྲལ་ཁམས་ཅིག་ཁར་ ལྟ་བཤལ་ལས་ཁུངས་ཀྱིས་ ཆོག་ཐམ་འཆང་མི་ ལྟ་བཤལ་ལམ་སྟོན་པ་ག་ར་གིས་ ལྕོགས་གྲུབ་དབྱེ་ཞིབ་ ངེས་པར་དུ་འབད་དགོ་པའི་ གསལ་བསྒྲགས་འབད་མི་ལུ་ ལྟ་བཤལ་ལམ་སྟོན་པ་ཚུ་ སེམས་དང་མ་ལྡནམ་ཨིན་པས།,188,48
དེ་མ་ཚད་ བརྡ་ལམ་གྱི་ནང་དུ་གནས་ཚུལདབང་ཚད་ལུ་ ཆོས་ལྡན་ དེ་ལས་ ཤེས་ཡོན་དང་ བརྡ་ལམ་གྱི་ནང་དུ་གནས་ཚུལ འབད་ནི་ཡོད་ཟེར་ འབྲུག་གི་གནས་ཚུལ བཤདཔ་ཨིན་པས།,142,37
དེ་མ་ཚད་ སེལ་ཐབས་ལུ་ བརྡ་ལམ་གྱི་ནང་དུ་གནས་ཚུལ དེ་ལས་ ཕྱུག་མ ཤེས་ཡོན་དང་ ལཱ་གཡོག་ཚོང་འབྲེལ་གྱི་ བརྡ་ལམ་གྱི་ནང་དུ་གནས་ཚུལབཤདཔ་ཨིན་པས།,131,34
ཨིན་རུང་ བརྡ་ལམ་གྱི་ནང་དུ་གནས་ཚུལསྦྱོང་བརྡར་ཚུ་ ཆུ་སྒྲིག དབྱེ་ཞིབ་དེ་གིས་ སྤྱིར་བཏང་ བརྡ་ལམ་གྱི་ནང་དུ་གནས་ཚུལལས་འགུལ་ལས་སྡེ་ནང་ རྩོམ་རིག བཀོད་མི་ལུ་བརྟེན་ཨིན་ཟེར་ཨིན་པས།,169,40
ཨིན་རུང་ བརྟག་ཞིབ་འབད་ནིའི་དོན་ལུ་ བརྡ་ལམ་གྱི་ནང་དུ་གནས་ཚུལ དབྱེ་ཞིབ་དེ་གིས་ བུམ་ཐང སྤྱིར་བཏང་ དགོས་མཁོ་ཅན་གྱི་ བརྡ་ལམ་གྱི་ནང་དུ་གནས་ཚུལབཀོད་མི་ལུ་བརྟེན་ཨིན་ཟེར་ཨིན་པས།,168,41
ལམ་སྟོན་པ་ བརྡ་ལམ་གྱི་ནང་དུ་གནས་ཚུལདེ་བཟུམ་མའི་ ལས་བཟོ བསམ་ཞིབ་འབད་མི་དང་འཁྲིལ་བ་ཅིན་ ཁྱད་རིག་ཡར་དྲག་གཏང་ནི་ལུ་ བརྡ་ལམ་གྱི་ནང་དུ་གནས་ཚུལལྟ་བཤལ་ལམ་སྟོན་པ་ཚུ་ རྒྱུ་དཀའ།,166,43
བཤད་ཡོདཔ་ཨིན་པས།,16,4
ལམ་སྟོན་པ་ ཁྱད་རིག་གི་ས་སྒོ་ བརྡ་ལམ་གྱི་ནང་དུ་གནས་ཚུལབསམ་ཞིབ་འབད་མི་དང་འཁྲིལ་བ་ཅིན་ འབྲུག་པ ཁྱད་རིག་ཡར་དྲག་གཏང་ནི་ལུ་ དོགས་སེལ་འབདཝ་ཨིན་པས།,139,36
ལམ་སྟོན་པ་གོངམ་ཚུ་གིས་ བརྡ་ལམ་གྱི་ནང་དུ་གནས་ཚུལ བཤད་ཡོདཔ་ཨིན་པས།,64,17
ལམ་སྟོན་པ་ གོ ཁྱད་རིག་གི་ས་སྒོ་ ལེགས་ཤོམ་མཐོང་ཅི་ཟེར་ཨིནམ་ད་ བརྡ་ལམ་གྱི་ནང་དུ་གནས་ཚུལཁྱད་རིག་ཡར་དྲག་གཏང་ནི་ལུ་ བཀྲ་ཤིས དོགས་སེལ་འབདཝ་ཨིན་པས།,140,36
ལམ་སྟོན་པ་གོངམ་ཚུ་གིས་ དེ་ཡང་ བརྡ་ལམ་གྱི་ནང་དུ་གནས་ཚུལཁྱད་རིག་གི་ས་སྒོ་ རྩོམ་རིག ལེགས་ཤོམ་མཐོང་ཅི་ཟེར་ཨིནམ་ད་ དཀའ་ངལ་བྱུང་སྟེ་ བརྡ་ལམ་གྱི་ནང་དུ་གནས་ཚུལདོགས་སེལ་འབདཝ་ཨིན་པས།,172,43
ལམ་སྟོན་པ་ཚུ་གིས་ བརྡ་ལམ་གྱི་ནང་དུ་གནས་ཚུལ མངམ་ཡོདཔ་ལས་ དར་ལྡན དབྱེ་ཞིབ་ནང་ ཆོག་ཐམ་གྱི་ལས་སྣ་ཚུ་ བརྡ་ལམ་གྱི་ནང་དུ་གནས་ཚུལགནད་དོན་དེ་ ཆོས་ལྡན་ མ་བཀོད་པས་ཟེར་ཨིན་པས།,163,43
ལམ་སྟོན་པ་ཚུ་གིས་ ཐོན་མི་དེ་ བརྡ་ལམ་གྱི་ནང་དུ་གནས་ཚུལ,53,15
སྒྱུ་རྩལ་མཁནམ་ཚུ་ ཐོ་བཀོད་འབད་ནིའི་ལམ་ལུགས་ཅིག་ འགོ་འབྱེད་འབད་ཡོདཔ།,67,15
སྤྱི་ཟླ་༤ པའི་ཚེས་༢༦ ལུ་ འཛམ་གླིང་སྒྱུ་རྩལ་ཉིནམ་དང་འབྲེལ་ འབྲུག་གསར་བཟོ་དང་བློ་རིག་རྒྱུ་དངོས་ལས་ཁུངས་ཀྱིས་ རྒྱལ་ཁབ་ནང་ འགོ་དང་པ་ སྒྱུ་རྩལ་མཁནམ་ཚུ་ ཐོ་བཀོད་འབད་ནིའི་ལམ་ལུགས་ཅིག་ འགོ་འབྱེད་འབད་ནུག།,195,46
ལས་ཁུངས་ཀྱི་ བརྡ་ལམ་གྱི་ནང་དུ་གནས་ཚུལརྒྱལ་ཁབ་ནང་ གཞི་འཛུགས ཆོས་དབྱངས་རྒྱ་མཚོ་གིས་ བརྒྱུད་ལམ་ཚུ་ལས་ བརྡ་ལམ་གྱི་ནང་དུ་གནས་ཚུལགསོལ་རས་ཚུ་ཡང་ ཀུན་གསལ གོང་འཕེལ་གཏང་ཚུགས་ནི་ཨིན་པས།,174,42
ལས་ཁུངས་ཀྱི་ རྒྱུ་དངོས་གཙོ་འཛིན་ བརྡ་ལམ་གྱི་ནང་དུ་གནས་ཚུལཆོས་དབྱངས་རྒྱ་མཚོ་གིས་ མཆོད་རྟེན བརྒྱུད་ལམ་ཚུ་ལས་ ས་གོ་ཅིག་ བརྡ་ལམ་གྱི་ནང་དུ་གནས་ཚུལགོང་འཕེལ་གཏང་ཚུགས་ནི་ཨིན་པས།,169,40
ལས་ཁུངས་ཀྱི་ གནམ་འདུས་བཞིན་དུ རྒྱུ་དངོས་གཙོ་འཛིན་ གསོལ་རས་ཐོབ་ཡོདཔ་ཨིན་པས།,74,17
བསོད་ནམས་དབང་ཆེན་དང་ བརྡ་ལམ་གྱི་ནང་དུ་གནས་ཚུལབརྒྱུད་ལམ་ཚུ་ལས་ རྫོང་ཁ ས་གོ་ཅིག་ མི་ཚུ་གིས་ བརྡ་ལམ་གྱི་ནང་དུ་གནས་ཚུལརྒྱུ་དངོས་གཙོ་འཛིན་ འབྲུག་པ གསོལ་རས་ཐོབ་ཡོདཔ་ཨིན་པས།,166,41
བསོད་ནམས་དབང་ཆེན་དང་ རྒྱབ་སྐྱོར་ཐོག་ལས་ བརྡ་ལམ་གྱི་ནང་དུ་གནས་ཚུལས་གོ་ཅིག་ འབྲས མི་ཚུ་གིས་ བྱིན་ཡི་ཟེར་ཨིན་པས།,109,27
ཁོ་གིས་འབད་བ་ཅིན་ བརྡ་ལམ་གྱི་ནང་དུ་གནས་ཚུལགསོལ་རས་ཐོབ་ཡོདཔ་ཨིན་པས།,66,17
བསོད་ནམས་དབང་ཆེན་དང་ གནས་འཁོར རྒྱབ་སྐྱོར་ཐོག་ལས་ བསོད་ནམས་དབང་ཆེན་དང་ བརྡ་ལམ་གྱི་ནང་དུ་གནས་ཚུལམི་ཚུ་གིས་ ཤེས་ཡོན བྱིན་ཡི་ཟེར་ཨིན་པས།,132,32
ཁོ་གིས་འབད་བ་ཅིན་ ལམ་ལུགས་གསརཔ་དེ་གིས་ བརྡ་ལམ་གྱི་ནང་དུ་གནས་ཚུལརྒྱབ་སྐྱོར་ཐོག་ལས་ སྤ་རོ བསོད་ནམས་དབང་ཆེན་དང་ བཟོ་ཚུགས་ནི་ཨིན་པས།,128,32
དེ་བཟུམ་སྦེ་ བརྡ་ལམ་གྱི་ནང་དུ་གནས་ཚུལབྱིན་ཡི་ཟེར་ཨིན་པས།,56,14
ཁོ་གིས་འབད་བ་ཅིན་ དུས་ཆེན ལམ་ལུགས་གསརཔ་དེ་གིས་ ཁོ་གིས་ བརྡ་ལམ་གྱི་ནང་དུ་གནས་ཚུལབསོད་ནམས་དབང་ཆེན་དང་ འགོད་རིམ བཟོ་ཚུགས་ནི་ཨིན་པས།,128,32
དེ་བཟུམ་སྦེ་ སྒྱུ་རྩལ་མཁས་མཆོག་ཚུ་གིས་ བརྡ་ལམ་གྱི་ནང་དུ་གནས་ཚུལལམ་ལུགས་གསརཔ་དེ་གིས་ ལས་བཟོ ཁོ་གིས་ འཛམ་གླིང་རྒྱུ་རྩལ་ཉིནམ་དང་འབྲེལ་ བརྡ་ལམ་གྱི་ནང་དུ་གནས་ཚུལབཟོ་ཚུགས་ནི་ཨིན་པས།,175,42
བལྟ་མི་དེ་གིས་ སྒོ་ཕྱེ་ནི་ཨིན་པས།,33,9
ལས་རིམ་དེ་དང་འབྲེལ་ བརྡ་ལམ་གྱི་ནང་དུ་གནས་ཚུལགཞི་བཞག་སྟེ་ འབྲས གློག་བརྙན་བཟོ་མི་ཚུ་གིས་ ཨམ་སྲུའི་དབྱེ་ཁག་ལས་ བརྡ་ལམ་གྱི་ནང་དུ་གནས་ཚུལ,132,33
འབྲུག་པའི་ཨམ་སྲུ་ཚུ་གིས་ རྒྱལ་སྤྱི་མདའ་རྩེད་འགྲན་བསྡུར་ནང་ འགོ་དང་པ་ བཅའ་མར་གཏོགས་ཡོདཔ།,87,20
དང་ འབྲས གྲུབ་འབྲས་ལུ་བལྟ་སྟེ་ སི་ཀིམ་དེ་ བརྡ་ལམ་གྱི་ནང་དུ་གནས་ཚུལ བཀོག་མ་བཞག་པར་ ཆེད་གཞི རྟ་མགྲིན་དཔལམོ་གིས་ ཆ་འདྲ་སུ་སྦེ་འདུག་ཟེར་ཨིན་པས།,139,35
ད་ལས་ཕར་འབད་རུང་ བརྡ་ལམ་གྱི་ནང་དུ་གནས་ཚུལགྲུབ་འབྲས་ལུ་བལྟ་སྟེ་ རྩོམ་རིག སི་ཀིམ་དེ་ འབྲུག་པའི་སྡེ་ཚན་ཚུ་ བརྡ་ལམ་གྱི་ནང་དུ་གནས་ཚུལརྟ་མགྲིན་དཔལམོ་གིས་ ཚེས་བཅུ ཆ་འདྲ་སུ་སྦེ་འདུག་ཟེར་ཨིན་པས།,185,46
ད་ལས་ཕར་འབད་རུང་ ན་གཞོན་བུམོ་ཚུ་གི་དོན་ལུ་ བརྡ་ལམ་གྱི་ནང་དུ་གནས་ཚུལསི་ཀིམ་དེ་ རིག་གཞུང འབྲུག་པའི་སྡེ་ཚན་ཚུ་ དངུལ་རྐྱང་ བརྡ་ལམ་གྱི་ནང་དུ་གནས་ཚུལ ཆ་འདྲ་སུ་སྦེ་འདུག་ཟེར་ཨིན་པས།,173,45
འབྲུག་པའི་སྡེ་ཚན་ཚུ་གིས་ ཡོད་ཟེར་ཨིན་པས།,40,10
སི་ཀིམ་གཞུང་གིས་ བརྡ་ལམ་གྱི་ནང་དུ་གནས་ཚུལདེ་ལས་ མོག་མོག ལམ་ལུགས་སྲོལ་དེ་ འབད་མི་སྡེ་ཚན་ཅིག་གིས་ བཅའ་མར་གཏོགས་ཡོདཔ་ད་ བརྡ་ལམ་གྱི་ནང་དུ་གནས་ཚུལའབྲུག་པའི་སྡེ་ཚན་ཚུ་གིས་ དབང་འདུས ཡོད་ཟེར་ཨིན་པས།,190,47
སི་ཀིམ་གཞུང་གིས་ དུས་རབས་ལས་བཅད་དེ་ བརྡ་ལམ་གྱི་ནང་དུ་གནས་ཚུལལམ་ལུགས་སྲོལ་དེ་ རྡོ་རྗེ འབད་མི་སྡེ་ཚན་ཅིག་གིས་ བཅའ་མར་གཏོགས་ཡོདཔ་ད་ སི་ཀིམ་གཞུང་གིས་གནང་མི་ལུ་ཡང་ བརྡ་ལམ་གྱི་ནང་དུ་གནས་ཚུལ ཡོད་ཟེར་ཨིན་པས།,199,51
ཕན་ཚུན་མཉམ་འབྲེལ་གྱི་ བརྡ་ལམ་གྱི་ནང་དུ་གནས་ཚུལབྱང་ཕྱད་སྡེ་ཚན་ལུ་ བསོད་ནམས་ ཨམ་སྲུའི་མདའ་རྩེད་ལས་རིམ་དེ་ དར་ཁྱབ་གཏང་ནི་ལུ་ བརྡ་ལམ་གྱི་ནང་དུ་གནས་ཚུལཕྱི་རྒྱལ་མདའ་གཞུ་གཱོལ་ཀབ་ཐེངས་༢༣ ཁྱི བྱིན་ཡོདཔ་ཨིན་པས།,200,49
ཕན་ཚུན་མཉམ་འབྲེལ་གྱི་ མདའ་རྩེདཔ་ཚུ་ བརྡ་ལམ་གྱི་ནང་དུ་གནས་ཚུལཨམ་སྲུའི་མདའ་རྩེད་ལས་རིམ་དེ་ རྒྱུ་དཀའ།,98,23
དར་ཁྱབ་གཏང་ནི་ལུ་ རྩེད་འགྲན་འབད་ཡོདཔ་བཞིན་དུ་ བརྡ་ལམ་གྱི་ནང་དུ་གནས་ཚུལ,70,18
ཟླཝ་༥ གི་ནང་འཁོད་ལུ་ ནགས་ཚལ་མེ་རྐྱེན་གྱིས་ དངུལ་ཀྲམ་ས་ཡ་༥༠༠ ལྷགཔ་ཅིག་ གྱོང་རྒུད་ཕོག་ཡོདཔ།,89,22
དེ་ལུ་བརྟེན་ བརྡ་ལམ་གྱི་ནང་དུ་གནས་ཚུལབརྒྱ་ཆ་༠.༧༥ ཚེས་བཅུ རྒྱལ་ཡོངས་ཀྱི་དམིགས་གཏད་དང་ བདག་འཛིན་འཐབ་དགོཔ་ བརྡ་ལམ་གྱི་ནང་དུ་གནས་ཚུལདེབ་ཐེར་༢ དུས་ཆེན བརྡ་མཚོན་སྟོནམ་ཨིན་པས།,168,40
དེ་ལུ་བརྟེན་ གྱོང་རྒུད་ཕོག་ཡོདཔ་སྦེ་ བརྡ་ལམ་གྱི་ནང་དུ་གནས་ཚུལ རྒྱལ་ཡོངས་ཀྱི་དམིགས་གཏད་དང་ བདེ་ཐང་དཀར་ཆགས བདག་འཛིན་འཐབ་དགོཔ་ བཤདཔ་ཨིན་པས།,136,32
འགོ་དཔོན་གྱིས་ བརྡ་ལམ་གྱི་ནང་དུ་གནས་ཚུལབརྡ་མཚོན་སྟོནམ་ཨིན་པས།,61,14
དེ་ལུ་བརྟེན་ འབད་དགོས་ གྱོང་རྒུད་ཕོག་ཡོདཔ་སྦེ་ གྱོང་རྒུད་ཕོག་ཡོདཔ་སྦེ་ བརྡ་ལམ་གྱི་ནང་དུ་གནས་ཚུལབདག་འཛིན་འཐབ་དགོཔ་ རྒྱུ་དཀའ།,123,27
བཤདཔ་ཨིན་པས།,12,3
འགོ་དཔོན་གྱིས་ ཟླཝ་༥ བརྡ་ལམ་གྱི་ནང་དུ་གནས་ཚུལ གྱོང་རྒུད་ཕོག་ཡོདཔ་སྦེ་ དབྱེ་གཞི གྱོང་རྒུད་ཕོག་ཡོདཔ་སྦེ་ ནག་རྫས་མེད་པའི་གནས་ཚད་དང་ བརྡ་ལམ་གྱི་ནང་དུ་གནས་ཚུལབཤདཔ་ཨིན་པས།,165,40
ནགས་ཚལ་མེ་རྐྱེན་བཀག་ཐབས་ལུ་ བརྡ་ལམ་གྱི་ནང་དུ་གནས་ཚུལདངུལ་ཀྲམ་ས་ཡ་༥༢༠ གནམ་འདུས་བཞིན་དུ བྱུང་རྐྱེན་ཚུ་གིས་ མེདཔ་བཏང་མི་དེ་གིས་ བརྡ་ལམ་གྱི་ནང་དུ་གནས་ཚུལལས་༢༠༡༥ ཤེས་ཡོན བསྡུ་གསོག་འབད་ཚུགས་དོ་ཡོདཔ་ཨིན་པས།,199,49
ནགས་ཚལ་མེ་རྐྱེན་བཀག་ཐབས་ལུ་ མི་སྡེའི་དཔལ་འབྱོར་ལུ་ བརྡ་ལམ་གྱི་ནང་དུ་གནས་ཚུལབྱུང་རྐྱེན་ཚུ་གིས་ ཆེད་གཞི མེདཔ་བཏང་མི་དེ་གིས་ དེ་ཅིག་གིས་ བརྡ་ལམ་གྱི་ནང་དུ་གནས་ཚུལབསྡུ་གསོག་འབད་ཚུགས་དོ་ཡོདཔ་ཨིན་པས།,192,46
བརྡ་ལམ་གྱི་ནང་དུ་གནས་ཚུལམེདཔ་ཐལ་མི་དེ་གིས་ དབྱེ་ཞིབ ཉིནམ་༩༤ གི་ནང་འཁོད་ལུ་ བརྡ་ལམ་གྱི་ནང་དུ་གནས་ཚུལཧེང་སྐལ་ར་ འབྲུག་གི་གནས་ཚུལ ལུས་ཡོདཔ་ཨིན་པའི་གནས་ཚུལ།,152,38
པ་ཚུན་ བརྡ་ལམ་གྱི་ནང་དུ་གནས་ཚུལཉིནམ་༩༤ ནི གི་ནང་འཁོད་ལུ་ མར་བབས་སོང་ཡོདཔ་ཨིན་པས།,80,21
འདས་པའི་ལོ་༥ བརྡ་ལམ་གྱི་ནང་དུ་གནས་ཚུལ ལུས་ཡོདཔ་ཨིན་པའི་གནས་ཚུལ།,63,17
འབྲུག་པ པ་ཚུན་ རྒྱལ་སྤྱིའི་ཁས་བླངས་ཚུ་ བརྡ་ལམ་གྱི་ནང་དུ་གནས་ཚུལགི་ནང་འཁོད་ལུ་ འབྲུག་པ མར་བབས་སོང་ཡོདཔ་ཨིན་པས།,109,27
འདས་པའི་ལོ་༥ ནགས་ཚལ་མེ་རྐྱེན་འཛིན་སྐྱོང་སྡེ་ཚན་༢༢ བརྡ་ལམ་གྱི་ནང་དུ་གནས་ཚུལཔ་ཚུན་ འབྲུག རྒྱལ་སྤྱིའི་ཁས་བླངས་ཚུ་ རྩིས་མ་རྐྱབ་པར་ བརྡ་ལམ་གྱི་ནང་དུ་གནས་ཚུལ མར་བབས་སོང་ཡོདཔ་ཨིན་པས།,175,44
འདས་པའི་ལོ་༥ རི་མོ ནགས་ཚལ་མེ་རྐྱེན་འཛིན་སྐྱོང་སྡེ་ཚན་༢༢ གྱོང་རྒུད་སྦོམ་སྦེ་ར་ བརྡ་ལམ་གྱི་ནང་དུ་གནས་ཚུལརྒྱལ་སྤྱིའི་ཁས་བླངས་ཚུ་ དབང་འདུས རྩིས་མ་རྐྱབ་པར་ མེདཔ་བཏང་ཡོདཔ་ཨིན་པས།,172,42
རྒྱལ་ཡོངས་ནགས་ཚལ་ཐོ་བཀོད་ཀྱི་ བརྡ་ལམ་གྱི་ནང་དུ་གནས་ཚུལནགས་ཚལ་མེ་རྐྱེན་འཛིན་སྐྱོང་སྡེ་ཚན་༢༢ མོག་མོག གྱོང་རྒུད་སྦོམ་སྦེ་ར་ སྤྱིར་བཏང་དངུལ་འབྲེལ་གྱི་འགན་ཁུར་དེ་ བརྡ་ལམ་གྱི་ནང་དུ་གནས་ཚུལ,182,44
མདའ་རྩེད་འགྲན་བསྡུར་དེ་ དུས་སྟོན་གྱི་དོན་ལུ་ རྩེད་སྲོལ་ཡོདཔ།,60,13
༉ འབྲུག་རྒྱལ་ཁབ་ཀྱི་ བྱང་ཕྱོགས་ཁ་ཐུག་ལུ་ཡོད་པའི་ མཐའ་ཟུར་གྱི་ས་གནས་ ལ་མཐོ་ས་ལུ་ཡོད་པའི་ གླིང་བཞི་གི་ མི་ཚུ་གིས་ ལོ་བསྟར་གྱི་མདའ་རྩེད་འགྲན་བསྡུར་དེ་ རྩ་ཆེ་ཤོས་ཅིག་སྦེ་ བརྩི་འཇོག་འབད་དོ་ཡོདཔ་ཨིན་པས།,196,49
དེ་གིས་ ཀརྨ ཕོ་སྐྱེས་ཀྱིས་མ་གཏོགས་འཐེན་སྲོལ་མེད་རུང་ རྒྱལ་ཁབ་ནང་ བརྡ་ལམ་གྱི་ནང་དུ་གནས་ཚུལ ཨིན་ཟེར་ཨིན་པས།,105,26
རྒྱལ་རབས་དང་འཁྲིལ་བ་ཅིན་ བརྡ་ལམ་གྱི་ནང་དུ་གནས་ཚུལཆར་ཆུ་ལུ་བརྟེན་དགོཔ་ད་ རྒྱུ་དཀའ།,81,20
སྦོ་ལོགས་ཁར་ ཆོགཔ་སྦེ་ཡོདཔ་ཨིན་པས།,34,8
ཁྱིམ་ཅིག་ནང་ བརྡ་ལམ་གྱི་ནང་དུ་གནས་ཚུལལོ་ཐོག་ཚུ་ ནི རྒྱལ་ཁ་ཐོབ་ཡོདཔ་ཨིན་པས།,74,19
རྒྱལ་རབས་དང་འཁྲིལ་བ་ཅིན་ སྔོན་དང་ཕུ་ལས་དར་ཡོད་པའི་ བརྡ་ལམ་གྱི་ནང་དུ་གནས་ཚུལསྦོ་ལོགས་ཁར་ བཀྲ་ཤིས ཆོགཔ་སྦེ་ཡོདཔ་ཨིན་པས།,117,29
ཁྱིམ་ཅིག་ནང་ གལ་སྲིད་ བརྡ་ལམ་གྱི་ནང་དུ་གནས་ཚུལརྒྱལ་ཁ་ཐོབ་ཡོདཔ་ཨིན་པས།,69,17
རྒྱལ་རབས་དང་འཁྲིལ་བ་ཅིན་ ཤེས་ཡོན སྔོན་དང་ཕུ་ལས་དར་ཡོད་པའི་ དར་ཡོད་པའི་ བརྡ་ལམ་གྱི་ནང་དུ་གནས་ཚུལཆོགཔ་སྦེ་ཡོདཔ་ཨིན་པས།,116,29
སྒེར་གྱི་གསར་ཤོག་ཚུ་གི་ གནས་སྟངས།,33,8
༉ རྒྱལ་ཁབ་ནང་ མར་ཉམས་འགྱོ་བའི་བསྒང་ཡོད་མི་ སྒེར་གྱི་གསར་ཤོག་ལས་སྡེ་ཚུ་ ཡུན་བརྟན་གནས་ཐབས་དོན་ལས་ སྒེར་གྱི་གསར་ཤོག་༦ ལུ་ དངུལ་རྐྱང་ཐོག་ལས་ སེམས་ཤུགས་མཐུན་རྐྱེན་བྱིན་ནིའི་དོན་ལུ་ གཞུང་གིས་ རྩིས་ལོ་༢༠༢༤-༢༥ ལུ་ དངུལ་ཀྲམ་ས་ཡ་༤.༣ བགོ་བཀྲམ་འབད་ནུག།,240,57
གྲོས་འཆར་ཚུ་ཡང་ བརྡ་ལམ་གྱི་ནང་དུ་གནས་ཚུལརྒྱུན་སྐྱོང་འཐབ་ཡོདཔ་བཞིན་དུ་ ཐིམ་ཕུ བགོ་བཤའ་བརྒྱ་ཆ་༥༠ འགྱུར་ཏེ་ཡོདཔ་ཨིན།,113,27
སྒེར་སྡེ་གསར་ཤོག་ཚུ་གི་ བརྡ་ལམ་གྱི་ནང་དུ་གནས་ཚུལདེ་ལས་ གཞི་འཛུགས བཙུགས་དགོཔ་ཨིན་པས།,83,20
གྲོས་འཆར་ཚུ་ཡང་ སྒེར་གྱི་རེ་ཌིའོ་ལས་ཁང་ཚུ་གིས་ བརྡ་ལམ་གྱི་ནང་དུ་གནས་ཚུལ བགོ་བཤའ་བརྒྱ་ཆ་༥༠ སངས་རྒྱས་ཆོས འགྱུར་ཏེ་ཡོདཔ་ཨིན།,121,31
སྒེར་སྡེ་གསར་ཤོག་ཚུ་གི་ འགོ་དཔོན་ཚུ་དང་འཁྲིལ་བ་ཅིན་ བརྡ་ལམ་གྱི་ནང་དུ་གནས་ཚུལབཙུགས་དགོཔ་ཨིན་པས།,94,23
གྲོས་འཆར་ཚུ་ཡང་ ཀརྨ སྒེར་གྱི་རེ་ཌིའོ་ལས་ཁང་ཚུ་གིས་ བརྩི་འཇོག་འབད་ཡོད་རུང་ བརྡ་ལམ་གྱི་ནང་དུ་གནས་ཚུལའགྱུར་ཏེ་ཡོདཔ་ཨིན།,116,28
སྒེར་སྡེ་གསར་ཤོག་ཚུ་གི་ གཤེས་ཚན འགོ་དཔོན་ཚུ་དང་འཁྲིལ་བ་ཅིན་ གལ་སྲིད་ བརྡ་ལམ་གྱི་ནང་དུ་གནས་ཚུལསྒེར་གྱི་རེ་ཌིའོ་ལས་ཁང་ཚུ་གིས་ ནགས་ཚལ བརྩི་འཇོག་འབད་ཡོད་རུང་ ཐོབ་དོ་ཡོདཔ་ཨིན་པས།,173,43
དངུལ་ཕོགས་ལ་ལུ་ཅིག་ བརྡ་ལམ་གྱི་ནང་དུ་གནས་ཚུལའགོ་དཔོན་ཚུ་དང་འཁྲིལ་བ་ཅིན་ འབྲུག་པ གལ་སྲིད་ སེམས་ཤུགས་མཐུན་རྐྱེན་བྱིན་ནིའི་དོན་ལུ་ བརྡ་ལམ་གྱི་ནང་དུ་གནས་ཚུལབརྩི་འཇོག་འབད་ཡོད་རུང་ དགེ་འདུན་པ ཐོབ་དོ་ཡོདཔ་ཨིན་པས།,205,49
དངུལ་ཕོགས་ལ་ལུ་ཅིག་ གསར་ཤོག་གི་ བརྡ་ལམ་གྱི་ནང་དུ་གནས་ཚུལགལ་སྲིད་ སྤུ་ན་ཁ སེམས་ཤུགས་མཐུན་རྐྱེན་བྱིན་ནིའི་དོན་ལུ་ མི་འཐོབ་དོ་ཡོདཔ་ཨིན་པས།,135,33
བསྟན་འཛིན་ལམ་བཟང་གིས་ བརྡ་ལམ་གྱི་ནང་དུ་གནས་ཚུལཐོབ་དོ་ཡོདཔ་ཨིན་པས།,65,16
དངུལ་ཕོགས་ལ་ལུ་ཅིག་ འབད་དགོས་ གསར་ཤོག་གི་ དེ་ལས་ བརྡ་ལམ་གྱི་ནང་དུ་གནས་ཚུལསེམས་ཤུགས་མཐུན་རྐྱེན་བྱིན་ནིའི་དོན་ལུ་ འབྲུག་འཕྲིན་གླིང་ མི་འཐོབ་དོ་ཡོདཔ་ཨིན་པས།,153,35
བསྟན་འཛིན་ལམ་བཟང་གིས་ འགོ་དཔོན་ཚུ་གིས་ བརྡ་ལམ་གྱི་ནང་དུ་གནས་ཚུལགསར་ཤོག་གི་ འབྲས དེ་ལས་ གཞུང་གི་ བརྡ་ལམ་གྱི་ནང་དུ་གནས་ཚུལམི་འཐོབ་དོ་ཡོདཔ་ཨིན་པས།,143,35
ནང་དོན་སྤུས་ཚད་ལྷན་ཐབས་འབད་ནི་གི་ གནས་ཚིག་དང་འཁྲིལ་དགོཔ་ཨིན་པས།,63,16
ཆོག་ཐམ་གྱི་ བརྡ་ལམ་གྱི་ནང་དུ་གནས་ཚུལབརྡ་བརྒྱུད་ལས་བྱེདཔ་ འབད་དགོས་ དངུལ་ཕོགས་མ་ཐོབ་པར་ མ་དངུལ་དེ་ བརྡ་ལམ་གྱི་ནང་དུ་གནས་ཚུལ ནང་དོན་སྤུས་ཚད་ལྷན་ཐབས་འབད་ནི་གི་ རི་མོ གནས་ཚིག་དང་འཁྲིལ་དགོཔ་ཨིན་པས།,192,48
ཆོག་ཐམ་གྱི་ རྒྱབ་སྐྱོར་འབད་དོ་ཡོདཔ་ད་ བརྡ་ལམ་གྱི་ནང་དུ་གནས་ཚུལདངུལ་ཕོགས་མ་ཐོབ་པར་ དཀྱིལ་ར མ་དངུལ་དེ་ བརྒྱུད་འབྲེལ་ལ་སོགས་པའི་ བརྡ་ལམ་གྱི་ནང་དུ་གནས་ཚུལ གནས་ཚིག་དང་འཁྲིལ་དགོཔ་ཨིན་པས།,180,44
རྩིས་ལོ་༢༠༢༡-༢༢ བརྡ་ལམ་གྱི་ནང་དུ་གནས་ཚུལཌི་ཇི་ཊཱལ་ལུ་ སངས་རྒྱས་ཆོས དང་ པར་བསྐྲུན་བརྡ་བརྒྱུད་ཀྱི་དོན་ལུ་ བརྡ་ལམ་གྱི་ནང་དུ་གནས་ཚུལ འབྲུག་ལུ་ དུས་ཆེན འགོ་བཙུགས་ཡོདཔ་ཨིན་པས།,169,40
རྩིས་ལོ་༢༠༢༡-༢༢ སྒེར་གྱི་རེ་ཌིའོ་ལས་ཁང་ཚུ་ བརྡ་ལམ་གྱི་ནང་དུ་གནས་ཚུལདང་ གཤེས་ཚན པར་བསྐྲུན་བརྡ་བརྒྱུད་ཀྱི་དོན་ལུ་ ཐབས་ལམ་ཡོདཔ་ལས་ བརྡ་ལམ་གྱི་ནང་དུ་གནས་ཚུལའགོ་བཙུགས་ཡོདཔ་ཨིན་པས།,174,41
གསར་ཤོག་ཚུ་གིས་ བརྡ་ལམ་གྱི་ནང་དུ་གནས་ཚུལདངུལ་འབྲེལ་དྭངས་གསལ་དང་ གཤེས་ཚན བཟོ་བཀོད་༡ གཞི་རྟེན་མཐུན་རྐྱེན་ཚུ་ བརྡ་ལམ་གྱི་ནང་དུ་གནས་ཚུལ འབྲུག་ཚོང་འབྲེལ་ གཡག མ་དངུལ་ལག་ལེན་འཐབ་ཐངས།,175,42
གསར་ཤོག་ཚུ་གིས་ རྒྱུན་སྐྱོང་འཐབ་དོ་ཡོདཔ་ད་ བརྡ་ལམ་གྱི་ནང་དུ་གནས་ཚུལབཟོ་བཀོད་༡ བླ་མ གཞི་རྟེན་མཐུན་རྐྱེན་ཚུ་ འབྲུག་ཚོང་ལུ་ བརྡ་ལམ་གྱི་ནང་དུ་གནས་ཚུལམ་དངུལ་ལག་ལེན་འཐབ་ཐངས།,167,41
གསར་ཤོག་ཚུ་གིས་ ནགས་ཚལ རྒྱུན་སྐྱོང་འཐབ་དོ་ཡོདཔ་ད་ གཞུང་གིས་ བརྡ་ལམ་གྱི་ནང་དུ་གནས་ཚུལགཞི་རྟེན་མཐུན་རྐྱེན་ཚུ་ འབྲུག་གི་གནས་ཚུལ འབྲུག་ཚོང་ལུ་ ཡོདཔ་ཨིན་པས།,151,35
དེ་བཟུམ་སྦེ་ བརྡ་ལམ་གྱི་ནང་དུ་གནས་ཚུལརྒྱུན་སྐྱོང་འཐབ་དོ་ཡོདཔ་ད་ རྩོམ་རིག གཞུང་གིས་ རིག་འཛིན་ལྷ་མོ་ལུ་ བརྡ་ལམ་གྱི་ནང་དུ་གནས་ཚུལའབྲུག་ཚོང་ལུ་ སྤ་རོ ཡོདཔ་ཨིན་པས།,158,38
དེ་བཟུམ་སྦེ་ ག་དེ་སྦེ་ བརྡ་ལམ་གྱི་ནང་དུ་གནས་ཚུལགཞུང་གིས་ རྡོ་རྗེ རིག་འཛིན་ལྷ་མོ་ལུ་ དེ་ལས་ བརྡ་ལམ་གྱི་ནང་དུ་གནས་ཚུལ ཡོདཔ་ཨིན་པས།,128,33
དེ་བཟུམ་སྦེ་ རིག་གཞུང ག་དེ་སྦེ་ བཤདཔ་ཨིན་པས།,44,11
འབྲུག་ཚོང་འབྲེལ་ལས་ བརྡ་ལམ་གྱི་ནང་དུ་གནས་ཚུལརིག་འཛིན་ལྷ་མོ་ལུ་ སྟག་ཚང དེ་ལས་ མ་དངུལ་ཚུ་ བརྡ་ལམ་གྱི་ནང་དུ་གནས་ཚུལ ག་དེ་སྦེ་ མདའ་རྩེད བཤདཔ་ཨིན་པས།,144,37
འབྲུག་ཚོང་འབྲེལ་ལས་ ངོས་ལེན་ཅན་གྱི་ བརྡ་ལམ་གྱི་ནང་དུ་གནས་ཚུལ དེ་ལས་ ཨེ་མ་དར་ཚི མ་དངུལ་ཚུ་ བཙུགས་ནི་ལས་ བརྡ་ལམ་གྱི་ནང་དུ་གནས་ཚུལབཤདཔ་ཨིན་པས།,139,36
སྒེར་གྱི་རེ་ཌིའོ་ཕྱིར་བཏོན།,27,6
བརྡ་བརྒྱུད་ཚོང་ལས་གོང་འཕེལ་འཆར་དངུལ་དེ་ བརྡ་ལམ་གྱི་ནང་དུ་གནས་ཚུལབགོ་བཤའ་འཆང་མི་༢༨༨ དཀྱིལ་ར ད་བྷུ་ནིསི་ལུ་ འགོ་འདྲེན་འཐབ་ཡོདཔ་ད་ བརྡ་ལམ་གྱི་ནང་དུ་གནས་ཚུལན་ཧིང་ གནམ་འདུས་བཞིན་དུ བཤོལ་བཞག་ཡོདཔ་ཨིན་པས།,197,48
བརྡ་བརྒྱུད་ཚོང་ལས་གོང་འཕེལ་འཆར་དངུལ་དེ་ ཡོདཔ་ཨིན་པས།,52,12
དཱ་བྷུ་ཊ་ནེསི་གསར་ཤོག་གི་ བརྡ་ལམ་གྱི་ནང་དུ་གནས་ཚུལད་བྷུ་ནིསི་ལུ་ བཀྲ་ཤིས འགོ་འདྲེན་འཐབ་ཡོདཔ་ད་ ཟླ་རིམ་དངུལ་ཕོགས་ བརྡ་ལམ་གྱི་ནང་དུ་གནས་ཚུལབཤོལ་བཞག་ཡོདཔ་ཨིན་པས།,158,39
བརྡ་བརྒྱུད་ཚོང་ལས་གོང་འཕེལ་འཆར་དངུལ་དེ་ བདེ་ཐང་དཀར་ཆགས ཡོདཔ་ཨིན་པས།,67,16
དཱ་བྷུ་ཊ་ནེསི་གསར་ཤོག་གི་ ཐད་ཀར་དུ་ བརྡ་ལམ་གྱི་ནང་དུ་གནས་ཚུལའགོ་འདྲེན་འཐབ་ཡོདཔ་ད་ ནགས་ཚལ ཟླ་རིམ་དངུལ་ཕོགས་ ཚ་གྱང་ལང་དགོ་པའི་ བརྡ་ལམ་གྱི་ནང་དུ་གནས་ཚུལཡོདཔ་ཨིན་པས།,161,41
བརྡ་བརྒྱུད་ལས་ཁང་ཚུ་གིས་ བརྡ་ལམ་གྱི་ནང་དུ་གནས་ཚུལརྒྱབ་སྐྱོར་དེ་ ནགས་ཚལ བརྒྱ་ཆ་ཁ་སྐོང་བགོ་བཀྲམ་འབད་ནི་ཚུ་ ཡོདཔ་ད་ བརྡ་ལམ་གྱི་ནང་དུ་གནས་ཚུལ གཙོ་རིམ་ལུ་ དབྱེ་གཞི འཇམ་ཏོང་ཏོ་ཡོད་ཟེར་ཨིན་པས།,185,47
བརྡ་བརྒྱུད་ལས་ཁང་ཚུ་གིས་ ལུ་ བརྡ་ལམ་གྱི་ནང་དུ་གནས་ཚུལབརྒྱ་ཆ་ཁ་སྐོང་བགོ་བཀྲམ་འབད་ནི་ཚུ་ བདེ་སྨིན ཡོདཔ་ད་ ཡར་དྲག་འགྱོ་ཚུགས་ནི་ཨིནམ་མ་ཚད་ བརྡ་ལམ་གྱི་ནང་དུ་གནས་ཚུལ འཇམ་ཏོང་ཏོ་ཡོད་ཟེར་ཨིན་པས།,186,48
བརྡ་བརྒྱུད་ལས་ཁང་ཚུ་གིས་ དབྱེ་ཞིབ ལུ་ ཡོདཔ་ཨིན་པས།,50,12
ལས་ཁུངས་ཀྱི་ བརྡ་ལམ་གྱི་ནང་དུ་གནས་ཚུལཡོདཔ་ད་ ཕྱུག་མ ཡར་དྲག་འགྱོ་ཚུགས་ནི་ཨིནམ་མ་ཚད་ བརྒྱ་ཆ་༢༥ བརྡ་ལམ་གྱི་ནང་དུ་གནས་ཚུལལུ་ འབྲུག ཡོདཔ་ཨིན་པས།,139,35
ལས་ཁུངས་ཀྱི་ གནས་ཚུལ་བསྡུ་ལེན་པ་ཚུ་ བརྡ་ལམ་གྱི་ནང་དུ་གནས་ཚུལཡར་དྲག་འགྱོ་ཚུགས་ནི་ཨིནམ་མ་ཚད་ གོ བརྒྱ་ཆ་༢༥ བསྟན་འཛིན་རྡོ་རྗེ་༢ བརྡ་ལམ་གྱི་ནང་དུ་གནས་ཚུལ ཡོདཔ་ཨིན་པས།,161,42
༉ བརྡ་ལམ་གྱི་ནང་དུ་གནས་ཚུལགནས་སྐབས་ཀྱི་དོན་ལུ་ བསོད་ནམས་ པར་སྐྲུན་འབད་བའི་ཁར་ དངུལ་རྐྱང་ཐོག་ལས་ བརྡ་ལམ་གྱི་ནང་དུ་གནས་ཚུལཡོངས་འབྲེལ་ཐོག་ ཨེ་མ་དར་ཚི ཨོ་རྒྱན་རྡོ་རྗེ།,163,40
༉ ཟད་འགྲོ་མར་ཕབ་འབད་མི་གིས་ བརྡ་ལམ་གྱི་ནང་དུ་གནས་ཚུལཔར་སྐྲུན་འབད་བའི་ཁར་ གོ དངུལ་རྐྱང་ཐོག་ལས་ གནས་ཚུལ་ལྷག་ནི་དང་ བརྡ་ལམ་གྱི་ནང་དུ་གནས་ཚུལ,137,36
ཉ་རྡོ་སྲེགམ་ ཉམས་སྲུང་འབད་ནི་ལུ་ གྲ་སྒྲིག་འབད་དོ་ཡོདཔ།,54,13
ད་ལྟོ་ བརྡ་ལམ་གྱི་ནང་དུ་གནས་ཚུལཁེ་ཕན་འབྱུང་ཚུགས་མི་དེ་ཡང་ དབྱེ་གཞི དངུལ་འབྲེལ་གྱི་གདོང་ལེན་ ཚོང་འབྲེལ་འཐབ་ནི་ལུ་་ བརྡ་ལམ་གྱི་ནང་དུ་གནས་ཚུལབཟོ་ཚུགས་པའི་ འགོད་རིམ ཨིན་ཟེར་ཨིན་པས།,176,42
ད་ལྟོ་ ཉ་གསོ་སྐྱོང་ཁང་༡༡ བརྡ་ལམ་གྱི་ནང་དུ་གནས་ཚུལདངུལ་འབྲེལ་གྱི་གདོང་ལེན་ མོག་མོག ཚོང་འབྲེལ་འཐབ་ནི་ལུ་་ ཧེ་མ་ཚར་ཅིག་ བརྡ་ལམ་གྱི་ནང་དུ་གནས་ཚུལཨིན་ཟེར་ཨིན་པས།,156,39
ད་ལྟོ་ རི་མོ ཉ་གསོ་སྐྱོང་ཁང་༡༡ རེ་བ་ཡོདཔ་སྦེ་ཨིན་པས།,52,15
"ཐོན་སྐྱེད་ཚུ་གི་གྲས་ལས་ བརྡ་ལམ་གྱི་ནང་དུ་གནས་ཚུལཚོང་འབྲེལ་འཐབ་ནི་ལུ་་ གཡག ཧེ་མ་ཚར་ཅིག་ ཉ་ཀེ་ཇི་༡,༥༧༣ བརྡ་ལམ་གྱི་ནང་དུ་གནས་ཚུལ ཉ་གསོ་སྐྱོང་ཁང་༡༡ གཞི་འཛུགས རེ་བ་ཡོདཔ་སྦེ་ཨིན་པས།",175,46
"ཐོན་སྐྱེད་ཚུ་གི་གྲས་ལས་ གྲོགས་རམ་འབད་ཚུགས་མི་གིས་ བརྡ་ལམ་གྱི་ནང་དུ་གནས་ཚུལཧེ་མ་ཚར་ཅིག་ འབྲས ཉ་ཀེ་ཇི་༡,༥༧༣ འདས་པའི་ བརྡ་ལམ་གྱི་ནང་དུ་གནས་ཚུལརེ་བ་ཡོདཔ་སྦེ་ཨིན་པས།",160,41
འཛམ་གླིང་སྤྱི་ཚོགས་གོང་འཕེལ་མ་དངུལ་དང་ བརྡ་ལམ་གྱི་ནང་དུ་གནས་ཚུལའོང་འབབ་བཟོ་ཚུགས་ནི་དང་ ཀརྨ ཧེ་མ་ལས་ དབང་འདུས་རྫོང་ཁག་༢ བརྡ་ལམ་གྱི་ནང་དུ་གནས་ཚུལཔ་དང་༢ གོ མ་གཏོགས་མེདཔ་ཨིན་པས།,173,45
འཛམ་གླིང་སྤྱི་ཚོགས་གོང་འཕེལ་མ་དངུལ་དང་ སྐྱེས་ལོ་༥༤ བརྡ་ལམ་གྱི་ནང་དུ་གནས་ཚུལཧེ་མ་ལས་ སྤུ་ན་ཁ དབང་འདུས་རྫོང་ཁག་༢ ད་རེས་ བརྡ་ལམ་གྱི་ནང་དུ་གནས་ཚུལམ་གཏོགས་མེདཔ་ཨིན་པས།,162,42
"བརྡ་ལམ་གྱི་ནང་དུ་གནས་ཚུལཡུན་བརྟན་ཅན་གྱི་ མདའ་རྩེད འཚོ་བའི་གནས་སྟངས་ ཉ་རྡོ་སྲེགམ་ལུ་བརྟེན་ བརྡ་ལམ་གྱི་ནང་དུ་གནས་ཚུལཉ་ཕྲུག་༢༦,༢༡༨ འཆར་སྤྱོད རེ་བ་ཡོད་ཟེར་ཨིན་པའི་གནས་ཚུལ།",167,40
ཉ་རིགས་དེ་ བརྡ་ལམ་གྱི་ནང་དུ་གནས་ཚུལ,35,10
མགར་ས་རྫོང་ཁག་གི་ སྨོན་ལམ་ཆེན་མོའི་དུས་དེབ་ འགོ་འབྱེད་མཛད་གནང་ཡོདཔ།,67,16
༉ ད་རིས་ སྐྱབས་རྗེ་རྗེ་མཁན་རིན་པོ་ཆེ་མཆོག་གིས་ ལྷུན་རྩེ་ ཨའུ་མཚོ་རྣམ་གྲོལ་གླིང་དགོན་འཛིན་གྲྭ་ཚང་ནང་སྦེ་ མགར་ས་རྫོང་ཁག་གི་ སྨོན་ལམ་ཆེན་མོའི་དུས་དེབ་ འགོ་འབྱེད་མཛད་གནང་ཡོདཔ་ཨིན་པས།,178,43
དེ་ལས་ ནགས་ཚལ ༉ ཨའུ་མཚོ་རྣམ་གྲོལ་གླིང་དགོན་འཛིན་གྲྭ་ཚང་ནང་སྦེ་ བརྡ་ལམ་གྱི་ནང་དུ་གནས་ཚུལ སྐྱབས་རྗེ་རྗེ་མཁན་རིན་པོ་ཆེ་མཆོག་གིས་ འབྲུག བླམ་གནས་བརྟན་དང་ མགར་ས་རབ་སྡེའི་ བརྡ་ལམ་གྱི་ནང་དུ་གནས་ཚུལ,189,48
བགོ་བཤའི་ཁེ་འཐུས་ མ་ལེན་པར་བཞག་མི་དེ་ དངུལ་ཀྲམ་ས་ཡ་༦༠ ལྷག་ཡོདཔ།,63,17
༉ འབྲུག་རྒྱལ་གཞུང་འགན་ལེན་བདོག་གཏད་བརྗེ་སོར་ཁང་གིས་ ཐོ་བཀོད་ཅན་གྱི་ལས་སྡེ་༡༨ ཡོད་པའི་གྲས་ལས་༡༥ འི་ བགོ་བཤའ་འཆང་མི་ཚུ་གི་ ཁེ་འཐུས་མ་ལེན་པར་བཞག་མི་དེ་ དངུལ་ཀྲམ་ས་ཡ་༦༠.༥ ཡོད་པའི་ སྙན་ཞུ་འབད་ཡོདཔ་ཨིན་པས།,199,52
འདས་པའི་ལོ་ཚུ་ནང་ དུས་ཆེན མ་རྩ་བཙུགས་མིའི་ཉེན་སྐྱོབ་སྒྲིག་གཞི་༢༠༢༥ སྙན་ཞུ་འབད་ཡོདཔ་ཨིན་པས།,90,22
ཁེ་འཐུས་མ་ལེན་པའི་ བརྡ་ལམ་གྱི་ནང་དུ་གནས་ཚུལ ལས་༡༡ རྒྱུ་དཀའ།,59,16
ལུས་ནི་དེ་གིས་ཨིན་པས།,21,6
རྒྱལ་ཁབ་ནང་ དངུལ་འབྲེལ་གྱི་ བརྡ་ལམ་གྱི་ནང་དུ་གནས་ཚུལམ་རྩ་བཙུགས་མིའི་ཉེན་སྐྱོབ་སྒྲིག་གཞི་༢༠༢༥ བསོད་ནམས་ སྙན་ཞུ་འབད་ཡོདཔ་ཨིན་པས།,126,29
ཁེ་འཐུས་མ་ལེན་པའི་ མི་ཤེས་དོ་ཡོདཔ་ཨིན་པས།,41,11
ཁག་ཆེ་བའི་ བརྡ་ལམ་གྱི་ནང་དུ་གནས་ཚུལལུས་ནི་དེ་གིས་ཨིན་པས།,56,15
རྒྱལ་ཁབ་ནང་ ཕྱུག་མ དངུལ་འབྲེལ་གྱི་ བཟོ་ཡོདཔ་ད་ བརྡ་ལམ་གྱི་ནང་དུ་གནས་ཚུལསྙན་ཞུ་འབད་ཡོདཔ་ཨིན་པས།,94,23
ཁེ་འཐུས་མ་ལེན་པའི་ བསོད་ནམས་ མི་ཤེས་དོ་ཡོདཔ་ཨིན་པས།,51,13
ཁག་ཆེ་བའི་ ཡར་སེང་སྦོམ་སྦེ་ར་ བརྡ་ལམ་གྱི་ནང་དུ་གནས་ཚུལདངུལ་འབྲེལ་གྱི་ རྩོམ་རིག བཟོ་ཡོདཔ་ད་ བཤདཔ་ཨིན་པས།,103,25
འབྲུག་ཉེན་བཅོལ་ལས་འཛིན་ལས་ བརྡ་ལམ་གྱི་ནང་དུ་གནས་ཚུལམི་ཤེས་དོ་ཡོདཔ་ཨིན་པས།,73,18
ཁག་ཆེ་བའི་ འགོད་རིམ ཡར་སེང་སྦོམ་སྦེ་ར་ ཁེ་འཐུས་མ་ལེན་མི་ཚུ་ བརྡ་ལམ་གྱི་ནང་དུ་གནས་ཚུལབཟོ་ཡོདཔ་ད་ གར་རྩལ བཤདཔ་ཨིན་པས།,115,30
འབྲུག་ཉེན་བཅོལ་ལས་འཛིན་ལས་ ཡོད་པའི་གྲས་ལས་༡༥ བརྡ་ལམ་གྱི་ནང་དུ་གནས་ཚུལཡར་སེང་སྦོམ་སྦེ་ར་ རྩོམ་རིག ཁེ་འཐུས་མ་ལེན་མི་ཚུ་ སྤྲོད་ཚར་ཡོདཔ་ཨིན་པས།,139,35
ཁེ་འཐུས་མ་ལེན་པར་ བརྡ་ལམ་གྱི་ནང་དུ་གནས་ཚུལབཤདཔ་ཨིན་པས།,54,14
འབྲུག་ཉེན་བཅོལ་ལས་འཛིན་ལས་ འཕྲུལ་ལས ཡོད་པའི་གྲས་ལས་༡༥ ལུ་ བརྡ་ལམ་གྱི་ནང་དུ་གནས་ཚུལཁེ་འཐུས་མ་ལེན་མི་ཚུ་ འབྲུག་གི་གནས་ཚུལ སྤྲོད་ཚར་ཡོདཔ་ཨིན་པས།,141,35
ཁེ་འཐུས་མ་ལེན་པར་ རང་སོའི་ བརྡ་ལམ་གྱི་ནང་དུ་གནས་ཚུལཡོད་པའི་གྲས་ལས་༡༥ ནི ལུ་ འབྲུག་པི་ཨེན་བི་དངུལ་ཁང་གི་ བརྡ་ལམ་གྱི་ནང་དུ་གནས་ཚུལསྤྲོད་ཚར་ཡོདཔ་ཨིན་པས།,149,38
"བརྡ་ལམ་གྱི་ནང་དུ་གནས་ཚུལའདས་པའི་ལོ་ཚུ་ནང་ ལས་བཟོ བརྡ་དོན་དུས་མཐུན་བཟོཝ་ད་༩༣,༡༠༥ གཞུང་གིས་ བརྡ་ལམ་གྱི་ནང་དུ་གནས་ཚུལ སོང་ཡོདཔ་ད་ འབྲུག བཙུགས་ཏེ་ཡོད་པའི་གནས་ཚུལ།",158,39
"དེ་ཡང་ བརྡ་ལམ་གྱི་ནང་དུ་གནས་ཚུལབརྡ་དོན་དུས་མཐུན་བཟོཝ་ད་༩༣,༡༠༥ སྤ་རོ གཞུང་གིས་ དུས་ཡུན་རིངམོ་སོང་མི་དང་ བརྡ་ལམ་གྱི་ནང་དུ་གནས་ཚུལབཙུགས་ཏེ་ཡོད་པའི་གནས་ཚུལ།",152,37
ཀུན་གསལ དེ་ཡང་ སྒྱུར་བཅོས་འབད་བའི་སྐབས་ བརྡ་ལམ་གྱི་ནང་དུ་གནས་ཚུལགཞུང་གིས་ བཀྲ་ཤིས དུས་ཡུན་རིངམོ་སོང་མི་དང་ ཁེ་འཐུས་མ་ལེན་མི་ བརྡ་ལམ་གྱི་ནང་དུ་གནས་ཚུལ,149,37
ལིང་ཏོག་གཤག་བཅོས་ཐོག་ ནདཔ་༣༠༣ མིག་ཏོ་མཐོང་ཚུགསཔ་ བཟོ་ཡོདཔ།,58,13
༉ དགེ་ལེགས་ཕུག་ལུ་སྡོད་མི་ སྐྱེས་ལོ་༦༥ ལང་མི་ ཧོམ་རཱཇ་ག་ལེ་དེ་ ཧེ་མ་ ཡི་གུ་ལྷག་ཚུགས་པའི་ཁར་ སྣུམ་འཁོར་ཡང་ བཏང་ཚུགས་མི་ཅིག་ཨིན་རུང་ ལིང་ཏོག་མེདཔ་ཐལཝ་ལས་ཚུར་ མིག་ཏོ་མཐོང་མ་ཚུགས་པར་ དཀའ་སྡུག་བྱུང་ཡོདཔ་ཨིན་པས།,205,52
༉ བརྡ་ལམ་གྱི་ནང་དུ་གནས་ཚུལབདེ་ཆེན་དབང་མོ་གིས་ དཀྱིལ་ར ནདཔ་༩༩ ཧིང་སངས་ས་སྦེ་ བརྡ་ལམ་གྱི་ནང་དུ་གནས་ཚུལའཕྲོ་མཐུད་དེ་ར་ ཉེས་ཚོགས བཙན་སྐྱོགས་དབང་འདུས།,145,36
༉ རྒྱལ་སྐྱོར་འབད་ཡོདཔ་ཨིན་པས།,29,7
རྒྱལ་སྤྱི་མིག་ཏོ་གཤག་བཅོས་ལས་རིམ་སྐབས་ བརྡ་ལམ་གྱི་ནང་དུ་གནས་ཚུལ ནདཔ་༩༩ གཞི་འཛུགས ཧིང་སངས་ས་སྦེ་ གིས་ བརྡ་ལམ་གྱི་ནང་དུ་གནས་ཚུལབཙན་སྐྱོགས་དབང་འདུས།,145,35
༉ དབྱེ་ཞིབ རྒྱལ་སྐྱོར་འབད་ཡོདཔ་ཨིན་པས།,38,9
རྒྱལ་སྤྱི་མིག་ཏོ་གཤག་བཅོས་ལས་རིམ་སྐབས་ འཛམ་གླིང་ནང་ བརྡ་ལམ་གྱི་ནང་དུ་གནས་ཚུལཧིང་སངས་ས་སྦེ་ ཉེས་ཚོགས གིས་ དང་ བརྡ་ལམ་གྱི་ནང་དུ་གནས་ཚུལརྒྱལ་སྐྱོར་འབད་ཡོདཔ་ཨིན་པས།,160,38
རྒྱལ་སྤྱི་མིག་ཏོ་གཤག་བཅོས་ལས་རིམ་སྐབས་ རྫོང འཛམ་གླིང་ནང་ གཤག་བཅོས་མཁས་མཆོག་ བརྡ་ལམ་གྱི་ནང་དུ་གནས་ཚུལགིས་ སངས་རྒྱས་ཆོས དང་ ད་རེས་ བརྡ་ལམ་གྱི་ནང་དུ་གནས་ཚུལའཛམ་གླིང་ནང་ ཆོག་མི་སྡུད གཤག་བཅོས་མཁས་མཆོག་ བརྩི་དོ་ཡོདཔ་ཨིན་པས།,217,51
མི་དབང་རྒྱལ་ཡུམ་སྐལ་བཟང་ཆོས་སྒྲོན་དབང་ཕྱུག་མཆོག་གིས་ བརྡ་ལམ་གྱི་ནང་དུ་གནས་ཚུལདང་ འབྲུག ད་རེས་ མིག་ནད་ལས་ཁུངས་ཀྱི་ཁ་ཐུག་ལས་ བརྡ་ལམ་གྱི་ནང་དུ་གནས་ཚུལགཤག་བཅོས་མཁས་མཆོག་ ཁྱི བརྩི་དོ་ཡོདཔ་ཨིན་པས།,190,46
མི་དབང་རྒྱལ་ཡུམ་སྐལ་བཟང་ཆོས་སྒྲོན་དབང་ཕྱུག་མཆོག་གིས་ གི་རིང་ བརྡ་ལམ་གྱི་ནང་དུ་གནས་ཚུལད་རེས་ རྩོམ་རིག མིག་ནད་ལས་ཁུངས་ཀྱི་ཁ་ཐུག་ལས་ དགེ་ལེགས་ཕུག་ལས་ བརྡ་ལམ་གྱི་ནང་དུ་གནས་ཚུལབརྩི་དོ་ཡོདཔ་ཨིན་པས།,191,47
གློག་ཤུགས་བསྐྱར་གསོ་ཁང་ མངམ་གཞི་བཙུགས་འབད་དགོཔ།,47,10
ད་ལྟོའི་ བརྡ་ལམ་གྱི་ནང་དུ་གནས་ཚུལསྒེར་གྱི་བཟོ་ནི་དང་ གླུ་དབྱངས ལམ་ལུགས་དང་འཁྲིལཝ་ད་ ཡུན་བརྟན་གནས་མི་ཚུགས་ནི་བཟུམ་ཅིག་ཡོདཔ་ད་ བརྡ་ལམ་གྱི་ནང་དུ་གནས་ཚུལ ཕན་ནུས་འབྱུང་ནི་ཨིནམ་ད་ འབྲུག་འཕྲིན་གླིང་ ལཱ་ཁག་རྐྱབ་ནི་ཨིན་མས།,213,52
ད་ལྟོའི་ ཕན་ཐོགས་འབྱུང་ནི་ཨིནམ་བཞིན་དུ་ བརྡ་ལམ་གྱི་ནང་དུ་གནས་ཚུལལམ་ལུགས་དང་འཁྲིལཝ་ད་ གོ ཡུན་བརྟན་གནས་མི་ཚུགས་ནི་བཟུམ་ཅིག་ཡོདཔ་ད་ གློག་ཤུགས་འགྲུལ་འཁོར་གྱི་གྱངས་ཁ་ བརྡ་ལམ་གྱི་ནང་དུ་གནས་ཚུལལཱ་ཁག་རྐྱབ་ནི་ཨིན་མས།,207,50
ཨིན་རུང་ བརྡ་ལམ་གྱི་ནང་དུ་གནས་ཚུལསྤྱི་ལོ་༢༠༣༥ རྫོང་ཁ འགྲུབ་ཚུགས་པར་ གཞུང་དང་སྒེར་ བརྡ་ལམ་གྱི་ནང་དུ་གནས་ཚུལསྣུམ་འཁོར་བརྒྱ་ཆ་༧༠དེ་ཅིག་ འབྲུག་འཕྲིན་གླིང་ མངོན་གསལ་བྱུངམ་ཨིན་པས།,173,39
ཨིན་རུང་ ཡུན་བརྟན་འཆར་སྣང་ཅིག་ཨིན་རུང་ བརྡ་ལམ་གྱི་ནང་དུ་གནས་ཚུལའགྲུབ་ཚུགས་པར་ དཀྱིལ་ར གཞུང་དང་སྒེར་ གཞུང་གིས་ བརྡ་ལམ་གྱི་ནང་དུ་གནས་ཚུལམངོན་གསལ་བྱུངམ་ཨིན་པས།,156,36
འཛིན་སྐྱོང་མ་འཐབ་ནི་དེ་གིས་ རིན་མེད་སྟོང་པ་ཨིན་པའི་ཁར་ བརྡ་ལམ་གྱི་ནང་དུ་གནས་ཚུལལམ་ལུགས་འདི་ བདེ་སྨིན དམིགས་གཏད་བསྐྱེད་མི་དེ་ འགན་འཁྲི་ཧྲིམ་བུམ་འབག་ནི་ཨིན་ན་ བརྡ་ལམ་གྱི་ནང་དུ་གནས་ཚུལ,181,45
གློག་ཤུགས་བསྐྱར་གསོ་ཁང་ བདག་འཛིན་འཐབ་ནི་ལུ་ གཞུང་གིས་ ངོས་ལེན་འབད་དགོཔ།,71,16
ཡུ་ཨེསི་ལས་ཚབ་རྒྱལ་སྤྱི་གོང་འཕེལ་གྱི་ འབྲས འབད་དོ་ཡོདཔ་ད་ ཐོ་ཕོག་དོ་ཡོདཔ་སྦེ་ཨིན་པས།,84,21
གློག་ཤུགས་འགྲུལ་འཁོར་ལག་ལེན་འཐབ་མི་ བརྡ་ལམ་གྱི་ནང་དུ་གནས་ཚུལ གཡོ་བཅོས་འབད་དོ་ཡོད་མི་ལུ་བརྟེན་ རྩོམ་རིག ཕྱི་རྒྱལ་གྱི་ འབག་དོ་ཡོདཔ་སྦེ་ཨིན་པས།,140,34
ལས་ཁུངས་ཀྱིས་ བརྡ་ལམ་གྱི་ནང་དུ་གནས་ཚུལའབད་དོ་ཡོདཔ་ད་ ལས་བཟོ ཐོ་ཕོག་དོ་ཡོདཔ་སྦེ་ཨིན་པས།,86,22
གློག་ཤུགས་འགྲུལ་འཁོར་ལག་ལེན་འཐབ་མི་ རྒྱུན་སྐྱོང་ཚུ་ བརྡ་ལམ་གྱི་ནང་དུ་གནས་ཚུལཕྱི་རྒྱལ་གྱི་ བུམ་ཐང འབག་དོ་ཡོདཔ་སྦེ་ཨིན་པས།,120,28
ལས་ཁུངས་ཀྱིས་ འབད་བ་ཅིན་ བརྡ་ལམ་གྱི་ནང་དུ་གནས་ཚུལཐོ་ཕོག་དོ་ཡོདཔ་སྦེ་ཨིན་པས།,75,19
གློག་ཤུགས་འགྲུལ་འཁོར་ལག་ལེན་འཐབ་མི་ དབྱེ་ཞིབ རྒྱུན་སྐྱོང་ཚུ་ དག་པ་ཅིག་མ་གཏོགས་ བརྡ་ལམ་གྱི་ནང་དུ་གནས་ཚུལའབག་དོ་ཡོདཔ་སྦེ་ཨིན་པས།,126,30
ལས་ཁུངས་ཀྱིས་ མཆོད་རྟེན འབད་བ་ཅིན་ དེ་གི་སྦོ་ལོགས་ཁར་ བརྡ་ལམ་གྱི་ནང་དུ་གནས་ཚུལརྒྱུན་སྐྱོང་ཚུ་ ཤེས་ཡོན དག་པ་ཅིག་མ་གཏོགས་ གི་བར་ན་ བརྡ་ལམ་གྱི་ནང་དུ་གནས་ཚུལའབད་བ་ཅིན་ བླ་མ དེ་གི་སྦོ་ལོགས་ཁར་ ཁོ་གིས་བཤདཔ་ཨིན་པས།,207,53
སངས་རྒྱས་ཚུལ་ཁྲིམས་ཀྱིས་ བརྡ་ལམ་གྱི་ནང་དུ་གནས་ཚུལདག་པ་ཅིག་མ་གཏོགས་ སངས་རྒྱས་ཆོས གི་བར་ན་ གྲོས་བསྡུར་ཚུ་ བརྡ་ལམ་གྱི་ནང་དུ་གནས་ཚུལ དེ་གི་སྦོ་ལོགས་ཁར་ གནས་འཁོར ཁོ་གིས་བཤདཔ་ཨིན་པས།,176,44
སངས་རྒྱས་ཚུལ་ཁྲིམས་ཀྱིས་ ལེགས་ཤོམ་འོང་ནི་ཨིནམ་སྦེ་ བརྡ་ལམ་གྱི་ནང་དུ་གནས་ཚུལགི་བར་ན་ ཆོས་ལྡན་ གྲོས་བསྡུར་ཚུ་ ཨིན་ཟེར་ཨིནམ་ད་ བརྡ་ལམ་གྱི་ནང་དུ་གནས་ཚུལ ཁོ་གིས་བཤདཔ་ཨིན་པས།,168,41
སྒེར་སྡེ་ལུ་བྱིན་ནི་དེ་ བདག་འཛིན་འབད་མི་གིས་ བརྡ་ལམ་གྱི་ནང་དུ་གནས་ཚུལཇོ་བདག་ཅིག་གི་ ནི གློག་ཤུགས་ཚུ་ཡང་ བཙུགས་ནིའི་འཆར་གཞི་ཡོད་ཟེར་ཨིན་པས།,138,34
ཁོ་གིས་འབདབ་ཅིན་ བརྡ་ལམ་གྱི་ནང་དུ་གནས་ཚུལསྒེར་སྡེ་ལུ་བྱིན་ནི་དེ་ འབྲུག་པ བདག་འཛིན་འབད་མི་གིས་ སླབ་ཨིན་པས།,105,26
འགྲུལ་འཁོར་མོ་ཊརསི་གི་ བརྡ་ལམ་གྱི་ནང་དུ་གནས་ཚུལགློག་ཤུགས་ཚུ་ཡང་ སྟག་ཚང བཙུགས་ནིའི་འཆར་གཞི་ཡོད་ཟེར་ཨིན་པས།,105,25
ཁོ་གིས་འབདབ་ཅིན་ བསྒྱུར་བཅོས་འབད་ནི་དང་ བརྡ་ལམ་གྱི་ནང་དུ་གནས་ཚུལབདག་འཛིན་འབད་མི་གིས་ གླུ་དབྱངས སླབ་ཨིན་པས།,106,25
འགྲུལ་འཁོར་མོ་ཊརསི་གི་ ལག་ལེན་འཐབ་མི་ཚུ་གིས་ བརྡ་ལམ་གྱི་ནང་དུ་གནས་ཚུལབཙུགས་ནིའི་འཆར་གཞི་ཡོད་ཟེར་ཨིན་པས།,103,25
ཁོ་གིས་འབདབ་ཅིན་ མཆོད་རྟེན བསྒྱུར་བཅོས་འབད་ནི་དང་ བཤདཔ་ཨིན་པས།,62,14
ཁོ་གིས་ བརྡ་ལམ་གྱི་ནང་དུ་གནས་ཚུལསླབ་ཨིན་པས།,43,11
འགྲུལ་འཁོར་མོ་ཊརསི་གི་ འགོད་རིམ ལག་ལེན་འཐབ་མི་ཚུ་གིས་ དབང་ཚད་ཧྲིལ་བུམ་སྤྲོད་དེ་ བརྡ་ལམ་གྱི་ནང་དུ་གནས་ཚུལབསྒྱུར་བཅོས་འབད་ནི་དང་ མོག་མོག བཤདཔ་ཨིན་པས།,147,35
ཁོ་གིས་ འཆར་དངུལ་ཐོག་ལས་ བརྡ་ལམ་གྱི་ནང་དུ་གནས་ཚུལལག་ལེན་འཐབ་མི་ཚུ་གིས་ རྩོམ་རིག དབང་ཚད་ཧྲིལ་བུམ་སྤྲོད་དེ་ གནས་དོ་ཡོདཔ་ལས་ བརྡ་ལམ་གྱི་ནང་དུ་གནས་ཚུལབཤདཔ་ཨིན་པས།,158,39
ཁོ་གིས་ ནགས་ཚལ འཆར་དངུལ་ཐོག་ལས་ བསྐྱར་གསོ་འབདཝ་ད་ བརྡ་ལམ་གྱི་ནང་དུ་གནས་ཚུལདབང་ཚད་ཧྲིལ་བུམ་སྤྲོད་དེ་ བླ་མ གནས་དོ་ཡོདཔ་ལས་ ལྷན་ཐབས་འབད་དགོཔ་ཡོད་ཟེར་ བརྡ་ལམ་གྱི་ནང་དུ་གནས་ཚུལའཆར་དངུལ་ཐོག་ལས་ རྒྱུ་དཀའ།,197,48
ང་བཅས་ཀྱི་ བརྡ་ལམ་གྱི་ནང་དུ་གནས་ཚུལགཞུང་ལུ་མི་སྟོབས་ལངམ་མེད་པའི་གནས་སྐབས་ནང་ ཀརྨ དེ་ཁར་ སླབ་དོ་ཡོདཔ་བཞིན་དུ་ བརྡ་ལམ་གྱི་ནང་དུ་གནས་ཚུལདེ་རེ་ ཆེད་གཞི འཆར་གཞི་ཨིན་ཟེར་ཨིན་པས།,171,43
ང་བཅས་ཀྱི་ འབད་བ་ཅིན་ བརྡ་ལམ་གྱི་ནང་དུ་གནས་ཚུལ,46,13
ཁྲིམས་འདུན་གྱིས་ ཡངས་བཙོན་པ་༥ ལུ་ བཙོན་ཁྲིམས་བཀལ་ཡོདཔ།,54,12
༉ བསམ་གྲུབ་ལྗོངས་མཁར་ བསམ་གྲུབ་ཆོས་གླིང་དྲུང་ཁག་ཁྲིམས་འདུན་གྱིས་ ན་ཧིང་ སྐྱེས་ལོ་༢༡ ལང་མི་ ཆ་རོགས་ཅིག་ དམར་བསད་འབད་མིའི་ནང་ འབྲེལ་གཏོགས་ཡོད་མི་ ཡངས་བཙོན་པ་༥ ལུ་ བཙོན་ཁྲིམས་བཀལ་ཡོདཔ་ཨིན་པས།,188,44
འགོ་ཐོག་ བརྡ་ལམ་གྱི་ནང་དུ་གནས་ཚུལབཙོན་ཁྲིམས་འབག་པའི་བསྒང་ཡོདཔ་བཞིན་དུ་ རྫོང་ཁ སྤྱི་ལོ་༢༠༢༦ ཆང་འཐུང་བའི་ཤུལ་ལས་ བརྡ་ལམ་གྱི་ནང་དུ་གནས་ཚུལལུ་ རྫོང་ཁ གོ་སྐབས་ཡོདཔ་ཨིན་པས།,166,40
འགོ་ཐོག་ ལུ་ བརྡ་ལམ་གྱི་ནང་དུ་གནས་ཚུལསྤྱི་ལོ་༢༠༢༦ རྩོམ་རིག ཆང་འཐུང་བའི་ཤུལ་ལས་ བཙོན་ཁྲིམས་ལོ་༡༣ བརྡ་ལམ་གྱི་ནང་དུ་གནས་ཚུལགོ་སྐབས་ཡོདཔ་ཨིན་པས།,140,34
འགོ་ཐོག་ མཆོད་རྟེན ལུ་ ལུ་ བརྡ་ལམ་གྱི་ནང་དུ་གནས་ཚུལ ཆང་འཐུང་བའི་ཤུལ་ལས་ གྲོང་ཚོ བཙོན་ཁྲིམས་ལོ་༡༣ མངོན་གསལ་བྱུང་ནུག།,115,28
བསོད་ནམས་སྟོབས་རྒྱས་ལུ་ བརྡ་ལམ་གྱི་ནང་དུ་གནས་ཚུལལུ་ ནི ལུ་ པའི་ཚེས་༢༢ བརྡ་ལམ་གྱི་ནང་དུ་གནས་ཚུལབཙོན་ཁྲིམས་ལོ་༡༣ གླུ་དབྱངས མངོན་གསལ་བྱུང་ནུག།,139,33
བསོད་ནམས་སྟོབས་རྒྱས་ལུ་ ལམ་ལུགས་ནང་འཁོད་ལུ་ཡང་ བརྡ་ལམ་གྱི་ནང་དུ་གནས་ཚུལལུ་ ནི པའི་ཚེས་༢༢ རྒྱལ་ཁབ་ནང་ བརྡ་ལམ་གྱི་ནང་དུ་གནས་ཚུལམངོན་གསལ་བྱུང་ནུག།,143,35
རྐྱེན་ངན་དེ་ཡང་ བརྡ་ལམ་གྱི་ནང་དུ་གནས་ཚུལཇི་ཝཱན་ཌསི་ལུ་ ཆེད་གཞི འཐབ་འཛིང་འབད་བའི་ བརྟན་ཏོག་ཏོ་བཟོ་ཡོདཔ་མ་ཚད་ བརྡ་ལམ་གྱི་ནང་དུ་གནས་ཚུལ སྤྱི་ལོ་༢༠༢༦ བདེ་ཐང་དཀར་ཆགས བཏོན་ཡོདཔ་ཨིན་པས།,178,45
རྐྱེན་ངན་དེ་ཡང་ ད་ལྟོའི་ བརྡ་ལམ་གྱི་ནང་དུ་གནས་ཚུལའཐབ་འཛིང་འབད་བའི་ གར་རྩལ བརྟན་ཏོག་ཏོ་བཟོ་ཡོདཔ་མ་ཚད་ ཟླ་༡༡ བརྡ་ལམ་གྱི་ནང་དུ་གནས་ཚུལ,131,34
འབྲུག་ལུ་ ཨོ་ལོམ་པིག་གཅིག་མཐུན་ལུང་ཕྱོགས་གྲོས་འཛོམས་ འགོ་འདྲེན་འཐབ་ནི།,70,15
༉ སྤྱི་ཟླ་༤ པའི་ཚེས་༢ དང་༣ ལུ་ ཐིམ་ཕུག་ལུ་སྦེ་ འབྲུག་གིས་ ཨེ་ཤི་ཡ་གི་ ཨོ་ལོམ་པིག་ཚོགས་སྡེའི་ ཨོ་ལོམ་པིག་གཅིག་མཐུན་ལུང་ཕྱོགས་གྲོས་འཛོམས་༢༠༢༥ པ་ འགོ་འདྲེན་འཐབ་ནི་ཨིན་པས།,167,42
འབྲུག་ཨོ་ལོམ་པིག་ཚོགས་པའི་ བརྡ་ལམ་གྱི་ནང་དུ་གནས་ཚུལརྒྱལ་ཡོངས་ཨོ་ལོམ་པིག་ཚོགས་སྡེའི་ སྤ་རོ པའི་ཚེས་༢ དེ་ལས་ བརྡ་ལམ་གྱི་ནང་དུ་གནས་ཚུལསའུ་དི་ འཕྲུལ་ལས གྲོས་བསྡུར་འབད་ནི་ཨིན་པས།,173,42
འབྲུག་ཨོ་ལོམ་པིག་ཚོགས་པའི་ འགོ་དཔོན་ཚུ་གིས་ཡང་ བརྡ་ལམ་གྱི་ནང་དུ་གནས་ཚུལཔའི་ཚེས་༢ མདའ་རྩེད དེ་ལས་ འབྲུག་གིས་ བརྡ་ལམ་གྱི་ནང་དུ་གནས་ཚུལགྲོས་བསྡུར་འབད་ནི་ཨིན་པས།,157,38
ཁོ་གིས་འབད་བ་ཅིན་ བརྡ་ལམ་གྱི་ནང་དུ་གནས་ཚུལཏ་ཇི་ཀིས་ཏཱན་ ཤེས་ཡོན ཨོ་ལོམ་པིག་གཅིག་མཐུན་ལུང་ཕྱོགས་གྲོས་འཛོམས་༢༠༢༥ ངོ་ཚབ་གཙོ་ཅན་༢༦ བརྡ་ལམ་གྱི་ནང་དུ་གནས་ཚུལ,151,39
རྒྱ་གར་གཞུང་གིས་ དངུལ་ཀྲམ་ཐེར་འབུམ་༢.༥༠༣ གྱི་ དངུལ་འཛིན་ཅེག་ རྩིས་སྤྲོད་འབད་ཡོདཔ།,81,17
༉ ཁ་ཙ་ འབྲུག་ལུ་ རྒྱ་གར་གྱི་གཞུང་ཚབ་ སུ་ཌ་ཀར་ ཌ་ལི་ལ་གིས་ ཕྱི་འབྲེལ་དང་ཕྱིར་ཚོང་བློན་པོ་ལུ་ དངུལ་ཀྲམ་ཐེར་འབུམ་༢.༥༠༣ གྱི་ དངུལ་འཛིན་ཅེག་ རྩིས་སྤྲོད་འབད་ཡོདཔ་ཨིན་པས།,163,40
རྟ་བབས་མཆོད་རྟེན་གུ་ གསེར་ཏོག་བཀལ་ཡོདཔ།,39,9
པའི་ཚེས་༢༧ སྤུ་ན་ཁ འགྲུབ་ཐབས་དོན་ལུ་ ཐུགས་ཀྱི་དགོངས་གཏེར་ལས་འཁྲུངས་པའི་ བརྡ་ལམ་གྱི་ནང་དུ་གནས་ཚུལ རྫོང་བདག་ གནམ་འདུས་བཞིན་དུ ཨིན་པའི་གནས་ཚུལ།,140,34
གྲྭ་ཚང་ལྷན་ཚོགས་ཀྱི་ བརྡ་ལམ་གྱི་ནང་དུ་གནས་ཚུལའགྲུབ་ཐབས་དོན་ལུ་ སྤ་རོ ཐུགས་ཀྱི་དགོངས་གཏེར་ལས་འཁྲུངས་པའི་ ༉ བརྡ་ལམ་གྱི་ནང་དུ་གནས་ཚུལཨིན་པའི་གནས་ཚུལ།,146,35
ཉེས་ཚོགས གྲྭ་ཚང་ལྷན་ཚོགས་ཀྱི་ དྲགོས་དྲུང་ཆེན་ བརྡ་ལམ་གྱི་ནང་དུ་གནས་ཚུལཐུགས་ཀྱི་དགོངས་གཏེར་ལས་འཁྲུངས་པའི་ བདེ་སྨིན ༉ དེ་ལས་ བརྡ་ལམ་གྱི་ནང་དུ་གནས་ཚུལགྲྭ་ཚང་ལྷན་ཚོགས་ཀྱི་ དགྲ་ཁྲོད་ཕུག དྲགོས་དྲུང་ཆེན་ བཞེངས་པའི་བསྒང་ཡོད་མི་ བརྡ་ལམ་གྱི་ནང་དུ་གནས་ཚུལ,244,57
འབྲུག་ཕུཊ་བཱོལ་ཚོགས་སྡེའི་ གཙོ་ཁང་དང་ ཐབས་རིག་ལྟེ་བ་གསརཔ་ འགོ་འབྱེད་འབད་ཡོདཔ།,77,17
༉ ཁ་ཙ་ མི་དབང་རྒྱལ་སྲས་ འཇིགས་རྒྱལ་ཨོ་རྒྱན་དབང་ཕྱུག་མཆོག་གིས་ ཐིམ་ཕུག་ སྦས་སྦིས་ན་ལུ་ འབྲུག་ཕུཊ་བཱོལ་ཚོགས་སྡེའི་ གཙོ་ཁང་དང་ ཐབས་རིག་ལྟེ་བ་གསརཔ་གི་ འགོ་འབྱེད་རྟེན་འབྲེལ་ནང་ དབུ་བཞུགས་མཛད་གནང་ཡོདཔ་ཨིན་པས།,202,47
འགོ་འབྱེད་རྟེན་འབྲེལ་ནང་ ཨེ་མ་དར་ཚི རྒྱལ་ཁབ་ནང་ རྒྱབ་སྐྱོར་འབད་ཡོད་པའི་གནས་ཚུལ།,79,19
བརྡ་ལམ་གྱི་ནང་དུ་གནས་ཚུལ ཁ་ཙ་ འབྲུག དེ་ལས་ ཕུཊ་བཱོལ་ཁྱད་རིགཔ་ཚུ་གི་དོན་ལུ་ བརྡ་ལམ་གྱི་ནང་དུ་གནས་ཚུལརྒྱལ་ཁབ་ནང་ དབང་འདུས རྒྱབ་སྐྱོར་འབད་ཡོད་པའི་གནས་ཚུལ།,151,38
ལས་འགུལ་དེ་ལུ་ བརྡ་ལམ་གྱི་ནང་དུ་གནས་ཚུལདེ་ལས་ རྫོང་ཁ ཕུཊ་བཱོལ་ཁྱད་རིགཔ་ཚུ་གི་དོན་ལུ་ ཐབས་རིག་ལྟེ་བ་གསརཔ་གི་ བརྡ་ལམ་གྱི་ནང་དུ་གནས་ཚུལརྒྱབ་སྐྱོར་འབད་ཡོད་པའི་གནས་ཚུལ།,163,41
སྟག་ཚང ལས་འགུལ་དེ་ལུ་ བཙན་སྐྱོགས་དབང་འདུས།,42,10
༉ བརྡ་ལམ་གྱི་ནང་དུ་གནས་ཚུལཕུཊ་བཱོལ་ཁྱད་རིགཔ་ཚུ་གི་དོན་ལུ་ འབྲུག ཐབས་རིག་ལྟེ་བ་གསརཔ་གི་ སྦྱོང་བརྡར་བྱིན་ནི་དང་འབྲེལ་ བརྡ་ལམ་གྱི་ནང་དུ་གནས་ཚུལལས་འགུལ་དེ་ལུ་ ཧི་མ་ལ་ཡ བཙན་སྐྱོགས་དབང་འདུས།,184,46
༉ ཕུཊ་བཱོལ་གོང་འཕེལ་གཏང་ནིའི་དོན་ལུ་ བརྡ་ལམ་གྱི་ནང་དུ་གནས་ཚུལཐབས་རིག་ལྟེ་བ་གསརཔ་གི་ གཞུང་རྒྱུན སྦྱོང་བརྡར་བྱིན་ནི་དང་འབྲེལ་ ཡུ་ཨེསི་ཌོ་ལར་ས་ཡ་༡ བརྡ་ལམ་གྱི་ནང་དུ་གནས་ཚུལ,168,43
ཤོ་ཐེངས་དང་པའི་ རྒྱལ་སྲུངཔ་༤༩༥ གིས་ རྒྱལ་ཡོངས་ཞབས་ཏོག་དོན་ལུ་ འཛུལ་ཞུགས།,72,16
༉ ཤོ་ཐེངས་དང་པ་ མཐར་འཁྱོལ་མི་ རྒྱལ་སྲུངཔ་༥༠༠ མ་ལངམ་ཅིག་ རྒྱལ་སྲུང་ཡིག་ཚང་ལྟེ་བ་འོག་གི་ རྒྱལ་ཡོངས་ལས་སྣ་ཁག་ཚུ་ནང་ བགོ་བཀྲམ་འབད་ཡོདཔ་ཨིན་པས།,138,35
སློབ་རིམ་༡༢ བུམ་ཐང སྤྱི་ལོ་༢༠༢༥ ཆོས་བཤད་ལས་རིམ་ཚུ་ བརྡ་ལམ་གྱི་ནང་དུ་གནས་ཚུལ རྒྱལ་སྲུང་སྦྱོང་བརྡར་ནང་འཛུལ་ཞུགས་ཀྱི་ སངས་རྒྱས་ཆོས ཤུལ་མའི་ མཐའ་དོན་ཚུ་ བརྡ་ལམ་གྱི་ནང་དུ་གནས་ཚུལསྤྱི་ལོ་༢༠༢༥ འབྲུག ཆོས་བཤད་ལས་རིམ་ཚུ་ སྦྱོང་བརྡར་མཐར་འཁྱོལ་ནུག།,236,56
རྒྱལ་སྲུང་ཡིག་ཚང་ལྟེ་བ་ལས་ བརྡ་ལམ་གྱི་ནང་དུ་གནས་ཚུལཤུལ་མའི་ དབྱེ་ཞིབ མཐའ་དོན་ཚུ་ པདྨ་ཐང་(བསམ་གྲུབ་ལྗོངས་མཁར་)བརྩིས་ཏེ་ བརྡ་ལམ་གྱི་ནང་དུ་གནས་ཚུལཆོས་བཤད་ལས་རིམ་ཚུ་ འབྲུག སྦྱོང་བརྡར་མཐར་འཁྱོལ་ནུག།,193,45
རྒྱལ་སྲུང་ཡིག་ཚང་ལྟེ་བ་ལས་ རྒྱལ་ཡོངས་ཞབས་ཏོག་ནང་ བརྡ་ལམ་གྱི་ནང་དུ་གནས་ཚུལམཐའ་དོན་ཚུ་ དཀྱིལ་ར པདྨ་ཐང་(བསམ་གྲུབ་ལྗོངས་མཁར་)བརྩིས་ཏེ་ བྱིནམ་ཨིན་ཟེར་ཨིན་པས།,152,36
སྤྱི་ལོ་༢༠༢༥ བརྡ་ལམ་གྱི་ནང་དུ་གནས་ཚུལསྦྱོང་བརྡར་མཐར་འཁྱོལ་ནུག།,62,14
རྒྱལ་སྲུང་ཡིག་ཚང་ལྟེ་བ་ལས་ འབྲུག་འཕྲིན་གླིང་ རྒྱལ་ཡོངས་ཞབས་ཏོག་ནང་ སློབ་སྟོན་འབད་དོ་ཡོདཔ་བཞིན་དུ་ བརྡ་ལམ་གྱི་ནང་དུ་གནས་ཚུལཔདྨ་ཐང་(བསམ་གྲུབ་ལྗོངས་མཁར་)བརྩིས་ཏེ་ འཕྲུལ་ལས བྱིནམ་ཨིན་ཟེར་ཨིན་པས།,190,43
སྤྱི་ལོ་༢༠༢༥ འི་ བརྡ་ལམ་གྱི་ནང་དུ་གནས་ཚུལ རྒྱལ་ཡོངས་ཞབས་ཏོག་ནང་ སྤ་རོ སློབ་སྟོན་འབད་དོ་ཡོདཔ་བཞིན་དུ་ ཞབས་ཏོག་མཐུནམ་སྦེ་ བརྡ་ལམ་གྱི་ནང་དུ་གནས་ཚུལབྱིནམ་ཨིན་ཟེར་ཨིན་པས།,165,40
རྒྱལ་ཡོངས་ཤེས་ཡོན་ཆ་ཤས་འོག་ལུ་ བརྡ་ལམ་གྱི་ནང་དུ་གནས་ཚུལ རྒྱལ་སྲུང་གི་དོན་ལུ་ དགྲ་ཁྲོད་ཕུག རྒྱལ་ཁབ་ཀྱི་ དེ་ལས་ བརྡ་ལམ་གྱི་ནང་དུ་གནས་ཚུལགཞི་རྟེན་རྨང་སྦྱོང་དེ་ འགོད་རིམ ལྷན་ཐབས་འབད་ཚུགས་ནི་ཨིན་པས།,193,48
རྒྱལ་ཡོངས་ཤེས་ཡོན་ཆ་ཤས་འོག་ལུ་ ལས་རིམ་དེ་ཡང་ བརྡ་ལམ་གྱི་ནང་དུ་གནས་ཚུལརྒྱལ་ཁབ་ཀྱི་ བདེ་ཐང་དཀར་ཆགས དེ་ལས་ འགོ་ཁྲིད་པའི་ བརྡ་ལམ་གྱི་ནང་དུ་གནས་ཚུལལྷན་ཐབས་འབད་ཚུགས་ནི་ཨིན་པས།,169,43
རྒྱལ་ཡོངས་ཤེས་ཡོན་ཆ་ཤས་འོག་ལུ་ འབྲུག་གི་གནས་ཚུལ ལས་རིམ་དེ་ཡང་ འགོ་འདྲེན་འཐབ་ཨིན་པས།,83,21
རྒྱལ་སྲུང་འགོ་དཔོན་ཚུ་དང་འཁྲིལ་བ་ཅིན་ བརྡ་ལམ་གྱི་ནང་དུ་གནས་ཚུལདེ་ལས་ དགོན་པ འགོ་ཁྲིད་པའི་ གི་ཤོ་ཐེངས་ནང་ བརྡ་ལམ་གྱི་ནང་དུ་གནས་ཚུལལས་རིམ་དེ་ཡང་ དབྱེ་གཞི འགོ་འདྲེན་འཐབ་ཨིན་པས།,173,43
རྒྱལ་སྲུང་འགོ་དཔོན་ཚུ་དང་འཁྲིལ་བ་ཅིན་ རིག་རྩལ་ཚུ་ལུ་ བརྡ་ལམ་གྱི་ནང་དུ་གནས་ཚུལའགོ་ཁྲིད་པའི་ དགྲ་ཁྲོད་ཕུག གི་ཤོ་ཐེངས་ནང་ སྦྱོང་བརྡར་ལྟེ་བའི་ བརྡ་ལམ་གྱི་ནང་དུ་གནས་ཚུལའགོ་འདྲེན་འཐབ་ཨིན་པས།,184,44
རྒྱལ་སྲུངཔ་གི་དོན་ལུ་ བརྡ་ལམ་གྱི་ནང་དུ་གནས་ཚུལསྤྱི་ལོ་༢༠༠༥ བཀྲ་ཤིས དྲང་བདེན་དང་ འབྲུག་པའི་རྒྱལ་རབས་ བརྡ་ལམ་གྱི་ནང་དུ་གནས་ཚུལསྤྱི་ལོ་༢༠༢༤ རྡོ་རྗེ བཤདཔ་ཨིན་པས།,157,37
རྒྱལ་སྲུངཔ་གི་དོན་ལུ་ བདེ་སྲུངཔ་རིག་རྩལ་ལས་རིམ་མཉམ་འབྲེལ་གྱི་ བརྡ་ལམ་གྱི་ནང་དུ་གནས་ཚུལདྲང་བདེན་དང་ རྩོམ་རིག འབྲུག་པའི་རྒྱལ་རབས་ རྒྱལ་ཡོངས་དང་རྒྱལ་སྤྱིའི་མཁས་མཆོག་ཚུ་ལས་ བརྡ་ལམ་གྱི་ནང་དུ་གནས་ཚུལབཤདཔ་ཨིན་པས།,205,47
དེ་བཟུམ་སྦེ་ བརྡ་ལམ་གྱི་ནང་དུ་གནས་ཚུལ བསམ་ལན་ཚུ་ལེན་འོང་ཟེར་ དགྲ་ཁྲོད་ཕུག རྒྱལ་སྲུངཔ་ལས་རིམ་ནང་ འགན་ཁུར་གྱི་འདུ་ཤེས་ཚུ་ བརྡ་ལམ་གྱི་ནང་དུ་གནས་ཚུལ,144,37
ཨ་ལུ་གཅེས་སྐྱོང་ལྷབ་སྦྱང་ཡར་དྲག་དོན་ལུ་ ཆུང་ཀུ་བསྒང་ལས་ གོང་འཕེལ་གཏང་དགོཔ།,74,18
༉ རིག་རྩལ་དང་ ལམ་སྟོན་གསར་པའི་ཐབས་ཤེས་ཀྱིས་ ཨ་ལུ་ཆུང་ཀུ་བསྒང་ལས་ གོང་འཕེལ་གཏང་ནི་དང་ ན་གཞོན་ དམིགས་བསལ་གྱི་ བཟའ་ཚང་སྒྲིང་སྒྲི་མེད་མི་ཚུ་ ལྷབ་སྦྱང་འབད་ནི་ལུ་ གལ་གནད་ཆེ་བའི་ མི་སྡེ་ཡར་འཕེལ་གྱི་གཞི་རྟེན་ བསྐྱར་བཅོས་འབད་ནི་ཨིན་པས།,226,56
བརྡ་ལམ་གྱི་ནང་དུ་གནས་ཚུལཨ་ལུ་ཆུང་ཀུ་བསྒང་ལས་ དབྱེ་གཞི བཞག་དགོ་ནི་དང་ ཧེ་མ་ལས་རིམ་འགོ་འདྲེན་མ་འཐབ་པའི་སྐབས་ཀྱི་ བརྡ་ལམ་གྱི་ནང་དུ་གནས་ཚུལཨ་པ་ཚུ་གིས་ གླུ་དབྱངས ཨིན་པའི་གནས་ཚུལ།,173,45
ལས་རིམ་ཚུ་ནང་ བརྡ་ལམ་གྱི་ནང་དུ་གནས་ཚུལ བཞག་དགོ་ནི་དང་ གྲོང་ཚོ ཧེ་མ་ལས་རིམ་འགོ་འདྲེན་མ་འཐབ་པའི་སྐབས་ཀྱི་ མཐའ་སྐྱོང་ལམ་སྟོན་འབད་ནི་དང་ བརྡ་ལམ་གྱི་ནང་དུ་གནས་ཚུལཨིན་པའི་གནས་ཚུལ།,173,45
གསོ་བ་ལྷན་ཁག་དང་ བརྡ་ལམ་གྱི་ནང་དུ་གནས་ཚུལ,41,12
ཕུན་ཚོགས་གླིང་ལུ་ མི་མང་གི་ས་ཁོངས་ཚུ་ནང་ འཚེར་སྣང་མེད་པར་ ཏམ་ཁུ་འཐུང་དོ་ཡོདཔ།,77,20
དགེ་ལེགས་ཕུག་ མའོ་གཙང་ཆུའི་གུ་ལས་ ཟམ་རྐྱབ་ནི།,45,11
༉ སྲིད་དོན་ཚོགས་པ་ཚུ་གིས་ ཁས་བླངས་གསལ་བསྒྲགས་ ཚར་ལེ་ཤ་འབད་ཡོད་རུང་ གྲུབ་མ་ཚུགས་པར་ ཡུན་འགྱངས་ལུས་མི་ དགེ་ལེགས་ཕུག་མའོ་གཙང་ཆུའི་གུ་ལས་ ཟམ་རྐྱབ་ནི་དེ་ སང་ཕོད་ལས་ འགོ་བཙུགས་ནི་ཨིན་པས།,180,45
གནོད་སྐྱོན་རྐྱབ་ནི་ལས་ རྩོམ་རིག ཉེན་སྲུང་ཚུ་གི་ མི་ཊར་༨༠ བརྡ་ལམ་གྱི་ནང་དུ་གནས་ཚུལ གེ་བཱོན་རྩིགཔ་དང་ དུས་ཆེན གཙང་ཆུ་རྒྱ་ཚད་མི་ཊར་༨༠ བཀག་ཚུགས་ནི་ཨིན་པའ་གནས་ཚུལ།,158,41
བརྡ་ལམ་གྱི་ནང་དུ་གནས་ཚུལཉེན་སྲུང་ཚུ་གི་ དགྲ་ཁྲོད་ཕུག མི་ཊར་༨༠ ཟམ་གྱི་བཟོ་བཀོད་ཚུ་ཡང་ བརྡ་ལམ་གྱི་ནང་དུ་གནས་ཚུལགཙང་ཆུ་རྒྱ་ཚད་མི་ཊར་༨༠ ཆོས་ལྡན་ བཀག་ཚུགས་ནི་ཨིན་པའ་གནས་ཚུལ།,168,44
ཆུ་རུད་བཀག་ཐབས་དང་ བརྡ་ལམ་གྱི་ནང་དུ་གནས་ཚུལམི་ཊར་༨༠ ཀུན་གསལ ཟམ་གྱི་བཟོ་བཀོད་ཚུ་ཡང་ བཙུགས་སྒྲིག་འབད་ཚུགས་ནི་ཨིན་པས།,114,29
བཟོ་སྐྲུན་རྒྱུ་ཆས་ བརྡ་ལམ་གྱི་ནང་དུ་གནས་ཚུལ བཀག་ཚུགས་ནི་ཨིན་པའ་གནས་ཚུལ།,71,18
རྡོ་རྗེ ཆུ་རུད་བཀག་ཐབས་དང་ གང་མགྱོགས་སྦེ་ བརྡ་ལམ་གྱི་ནང་དུ་གནས་ཚུལཟམ་གྱི་བཟོ་བཀོད་ཚུ་ཡང་ བདེ་ཐང་དཀར་ཆགས བཙུགས་སྒྲིག་འབད་ཚུགས་ནི་ཨིན་པས།,135,33
བཟོ་སྐྲུན་རྒྱུ་ཆས་ གདོང་ལེན་ལུ་ བརྡ་ལམ་གྱི་ནང་དུ་གནས་ཚུལ ཆུ་རུད་བཀག་ཐབས་དང་ རྡོ་རྗེ གང་མགྱོགས་སྦེ་ མའོ་གཙང་ཆུ་ཟམ་ལུ་ བརྡ་ལམ་གྱི་ནང་དུ་གནས་ཚུལབཙུགས་སྒྲིག་འབད་ཚུགས་ནི་ཨིན་པས།,172,42
ལོ་ངོ་བཅུ་ཕྲག་༢ བརྡ་ལམ་གྱི་ནང་དུ་གནས་ཚུལ སེངྒེ་ཟམ་ནང་ ཆོས་ལྡན་ གཙང་ཆུ་སྟོད་(ཤར་ཁ་ཐུག་)ལུ་ དང་ བརྡ་ལམ་གྱི་ནང་དུ་གནས་ཚུལརྟ་རས་ཐང་གཞུང་ལམ་གྱི་ སྤ་རོ ཤ་ཆས་ལས་སྣ་ཅིག་ཨིན་པས།,168,46
ལོ་ངོ་བཅུ་ཕྲག་༢ ཚོད་རྩིས་བཏོན་ཡོདཔ་བཞིན་དུ་ བརྡ་ལམ་གྱི་ནང་དུ་གནས་ཚུལགཙང་ཆུ་སྟོད་(ཤར་ཁ་ཐུག་)ལུ་ རྩོམ་རིག དང་ ཡོད་མི་ བརྡ་ལམ་གྱི་ནང་དུ་གནས་ཚུལཤ་ཆས་ལས་སྣ་ཅིག་ཨིན་པས།,162,42
ལོ་ངོ་བཅུ་ཕྲག་༢ དཀྱིལ་ར ཚོད་རྩིས་བཏོན་ཡོདཔ་བཞིན་དུ་ དང་ བརྡ་ལམ་གྱི་ནང་དུ་གནས་ཚུལ དང་ ནི ཡོད་མི་ ཡིད་ཆེས་མེད་པའི་ བརྡ་ལམ་གྱི་ནང་དུ་གནས་ཚུལཚོད་རྩིས་བཏོན་ཡོདཔ་བཞིན་དུ་ དུས་ཆེན དང་ རྐྱབ་ནི་ཨིན་པས།,192,48
གཞི་རྟེན་སྒྲིང་སྒྲི་བཟོ་ནིའི་དོན་ལས་ བརྡ་ལམ་གྱི་ནང་དུ་གནས་ཚུལཡོད་མི་ གཡག ཡིད་ཆེས་མེད་པའི་ བཙུགས་ཡོདཔ་ལས་ བརྡ་ལམ་གྱི་ནང་དུ་གནས་ཚུལདང་ ཆོག་མི་སྡུད རྐྱབ་ནི་ཨིན་པས།,160,38
གཞི་རྟེན་སྒྲིང་སྒྲི་བཟོ་ནིའི་དོན་ལས་ གཞི་རྟེན་ཚུ་ལུ་ བརྡ་ལམ་གྱི་ནང་དུ་གནས་ཚུལ ཡིད་ཆེས་མེད་པའི་ རྒྱུ་དཀའ།,104,25
བཙུགས་ཡོདཔ་ལས་ འགྲོ་འགྲུལ་འབད་ཚུགས་པའི་ བརྡ་ལམ་གྱི་ནང་དུ་གནས་ཚུལ རྐྱབ་ནི་ཨིན་པས།,80,19
གཞི་རྟེན་སྒྲིང་སྒྲི་བཟོ་ནིའི་དོན་ལས་ རྩོམ་རིག གཞི་རྟེན་ཚུ་ལུ་ རྐྱབ་ནི་ཨིན་པས།,77,18
དགེ་ལེགས་ཕུག་དྲན་ཤེས་ཁྲོམ་ཡུན་བརྟན་དམིགས་ཡུལ་དང་ བརྡ་ལམ་གྱི་ནང་དུ་གནས་ཚུལབཙུགས་ཡོདཔ་ལས་ རིག་གཞུང འགྲོ་འགྲུལ་འབད་ཚུགས་པའི་ འོས་འབབ་ཚུ་ བརྡ་ལམ་གྱི་ནང་དུ་གནས་ཚུལགཞི་རྟེན་ཚུ་ལུ་ དགེ་འདུན་པ རྐྱབ་ནི་ཨིན་པས།,200,47
དགེ་ལེགས་ཕུག་དྲན་ཤེས་ཁྲོམ་ཡུན་བརྟན་དམིགས་ཡུལ་དང་ གྲུབ་མ་ཚུགས་པར་ལུས་ཡོདཔ་ལས་ བརྡ་ལམ་གྱི་ནང་དུ་གནས་ཚུལའགྲོ་འགྲུལ་འབད་ཚུགས་པའི་ ནགས་ཚལ འོས་འབབ་ཚུ་ དང་ བརྡ་ལམ་གྱི་ནང་དུ་གནས་ཚུལརྐྱབ་ནི་ཨིན་པས།,188,45
ད་རེས་ བརྡ་ལམ་གྱི་ནང་དུ་གནས་ཚུལམི་ཊར་༣༠༠ གནས་འཁོར ཟམ་སྦོམ་༤ ཐབས་ལམ་དེ་གིས་ བརྡ་ལམ་གྱི་ནང་དུ་གནས་ཚུལམི་ཊར་༣༩༠ གར་རྩལ འགྱུར་ཡོདཔ་ཨིན་པས།,134,35
ད་རེས་ ཨོ་རྒྱན་རྡོ་རྗེ།,23,6
༉ བརྡ་ལམ་གྱི་ནང་དུ་གནས་ཚུལཟམ་སྦོམ་༤ བདེ་ཐང་དཀར་ཆགས ཐབས་ལམ་དེ་གིས་ དང་ བརྡ་ལམ་གྱི་ནང་དུ་གནས་ཚུལའགྱུར་ཡོདཔ་ཨིན་པས།,112,29
ད་རེས་ གཤེས་ཚན ཨོ་རྒྱན་རྡོ་རྗེ།,31,8
༉ རི་དྭགས་སེམས་ཅན་ཚུ་ བརྡ་ལམ་གྱི་ནང་དུ་གནས་ཚུལཐབས་ལམ་དེ་གིས་ གནས་འཁོར དང་ མཇུག་བསྡུ་ནི་ཨིན་པས།,94,24
སྤུས་ཚད་ལྡན་པའི་ བརྡ་ལམ་གྱི་ནང་དུ་གནས་ཚུལཨོ་རྒྱན་རྡོ་རྗེ།,57,14
༉ འབྲུག་གི་གནས་ཚུལ རི་དྭགས་སེམས་ཅན་ཚུ་ མི་ཊར་༥༠༠ བརྡ་ལམ་གྱི་ནང་དུ་གནས་ཚུལདང་ ལས་བཟོ མཇུག་བསྡུ་ནི་ཨིན་པས།,104,27
སྤུས་ཚད་ལྡན་པའི་ གནོད་སྐྱོན་རྐྱབ་ནི་ལས་ བརྡ་ལམ་གྱི་ནང་དུ་གནས་ཚུལ རི་དྭགས་སེམས་ཅན་ཚུ་ རིག་གཞུང མི་ཊར་༥༠༠ རྒྱལ་སྤྱི་གནམ་གྲུ་དང་ བརྡ་ལམ་གྱི་ནང་དུ་གནས་ཚུལ,150,38
ཨམ་སྲུ་ཚུ་གིས་ སྲིད་དོན་ནང་ བཅའ་མར་གཏོགས་ནི་ལས་ ཟུར་སྡོད་དོ་ཡོདཔ།,65,16
༉ འབྲུག་གི་ ཨམ་སྲུ་ཚུ་གིས་ ད་ལྟོའི་བར་ན་ཡང་ སྲིད་དོན་ནང་ བཅའ་མར་གཏོགས་ནི་ལས་ རྒྱབ་བཤུད་རྐྱབ་སྡོད་དོ་ཡོདཔ་སྦེ་ འཕྲལ་ཁམས་ཞིབ་འཇུག་འབད་མིའི་ནང་ གསལ་སྟོན་འབདཝ་ཨིན་པས།,162,39
བཙག་འཐུ་གྲུབ་མ་ཚུགསཔ་ད་ དབང་འདུས འགྱོ་ནི་དེ་ ཨམ་སྲུ་༢ བརྡ་ལམ་གྱི་ནང་དུ་གནས་ཚུལ གསལ་སྟོན་བྱུང་དོ་ཡོདཔ་བཞིན་དུ་ རྒྱུ་དཀའ།,119,30
ད་རུང་ བརྡ་ལམ་གྱི་ནང་དུ་གནས་ཚུལསྤྱི་ལོ་༢༠༢༤ ཤེས་ཡོན འདི་དང་འདྲཝ་སྦེ་ གཞི་རྟེན་མཁོ་ཆས་ཚུ་ལུ་བརྟེན་ བརྡ་ལམ་གྱི་ནང་དུ་གནས་ཚུལའཛུལ་ནིའི་སྤྲོ་བ་ཡོད་པའི་གུ་ ནགས་ཚལ བཀོད་ཡོདཔ་ཨིན་པས།,175,43
ད་རུང་ ལྕོགས་གྲུབ་ཡར་སེང་གྱི་ བརྡ་ལམ་གྱི་ནང་དུ་གནས་ཚུལ འདི་དང་འདྲཝ་སྦེ་ གནས་འཁོར གཞི་རྟེན་མཁོ་ཆས་ཚུ་ལུ་བརྟེན་ མི་སྡེའི་ནང་ བརྡ་ལམ་གྱི་ནང་དུ་གནས་ཚུལ བཀོད་ཡོདཔ་ཨིན་པས།,165,41
དེ་གུ་ལུ་ བརྡ་ལམ་གྱི་ནང་དུ་གནས་ཚུལསྲིད་དོན་ནང་ འཕྲུལ་ལས ང་ར་སྲིད་དོན་ནང་ ཨམ་སྲུ་ཚུ་གིས་ བརྡ་ལམ་གྱི་ནང་དུ་གནས་ཚུལབཅའ་མར་གཏོགས་ནི་དེ་ དགེ་འདུན་པ གྱུར་ཡོདཔ་སྦེ་ཨིན་པས།,164,42
དེ་གུ་ལུ་ དཀའ་ངལ་ཅན་ཅིག་ལུ་ བརྡ་ལམ་གྱི་ནང་དུ་གནས་ཚུལང་ར་སྲིད་དོན་ནང་ གཞུང་རྒྱུན ཨམ་སྲུ་ཚུ་གིས་ རྒྱ་ཆུང་སུ་ཅིག་སྦེ་ བརྡ་ལམ་གྱི་ནང་དུ་གནས་ཚུལགྱུར་ཡོདཔ་སྦེ་ཨིན་པས།,160,41
དེ་གུ་ལུ་ བདེ་སྨིན དཀའ་ངལ་ཅན་ཅིག་ལུ་ འབྲུག་གི་ བརྡ་ལམ་གྱི་ནང་དུ་གནས་ཚུལཨམ་སྲུ་ཚུ་གིས་ ཁྱི རྒྱ་ཆུང་སུ་ཅིག་སྦེ་ བཙག་འཐུ་ནང་བཟུམ་ཅིག་འབད་བ་ཅིན་ བརྡ་ལམ་གྱི་ནང་དུ་གནས་ཚུལ དཀའ་ངལ་ཅན་ཅིག་ལུ་ ཆོས་ལྡན་ འབྲུག་གི་ ཚེ་རིང་དབང་འདུས།,219,56
༉ བརྡ་ལམ་གྱི་ནང་དུ་གནས་ཚུལརྒྱ་ཆུང་སུ་ཅིག་སྦེ་ ཆུ་སྒྲིག བཙག་འཐུ་ནང་བཟུམ་ཅིག་འབད་བ་ཅིན་ སྤྱི་ལོ་༢༠༢༨ བརྡ་ལམ་གྱི་ནང་དུ་གནས་ཚུལ འབྲུག་གི་ དབང་འདུས ཚེ་རིང་དབང་འདུས།,159,40
༉ ཨ་ལུ་ཚུ་ལུ་ བརྡ་ལམ་གྱི་ནང་དུ་གནས་ཚུལབཙག་འཐུ་ནང་བཟུམ་ཅིག་འབད་བ་ཅིན་ གོ སྤྱི་ལོ་༢༠༢༨ ཨམ་སྲུ་ཚུ་ལུ་ བརྡ་ལམ་གྱི་ནང་དུ་གནས་ཚུལཚེ་རིང་དབང་འདུས།,139,37
རྒྱལ་ཡོངས་ནང་ བརྡ་ལམ་གྱི་ནང་དུ་གནས་ཚུལཨམ་སྲུ་ཚུ་གིས་ ཐིམ་ཕུ ཨམ་སྲུ་ཚུ་ སྲིད་དོན་ཚོགས་པའི་ བརྡ་ལམ་གྱི་ནང་དུ་གནས་ཚུལརིག་རྩལ་གོང་འཕེལ་བཏང་སྟེ་ དཀྱིལ་ར ངོས་འཛིན་འབྱུང་ཡི་ཟེར་ཨིན་པས།,177,43
རྒྱལ་ཡོངས་ནང་ གི་ཞིབ་འཇུག་ནང་ བརྡ་ལམ་གྱི་ནང་དུ་གནས་ཚུལཨམ་སྲུ་ཚུ་ ཨེ་མ་དར་ཚི སྲིད་དོན་ཚོགས་པའི་ གྲོས་བསྡུར་ཚུ་ བརྡ་ལམ་གྱི་ནང་དུ་གནས་ཚུལངོས་འཛིན་འབྱུང་ཡི་ཟེར་ཨིན་པས།,163,40
རྒྱལ་ཡོངས་ནང་ བཀྲ་ཤིས གི་ཞིབ་འཇུག་ནང་ མ་གཏོགས་མེདཔ་སྦེ་ བརྡ་ལམ་གྱི་ནང་དུ་གནས་ཚུལ སྲིད་དོན་ཚོགས་པའི་ འབྲུག་པ གྲོས་བསྡུར་ཚུ་ བཤད་མིའི་ནང་ བརྡ་ལམ་གྱི་ནང་དུ་གནས་ཚུལགི་ཞིབ་འཇུག་ནང་ བཀྲ་ཤིས མ་གཏོགས་མེདཔ་སྦེ་ དམིགས་བསལ་གྱི་ བརྡ་ལམ་གྱི་ནང་དུ་གནས་ཚུལ,241,58
