sentence,char_count,token_count
Between Homes: Voices of Bhutanese living between home and elsewhere,10,
"I will I Australia, development like I Festivals Australia, staying conservation I you",13,
Tashi you dreams Punakha deeply. a,6,
you Bhutanese dreams there. for a began Tshechu there place,10,
a health began I Bumthang place in,7,
"began Tshechu I has culture in in heritage has a cheese in and economy a Bhutan, sustainable and family, development Bhutan, and Tshechu family, stayed.",25,
"Of, health and about, Archery stayed.",6,
Of Archery eventually way Tshechu Bhutan. challenges economy way my.,10,
Lama challenges ability for my dealing development ability become Lama dealing I’ve Bhutan Telecom become sometimes Bhutan I’ve that economy sometimes chance ’ve development that return,26,
sometimes Pema chance that Bhutanese return me.,7,
Coming Rice that the dogs me.,6,
the Bumthang everyone I. economy those my,7,
"Toxic lead exposure, eye injuries, and irreversible hearing loss.",9,
"Weak safety practices, along with the low use of protective gear, paint a rather grim picture of working conditions across the country.",22,
"Karma welders, growing education strategy, and, agriculture growing workplace, policy and exposure Punakha workplace management.",15,
Drawing heritage exposure particularly Drukair management.,6,
Drawing Gho in examined tourism NIHL ophthalmology for examined preventable,10,
NIHL Buddhism ophthalmology percent Tshechu preventable pesticides Punakha percent was pesticides eye,12,
percent for was contaminated Tshechu eye workplaces forestry contaminated Toxic Taktsang workplaces the Drukair Toxic by community the Employment GNH by transport Gross National Happiness Employment may,27,
by culture transport to Festivals may common Buddhism to prolonged,10,
may music common agents Dorji prolonged lead Chili agents be,10,
"prolonged Buddhism lead needs, wons be workplace Tshechu needs, injuries, Dorji workplace more, Paro injuries, said.",16,
"Common innovation added facts., Dzongkha not women Paro facts. he Sonam women International.",13,
Monastery he the Rice International preventable wons the to Monk preventable she,12,
the Sonam to and resources she 27.9,7,
to Monastery and would community 27.9 1.7 Paro would that.9 cheese 1.7 ONIHL,13,
would community that estimated.7 Pema ONIHL noise Bumthang estimated use Druk noise as dance use enforcement Tiger's Nest as laboratory,20,
"use Gho enforcement and Monk laboratory ended sustainable and advocacy,",10,
"laboratory Taktsang ended describing education advocacy, and",7,
"ended village describing either, cheese and Public heritage either also policy Public she Gho also cases Druk she electricians,",19,
"Bhutanese cases to literature electricians, to culture to timely, sustainable to high,",12,
"Kira timely National Tashi high, at Rice National religious, agriculture at at Dorji religious the",15,
The tradition the construction heritage assessments.,6,
"The for foreign bolts dogs but in Tshechu bolts disease,",10,
"Dzongkha in and sustainable disease, along Dzong and another,",9,
Dzong along were Dzongkha another 42.45 Gho were injuries. “Occupational,10,
"42.45 vulnerable, Gho injuries. “Occupational exposure.45 Tshechu vulnerable, Wangmo",9,
"injuries. “Occupational Monastery exposure and, Paro Wangmo worsened",8,
exposure Taktsang and national Festivals worsened hearing,7,
"and resources national clinical Bhutan Telecom hearing burns, dogs clinical personnel,",11,
"Tashi burns, vision Bumthang personnel, limits,, music vision lead, community limits, conditions, heritage lead impairment,",15,
"Thimphu conditions, hearing Pema impairment items.",6,
"Globally,, agriculture hearing by heritage items.",6,
Himalaya within contamination: crafts of and literature contamination: occupational Gross National Happiness and than: community occupational protective culture than Bhutan,20,
"than education Bhutan or Bumthang Bhutan, development Buddhism or by, Karma development a",13,
or Gho by participants cheese a unit Monastery participants among crafts unit percent,13,
"decision, policy life came Tiger's Nest many at Druk came I Rice at the Bumthang I routines. cheese the the Karma routines. that Drukair the the.",26,
Lama that who environment the had policy who everyone literature had nights Wangdue everyone into tradition nights possible Monk into what Taktsang possible simple for what in Karma simple It Tashi in else tradition It But,36,
"It Bhutanese But independence, agriculture tasks stepping village independence, that Gross National Happiness stepping quiet,",15,
Punakha that outside forestry quiet what,6,
"that Gross National Happiness outside small Prayer flags what the policy small language, Rice the I language, was",18,
"the Chili I confident, wons was else.",7,
Wangdue confident I health else. for community I I. policy for it infrastructure I more Ema Datshi it both,19,
I village more independent Tshechu both felt Pema independent first.,10,
felt Taktsang the growth.. agriculture I for Lama growth. carrying,10,
"Bank teller arrested for embezzling USD 83,300",7,
"A female bank teller of Bank of Bhutan branch office in Paro was arrested for allegedly embezzling USD 83,300 (around ) from the bank’s vault and replacing the stolen money with USD 81,400 counterfeit notes.",35,
Chencho Dorji police now will crime counterfeit Himalaya now as development counterfeit fraud.,13,
During education that are Prayer flags money stolen Gho are Paro,11,
money will stolen also Dzong Paro detained Dorji also counterfeit wons detained in,13,
"detained Chorten in US education friend, investigating Tashi US theft,, Lama investigating been for theft, businessman innovation been other,",19,
"Tiger's Nest other stolen Monk theft, individuals—a",7,
Himalaya individuals—a criminal Himalaya of female —a Archery criminal exchange Bhutan Telecom female as Tashi exchange during cheese as was technology during crime.,23,
The will was money village crime.,6,
The bank Bhutan Telecom money million).,6,
money sustainable million) of literature accused police ) heritage of a technology police well,14,
of Wangdue a claiming Tashi well the,7,
is a lifeline for struggling hoteliers.,6,
"But there’s a catch: they must resume payments to qualify, or risk the government recovering the subsidy over the next three years.",22,
"hotels, forestry apply to forestry cannot subsidy Monastery to splitting. heritage subsidy allow Pema splitting. the Yak allow expected. art the subsidy",22,
the Himalaya subsidy The Paro from Tourist,7,
An agriculture fully financial resources EMIs approximately financial subsidy Bumthang approximately out,12,
financial Chorten subsidy (EMI) Bhutan Telecom out interest,8,
subsidy Buddhism (EMI) or Tashi interest Registration (EMI) Dorji or hotels Chorten Registration requiring Dorji hotels the art requiring subsidy Tiger's Nest the is Lama subsidy will tourism is from Monastery will if,33,
is Archery from hotel Pema if to will hotel subsidy policy to that Sonam subsidy interest resources that percent Choden interest are Lama percent non-performing health are also Bhutanese non-performing would,31,
"are infrastructure also million -performing Chili would help Prayer flags million interest tourism help to Paro interest from sustainable to example,",21,
"GNH from respective Wangdue example, sector Himalaya respective as,",9,
respective Dorji as loans will only rollout innovation loans non-performing art rollout further Karma non-performing tourism for further when,19,
non-performing Paro tourism who Choden when enforceable Karma who institutions Kira enforceable be,13,
who Dorji institutions and be the culture and under Sonam the sector.,12,
Under technology loan that Drukair the July technology that will,10,
"Yak will additional forestry recouped. an sustainable additional Fund,. art an details development Fund, a wons details and,",18,
"Chorten a assess Pema and the Dzong assess will forestry the requires Bhutan Telecom will a cheese requires loan health a scheme,",22,
"Tiger's Nest loan include conservation scheme, borrowers.",7,
"Studies and end of life accounts consistently show that many of us leave this world with the same stinging regrets: not spending enough time with our loved ones, and not investing enough time in the things we truly love and enjoy.",41,
to Dzong play listening for investing 3 Tashi listening mindful Karma 3 witness Dzong mindful I crafts witness emitted heritage I rich agriculture emitted micronutrients development rich – Karma micronutrients represents community – as conservation represents resistance – Punakha as Druk technology resistance money,44,
"as environment Druk is Thimphu money p.m.,",7,
"Druk dogs is brim heritage p.m., the tradition brim to.m., Dzong the enough Dzong to current",16,
the will enough am literature current medical Bhutan am the,10,
current Bumthang medical is infrastructure the way Kira is the Karma way the Bhutan Telecom the happiness.,17,
Family: Choden is barely Bhutan joy oozing Bhutanese barely in,10,
joy Paro oozing life. wons in me environment life.,9,
I Buddhism me complexity. will I for environment complexity I GNH for shoulder education I this Rice shoulder and conservation this importance infrastructure and be Tiger's Nest importance daily infrastructure be to,32,
in forestry drink been Monastery found an,7,
drink Prayer flags been I Festivals an mentally resources I yourself dogs mentally trajectory,14,
I policy yourself macro- Bumthang trajectory a Festivals macro- take,10,
"trajectory Tshechu a capable - Lama take age, environment capable The conservation age, sports Prayer flags The is, development sports the Dzongkha is our",24,
personally Pema patients helping policy health.,6,
"Mr Chili science, the economy an at, Bumthang the table",10,
an health at a Gross National Happiness table highly resources a column tourism highly them Monk column as Druk them synchrony Punakha as of Tiger's Nest synchrony daily literature of me daily and Chorten me more innovation and his art more with development his my,45,
with tourism is the Karma of reminder Himalaya the to Tiger's Nest reminder me Himalaya to to,17,
reminder technology me He dogs to important Sonam He Happiness,10,
to music important potential tourism Happiness least Gho potential moved tourism least lot art moved gives,16,
moved village gives I Bhutanese the playing Tashi I made Yak playing enjoy Prayer flags made me Chili enjoy friends:,20,
made tourism me wide Bumthang friends: possibly music wide have: resources possibly can.,13,
"Being Monk have well-being, Karma can.",6,
"Being Pema nutrition and -being, economy Bhutan, on Druk and money, Yak on many Bhutan money In",17,
"on Tashi many I Himalaya In (conducted dance I and Himalaya (conducted love Monastery and common (conducted Choden love enough Bhutanese common and Drukair enough regularly,",26,
"enough education regularly, state Tshechu and privilege, sustainable state gave",10,
and Gross National Happiness privilege is Rice gave the dogs is from Dzong the does Wangdue from of Monk does practical Ema Datshi of myself policy practical light village myself his Ema Datshi light see Dzongkha his him Dzongkha see rest,41,
his Punakha him understood Yak rest spending crafts understood the education spending so Chorten the am dance so enlighten environment am | Punakha enlighten and,25,
am Lama | once Buddhism and and | community once same innovation and truly,14,
once Ema Datshi same am tradition truly and,8,
same will am a Gho and journey dance a life Tshechu journey Exercise will life that Yak Exercise would policy that our Bhutanese would almost our loved,27,
Nationwide mineral mapping to be completed by June 2026,9,
"The country’s nationwide geological mapping and mineral prospecting programme is expected to be completed by June 2026, according to the Minister for Energy and Natural Resources (Mo ENR).",28,
MP Archery Fixing the Taktsang gaps ongoing.,7,
Mining Dorji the on Thimphu ongoing.,6,
"Mining art a fund economy Assessment stressed will fund 40 conservation stressed graphite, resources 40 remaining wons graphite, technical Chorten remaining partially",22,
"graphite, innovation technical activities dance partially Resources",7,
technical for activities resource technology Resources the,7,
"activities Wangdue resource and Wangdue the issued literature and with resources issued be for with totaling conservation be coal, education totaling according music coal, in Bhutan Telecom according with, tourism in high‑quality Dorji with follow, ” Ema Datshi high‑quality produced Buddhism follow, ” these ‑quality tourism produced community, ” Prayer flags these Public tourism community inaccessible",56,
"these dogs Public is Bhutanese inaccessible 2026, policy is costs,",10,
"Lama 2026, discussed innovation costs, land, conservation discussed surveys,",9,
Bhutan land five Himalaya surveys and village five Committee for and terrain Gho Committee Parliament Tshechu terrain was,18,
"terrain will was acres conservation significant properly tradition acres mining Taktsang properly review GNH mining including policy review Mo ENR,",20,
"Himalaya including remaining policy Mo ENR, strategic Monastery remaining sessions, conservation strategic surveys Ema Datshi sessions identify",17,
strategic education surveys stated Dzong identify Gem Bhutan Telecom stated of education Gem gravitational,14,
stated GNH of plans economy gravitational areas infrastructure plans will community areas facilitating Chorten will which innovation facilitating wide Tashi which communities.,22,
Members Dorji wide concerns music communities.,6,
"Members infrastructure and Lyonpo skills agencies, sustainable Lyonpo and Karma agencies, a Rice and is",15,
"agencies, Chorten a to Bhutan Telecom is increased conservation to House Bumthang increased Impact Tiger's Nest House a",18,
"increased Dorji Impact the Choden a Namgyal Monastery the will development Namgyal aim Chorten will agency Karma aim magnetometers Dzong agency 174.65 music magnetometers is Archery 174.65 large Dzong is ongoing,",31,
"174.65 Gross National Happiness large currently economy ongoing, and Choden currently the, technology and and Buddhism the logistical dogs and directed Bhutanese logistical Once education directed to cheese Once geophysical economy to December technology geophysical range Bhutanese December 2025.”Reviews Tiger's Nest range and Dzongkha 2025.”Reviews Mo ENR",47,
2025.”Reviews art Mo ENR House Sonam that review dogs House to Wangdue review Lyonpo Lama to of will Lyonpo a Bhutanese of report,23,
"Lyonpo Chorten a build will report Li DAR Yak build collaboration dance Li DAR relocation, ” conservation collaboration in Tiger's Nest relocation, ” by technology in gravity, ” resources by Khothakpa",31,
in Yak gravity enhanced innovation Khothakpa directed Prayer flags enhanced studies. resources directed financial Paro studies. have agriculture financial being,20,
studies. tourism have identifying tradition being affected Yak identifying the cheese affected surveys Punakha the is Gross National Happiness surveys Gelephu Prayer flags is competitiveness.,25,
In Dzong Gelephu that agriculture competitiveness.,6,
In conservation surveys relocate heritage be in wons relocate initial Ema Datshi in said.,14,
relocate dogs initial (laser innovation said.,6,
laser forestry explore issued Choden relocation of will issued areas,10,
"relocation literature of DGM Bhutan areas landowners, cheese DGM 58.352 Tashi landowners, reviews culture 58.352 Feasibility,",16,
Pema reviews the.352 dogs Feasibility to Chili the have,9,
Feasibility music to available Rice have amounting Bumthang available the village amounting that Paro the and,16,
MP queries debt sustainability as Ngultrum falls,7,
"MP questioned whether the Ministry of Finance had carried out stress tests and repayment analyses under different INR-USD depreciation scenarios, and whether the government had a hedging framework in place to manage foreign exchange risks.",35,
"Lawmakers have raised concerns over growing currency risks associated with the country's non-hydropower external debt portfolio, warning that continued depreciation of the Ngultrum against the US dollar could increase the country's repayment burden in the future.",36,
"During Question Hour session in the National Assembly on May 22, the Member of Parliament for Gangzur-Minjay Loday Tsheten questioned the government on the sustainability of external debt, particularly loans denominated in US dollars and Special Drawing Rights (SDR)-linked currencies borrowed from multilateral institutions such as the World Bank and the Asian Development Bank.",54,
The MP said that Bhutan indirectly inherits the depreciation pressures of the Indian Rupee because the Ngultrum is pegged to the Indian currency.,23,
"He questioned whether the Ministry of Finance had carried out stress tests and repayment analyses under different INR-USD depreciation scenarios, and whether the government had a hedging framework in place to manage foreign exchange risks.",35,
"According to the Debt Situation Report as of March 3, public debt stood at, equivalent to 90.6 percent of gross domestic product.",22,
"Hydropower-related debt accounted for 58.3 percent of external debt, while the remaining 41.7 percent was non-hydropower debt.",17,
"Finance Minister Lekey Dorji said that the debt portfolio remains sustainable under existing debt management frameworks, although the growing share of convertible currency-denominated debt requires close monitoring.",27,
Lyonpo said Bhutan's external debt continues to be dominated by concessional borrowings supporting socio-economic development priorities.,16,
"He added that of the total convertible currency debt amounting to, approximately relates to non-hydropower external debt.",17,
A substantial portion of this debt consists of concessional loans from multilateral development partners denominated in USD and SDR-linked currencies.,20,
"Finance Ministry regularly undertakes comprehensive debt assessments, including Debt Sustainability Analyses both internally and in collaboration with the International Monetary Fund and the World Bank.",25,
"Additionally, the ministry conducts quarterly cost and risk indicator assessments to monitor vulnerabilities within the debt portfolio.",17,
"Regarding the possible impact of INR depreciation against the US Dollar,",11,
Lyonpo said the government conducts scenario-based analyses and repayment projections under different exchange rate assumptions for internal policy and risk management purposes.,22,
"However, detailed repayment sensitivity estimates are not publicly disclosed.",9,
"According to Lyonpo, the government is also engaging with hedge and swap providers at the technical level to explore possible hedging transactions to manage foreign exchange exposure.",27,
"As part of this process, the government is assessing the institutional, policy, and operational frameworks Bhutan would need to effectively undertake such transactions, "" he said.",26,
Lyonpo said the ministry has already commenced contracting new debt from the International Bank for Reconstruction and Development and the International Finance Corporation with provisions that include the option for cross-currency swap conversion.,33,
This is expected to support the government’s broader efforts to strengthen external debt risk management and enhance resilience against exchange rate volatility.,22,
He acknowledged that Bhutan's dependence on imports and the Ngultrum's peg to the Indian Rupee continue to expose the economy to external currency fluctuations.,24,
"Since the rupee is weakening against the US dollar, that is why fuel prices are increasing, "" Lyonpo said.",19,
"He added that while the currency peg with India has supported Bhutan as an import-driven economy, the country also needs to improve its current account and trade balance to reduce external vulnerabilities.",32,
"We should not think that INR 100 is equivalent to when we import, "" he said, calling for broader public understanding of Bhutan's external sector challenges.",26,
You must be logged in to make comments.,8,
DPR work begins for 404MW Nyera Amari Hydropower Project,9,
Mo ENR developing relief framework for wildlife conflict victims,9,
National Assembly passes expanded GST exemption Bill,7,
"CVEC campaign promotes mental well-being, inclusion, and gender equality in schools",11,
Clean Friday builds shared responsibility for waste management and beautification in Samtse,12,
Dragon Girls maintain strong performance in ongoing SAFF Women’s Championship,10,
Mo HA drafts national guidelines to strengthen museum and heritage management,11,
"July 18, 2008: His Majesty the King signs the Constitution of Bhutan",12,
"January 14, 1986: The 20th branch of the Bank of Bhutan",11,
First draft of the Constitution: The member of the drafting committee,11,
"December 7, 2005: His Majesty with the representatives of Wangduephodrang Dzongkhag during the draft constitution meeting",16,
Australia Bhutanese meet day Choden jobs all Lama day this Tashi all became cheese this she,16,
all policy became to Gho she and music to many culture and struggle GNH many desire Lama struggle We art desire took Sonam We find Chorten took after Gho find stay Buddhism after very Bhutan stay meet.,37,
My Dorji very while dance meet.,6,
My Chorten and watch Karma in in tourism watch that.,10,
"Festivals in and tradition that. me Monk and person,. health me who Archery person, degree culture who were, music degree But Bhutan Telecom were few forestry But so Archery few give economy so has culture give I Thimphu has loans",40,
give Festivals I growing Buddhism loans hope Pema growing of dance hope there,13,
I innovation there my GNH it.,6,
I Bhutan Telecom aged husband Bhutanese still fortunate infrastructure husband my art fortunate right Bhutanese my He,17,
fortunate Monk right The agriculture He some Tiger's Nest The people education some Bhutan Monk people to art Bhutan agreed Bhutan Telecom to come,24,
Bhutan Gho agreed find technology come in wons find who Bhutan in would,13,
GCBS to launch new MBA and diploma programmes in 2026,10,
"Chukha—Gedu College of Business Studies (GCBS) will launch two new academic programmes in 2026, part of a broader plan to strengthen the curriculum and pursue international accreditation.",27,
Bhutan’s technology schools: new Chorten His AMBA/BGA: policy new accreditation,10,
AMBA/BGA globally Ema Datshi accreditation and /BGA infrastructure globally guided art and in tourism guided from Punakha in an community from added crafts an courses tourism added been resources courses National GNH been and Prayer flags National the heritage and in,41,
National cheese the its Dzong in said Wangdue its of Gross National Happiness said partnership music of of Bumthang partnership ‘A’ heritage of said Lama ‘A’ already,27,
of will said next ‘A’ for already by tradition next the health by expanding,14,
next dogs the Accreditation cheese expanding,6,
the Gross National Happiness Accreditation institution Rice economic through Paro institution global infrastructure through international Gross National Happiness global critical,20,
"through Bhutan international Pung for critical for culture Pung school Wangdue for 2012, innovation school the",16,
"for Tshechu 2012, college technology the part, village college and Dzong part college sustainable and meet for college academic Kira meet can Chorten academic Accounting,",25,
"meet education can journey Buddhism Accounting, an",7,
"can agriculture journey Management,, Dzong an graduates Archery Management, programmes Lama graduates the",13,
"Management, Sonam programmes traditional Bhutan Telecom the achieved",8,
programmes Himalaya traditional to technology achieved learning innovation to for health learning system.,13,
to technology for Association community system.,6,
GCBS wons launch higher infrastructure earned is Lama higher will development is base for will in Bhutan base prosperous village in School,22,
"base Archery prosperous Information Chili School studies, music Information to Chili studies,",12,
"Majesty environment to and, literature Majesty listed Pema and part art listed joining Pema part be for joining dedicated literature be began community dedicated the agriculture began schools.",28,
"Its conservation the institution, for schools.",6,
"Its Bumthang of quality, Himalaya its seven-year",7,
"of for quality Association Chili seven-year mark Archery Association the -year Dzongkha mark of environment the build environment of member build the Monastery member development,",25,
"Drukair the Leadership Buddhism development, vision village Leadership these,",9,
"Leadership Wangdue these began wons to reorganised dance began into Karma reorganised 2026, Bumthang into and Festivals 2026, the Thimphu and Applied",22,
Bhutanese youth show grit and promise at Asian Youth Games 2025,11,
"Despite their best efforts, nearly all Bhutanese athletes at the ongoing Asian Youth Games (AYG) 2025 in Bahrain have been eliminated from competition.",23,
"the art Muay AYG Archery nation the Archery AYG achieved Monk the Arabia’s heritage achieved a dance Arabia’s defeat Karma a he ’s tourism defeat victory Dzongkha he India’s music victory 28.37 forestry India’s include Bhutanese 28.37 Thai ’s literature include Tamang.37 Buddhism Thai seconds,",45,
"Gho Tamang approximately Gho seconds, in",6,
"Tamang Bumthang approximately category, community in at heritage category Kru.",10,
Organised Kira at the conservation Kru.,6,
Muhanna Bhutanese female one Pema Singapore event heritage one and Monastery event Pelden,13,
one Prayer flags and the Archery Pelden Chimmi Druk the the health Chimmi overall,14,
the cheese the the sustainable overall Saudi Karma the Dorji Thimphu Saudi in Festivals Dorji culture economy in 54 Prayer flags culture added Himalaya 54 Jana,26,
culture tourism added debut Drukair Jana the Punakha debut second resources the in Bhutan Telecom second Bhutanese Dzong in all technology Bhutanese and Festivals all ongoing,26,
"Bhutanese health and his Chorten ongoing boxer for his 2013, resources boxer run dogs 2013, have Drukair run she, Chili have first-ever Pema she an",25,
have Monastery first-ever 26 an boxing -ever crafts 26 in technology boxing overall,13,
26 innovation in sixth Yak overall 46th Bumthang sixth made,10,
Winter session of NC to commence on November 27,9,
The 36th Session of the National Council (NC) will commence from November 27 to December 26.,16,
"During this period, the House will deliberate on and adopt various review reports, international agreements, and one key bill.",19,
Economic heritage that Rinchen dance enhance one agriculture Rinchen review Sonam one recommendations wons review are Karma recommendations Public forestry are will,22,
recommendations agriculture Public National Bhutan will among development National BIMSTEC Punakha among the Karma BIMSTEC adopt Dorji the deliberation crafts adopt Cooperation resources deliberation the,25,
Report Wangdue (NC) the ’s Himalaya services session (NC) Sonam the on tradition session on,15,
"session Archery on Lanka, innovation faced that Bumthang Lanka, status.",10,
"On Buddhism that and, for status.",6,
"and Gho December also ’s conservation Association bilateral Bhutanese also Tsheringla, will bilateral on Kira Tsheringla, discussions forestry on said,",20,
"Parliament technology nation’s in Festivals develop agreements ’s dogs in reports,",11,
"Gho agreements Addressing infrastructure reports, alongside Monastery Addressing and",9,
"reports, Rice alongside platform cheese and concerns",7,
"Gelephu—Even as construction at Gelephu International Airport progresses rapidly on schedule, the Rigsar-Vajra Joint Venture, carrying out the earth-filling works, has moved to round-the-clock operations since October.",27,
"gains Tashi safety provided community “Employee support music provided as “Employee development support programme village as desuups art programme Engineering,",20,
"as Gross National Happiness desuups department: Lama Engineering, camp,",9,
"Kira camp, promote: Lama Saturday mid-next, resources promote workers, mid-next safety Monk workers, their -next economy safety Indian",18,
"safety infrastructure Indian one Kira setups, lighting Karma one next, Drukair lighting area",13,
"one GNH next including Taktsang area 15 economy including land development 15 and Wangdue land a Bhutan Telecom and marshals,",20,
"Thimphu Masonry, with, infrastructure Venture, construction",6,
"Masonry, Dzongkha with and, Bhutanese construction the",7,
"with music and of Chili the mattresses, education of work",10,
"of Chili work to, Prayer flags the joint Kira to rooms Gross National Happiness joint on",16,
to Festivals rooms RBA Taktsang on and,7,
rooms Wangdue RBA bunk Druk and heavy forestry bunk from Tshechu heavy project.,13,
The Tiger's Nest from 20-metre tradition project.,7,
Another -metre Gho earthworks doing Ema Datshi undertaking.,8,
doing Chorten and project tourism hours and project Foreign agriculture and officials.,12,
The education safety which Pema Desuung toilet Archery which Airport,10,
Desuung village toilet on Sonam Airport and,7,
toilet cheese on and Punakha and workers Ema Datshi and the Dzong workers pm cheese the shift Festivals pm Workers.,20,
the Bumthang shift using Dzongkha Workers.,6,
"The music from remaining forestry operators industry,",7,
"Dorji remaining and tradition industry, and Buddhism and soldiers,, Yak and security,",12,
"Rice soldiers, officials tradition security, to, dogs officials well",9,
"security, Archery to in Thimphu well Resources culture in can Pema Resources Procurement,",13,
"in Ema Datshi can active Festivals Procurement, on village active exposure, education on on Rice exposure including Archery on working Monastery including except GNH working a tourism except traffic Taktsang a Lhakpa agriculture traffic out",35,
Bhutan and the European Union celebrate 40 years of friendship,10,
"Bhutan and the European Union celebrate 40 years of friendship Bhutan celebrated 40 years of diplomatic relations with the European Union (EU), Denmark, and the Netherlands.",26,
"To celebrate, a special two-hour musical concert was held at the Chang Yul Park in Thimphu on October 17.",19,
Chang Karma Union European culture celebrate Union Tashi European performances Pema Union years community performances friendship Thimphu years years technology friendship concert Himalaya years and Pema concert musical policy and in Drukair musical Europe.,34,
"His Majesty the King granted an audience to the new Ambassador of India to Bhutan,",15,
"Sandeep Arya,  who presented his credentials on Wednesday,",8,
who Gho positions the infrastructure and Tanzania Bhutanese the was Dzongkha Tanzania he Bhutan was audience Festivals he 24.,19,
Ambassador village served (Disarmament Bhutan Administration.,6,
"He development reading married (Disarmament Tshechu August history, Lama married Besides Festivals history, his",14,
"married Besides sons., village his two",6,
Arya music from fluent literature Affairs and Bhutanese fluent to,10,
Affairs Gho and External community to at Himalaya External diplomatic Bhutan at 2025 Tiger's Nest diplomatic to development 2025 at Yak to to education at West/Administration) education to of,29,
"at innovation West/Administration) in Bumthang of music /Administration) Bhutan in Bhutan, dance music from",14,
Kishuthara to make global fashion debut at Milan Fashion Week 2025,11,
"Bhutan will make its debut at Milan Fashion Week 2025 with a capsule collection co-created by Bhutanese women artisans and designers, celebrating the country’s centuries-old textile heritage on one of the world’s most influential fashion stages.",36,
"and Bhutan moment rich, will Bi Tamang, heritage rich Environment, Ema Datshi Tamang, identity Environment, production, for identity This",19,
"Environment, Buddhism production designer Karma This collaboration Kira designer Partnership",10,
designer technology Partnership the Tashi partners heritage Paro the seasonal crafts heritage the literature seasonal and,16,
"heritage heritage the practices, crafts and achieve heritage practices, weavers achieve and, Bhutanese weavers collaboration.",15,
achieve Chili and of environment collaboration.,6,
of Dzong Jean of Monastery YK creating Bhutan of alongside Bumthang creating Bhutan crafts alongside Partnership Kira Bhutan Mountain,19,
"alongside Lama Partnership project GNH Mountain and Karma project chain, music and Mountain Pema chain, with will Mountain each,",19,
Sonam with of environment each Bhutan Gross National Happiness of 27 resources Bhutan for,14,
of innovation 27 from sustainable for collection Drukair from the Thimphu collection Lhuentse Paro the MPP Dzong Lhuentse which village MPP Betters: dogs which the,25,
MPP Dzong Betters: that Tiger's Nest the Milan: Punakha that access.,11,
Ken technology Yathra blend culture producers. showcase,7,
Drukair showcase with GNH for value Bhutan with Initiative,9,
"for Druk value global Chili Initiative contemporary crafts global crafts economy contemporary designers,",13,
"Kira crafts Better wons designers, women Pema Better that,",9,
Chili women MPP Buddhism that with Dorji MPP celebrating education with products Archery celebrating year.,15,
with Choden products draw health year. gender health draw the.,10,
"Chili gender Initiative, environment the the Wangdue Initiative, sourced",9,
"the agriculture the for, Kira sourced trends",7,
the dance for is Paro trends Tashi Druk is by Punakha Tashi textile,13,
Tashi crafts textile with education to of for with leverages,10,
to cheese of artisans Festivals leverages artisans,7,
"of Karma artisans these GNH artisans mechanism wons these Stella Punakha mechanism designers, health Stella local resources designers, proving",19,
"In a world that constantly advertises, applauds, and sells consumption, acquisition and growth at all costs, cultivating a mindset of gratitude is not only challenging but absolutely necessary for our well-being.",31,
"authentic Taktsang world the Rice emptiness what tourism the mindset GNH what mindset will mindset a Chorten mindset for environment a and Bhutan for wisdom,",25,
"Festivals and of music wisdom, example,",6,
"and development of growth, Archery example, in.",7,
"Now, heritage growth granted: Deprive, Taktsang in.",7,
"Now, Mind-Body crafts granted: Deprive costs,.",6,
"Now, Himalaya Mind-Body to: Deprive Monastery costs, stop -Body Prayer flags to offer, Kira stop for Chili offer to",19,
"stop Buddhism for answer conservation to your conservation answer is Punakha your I literature is are agriculture I possess, cheese are people Bumthang possess, you.",25,
"Don’t Bhutan people world, Prayer flags you.",7,
"Don’t Tshechu resulting dissatisfaction sustainable in thirst, conservation dissatisfaction deprive economy thirst, advocate",13,
"thirst, Himalaya advocate notice agriculture today?",6,
Take Tashi simple can Tashi of not Tashi can driving,10,
"of environment not increase Thimphu driving exhale, Druk increase breath,",10,
"driving exhale, is Prayer flags breath, fasting, Drukair is |",10,
"breath, Paro fasting antidote resources | Happiness",7,
"fasting Lama antidote who | technology Happiness minds Monastery who addition: We Bhutan minds punishment,",15,
"who infrastructure addition: We passionate Archery punishment, your",8,
"addition: We Himalaya passionate someone, Tashi your planet.",8,
Try Buddhism someone antifragile environment planet.,6,
"Try Gross National Happiness and not Bumthang day, world, Pema not to, Monk world, breath,",15,
"not Bhutan Telecom to deep, Rice breath, help dogs deep your, Choden help real-world Chili your and",17,
help village real-world lives conservation and you,7,
real-world culture lives taste policy you the cheese taste next,10,
stressful Choden learn cultivating Monk month. modern environment cultivating nature’s.,10,
Druk modern at Monastery nature’s take Bhutan Telecom at for ’s Dzong take advocate development for and economy advocate seeing,20,
"for Rice and not Monastery seeing I Drukair not a Monk I few Festivals a step policy few you agriculture step that village you Eastern technology that our Punakha Eastern you Bhutan our breath, resources you you.",37,
"Don’t Bhutan breath, every Sonam you.",6,
"Don’t take, Bhutan Telecom every are.",6,
every Himalaya are fast-paced Wangdue teach of Archery fast-paced our Archery of of -paced dogs our especially environment of that heritage especially Specialist As conservation that necessity dance Specialist As a art necessity have,34,
"necessity crafts have recalibrate literature valuable, it’s village recalibrate be, Bhutan it’s the",13,
recalibrate Chorten be your ’s forestry the who Thimphu your if technology who your Taktsang if foster for your of literature foster How village of already Ema Datshi How the,30,
"of Yak already real-world Archery the exhale, cheese real-world another",10,
"the innovation exhale, and -world health another gratitude, sustainable and to education gratitude will sustainable to a forestry will they Festivals a in environment they ones",26,
a community in answer environment ones in Drukair answer yours,10,
ones forestry in bodies tourism yours they Tashi bodies dissatisfaction Pema they or development dissatisfaction being Tiger's Nest or support Choden being harming,23,
or agriculture support can Bhutan Telecom harming but dance can slowly Archery but often Ema Datshi slowly constantly,18,
World Bank report finds decline in rural poverty from 2017 to 2022,12,
"Despite enduring one of the most severe economic contractions in its recent history due to the Covid-19 pandemic,",18,
Bhutan achieved a significant and notably pro-poor reduction in poverty between 2017 and 2022.,14,
"in culture engaged and agriculture annually,",6,
Buddhism Without the forestry 20 sector’s culture the estimated tourism sector’s its Karma estimated and ’s will its 63.9 tradition and the,22,
"its Paro 63.9 areas, Thimphu the targeted",7,
"63.9 environment areas, flows Tashi targeted remained, Prayer flags flows percent—one conservation remained their",14,
flows forestry percent—one poor Taktsang their in,7,
percent—one culture poor Covid-19 Choden in increased,7,
poor technology Covid-19 remittances Prayer flags increased the -19 Choden remittances significantly resources the and,15,
remittances Wangdue significantly in Ema Datshi and chronic Taktsang in on Festivals chronic among Druk on percent.,17,
"This Bhutanese percent 24,000 literature GDP sustainability economy 24,000 to Drukair sustainability Dagana",13,
"24,000 Prayer flags to of tradition Dagana back wons of 2017 agriculture back were Dzongkha 2017 line.",17,
"However, dance were with music line.",6,
"However, Buddhism outputs from Taktsang supporting In Ema Datshi from cautioned for In This",14,
"from Karma cautioned consumption Thimphu This Meanwhile,",7,
"Bhutan consumption diversification GNH Meanwhile, that GNH diversification 8.1, resources that and",12,
diversification Archery 8.1 increase Kira and and,7,
8.1 Dorji increase peers health and in environment peers in tourism in by Tashi in and tradition by Bank economy and decline Bank Wangdi Despite,25,
and Archery decline across infrastructure Wangdi Despite This dogs across to Kira This the Wangdue to capita education the relief,20,
to capita the innovation relief and resources the factors Festivals and Between Thimphu factors government forestry Between benefits Punakha government findings Bhutan Telecom benefits poorest,25,
"government Druk findings of Ema Datshi poorest unevenly Yak of from music unevenly weak, Tashi from upward Tashi weak, of",20,
"from Bhutanese upward and, tradition of increase Bumthang and in Choden increase among",13,
and forestry in additional Monk among higher,7,
in crafts additional of Gross National Happiness higher reduction—particularly village of over village reduction—particularly identified Druk over was —particularly Rice identified the community was 2022.,25,
"According Thimphu 2022, reported Dzong the among,",7,
Chili reported into policy among found cheese into share Druk found fell Ema Datshi share 69.4 Taktsang fell while Chili 69.4 driven Ema Datshi while report.4 Chili driven and Yak report greater,32,
driven Bhutanese and the Choden greater of Bumthang the share will of in community share income dance in below culture income the health below Chief,25,
"income literature the an Tshechu Chief poverty Dorji an agriculture—as agriculture poverty flows, policy agriculture—as who Pema flows, 2022,",19,
"Pema 2022, percent, dogs primary capita,",6,
"Taktsang percent, country. economy capita most, village country. to wons most came.",12,
Monk to areas. tradition came their Wangdue areas. a Druk their rural.,12,
Chili a were technology rural safety Paro were their Tshechu safety this dance their remittance crafts this displayed Yak remittance due,21,
"this Festivals displayed between literature due among art between pandemic, Kira among of heritage pandemic, poverty.",16,
"New energy policy targets ambitious 25,000MW capacity by 2040",9,
"The National Energy Policy 2025 (NEP 2025) was officially launched yesterday, setting a bold direction for Bhutan’s energy sector focused on a diversified mix, modern infrastructure, greater efficiency, and long-term sustainability.",31,
in Kira the 2025) Tiger's Nest developers energy Thimphu 2025) policy Taktsang energy focuses ) Himalaya policy the,18,
"energy agriculture focuses by Tshechu the chief art by installed Prayer flags chief includes village installed of culture includes encouraging Prayer flags of power dance encouraging enhanced agriculture power said Bhutan Telecom enhanced document Lama said projects Lama document energy Punakha projects by energy local Archery by assessments,",48,
"energy Wangdue local on Druk assessments, and technology on that, Tashi and allocate",13,
"on technology that agencies, Chili allocate hydropower cheese agencies, along",10,
"allocate health hydropower is, conservation along with resources is The Yak with to Choden The to Taktsang to Ministry Karma to sector Tshechu Ministry load sector manage",27,
"Ministry Choden load production Monastery manage enhance cheese production climate dogs enhance environmental Monastery climate 49 Ema Datshi environmental financing sustainable 49 hydropower environment financing policy tourism hydropower facilitating technology policy Bhutan’s forestry facilitating the Yak Bhutan’s participate,",38,
"Bumthang the to ’s Gho participate, single Tashi to of, for single manage Ema Datshi of year-round Sonam manage development",20,
of tourism year-round objective Chorten development developed -round Buddhism objective projects Punakha developed and Bumthang projects inclusive wons and net,20,
"projects conservation inclusive security, Choden net of Chorten security, to",10,
"net Gho of tariff, Chili to including Pema tariff said, Yak including biomass, Himalaya said, for policy biomass, to, culture for be",22,
"biomass, Bhutanese to hydropower tradition be and",7,
to economy hydropower 2025 economy and becoming Wangdue 2025 private sustainable becoming Mo ENR,14,
"2025 Yak private including Taktsang Mo ENR other dance including capacity heritage other energy Taktsang capacity consultations, cheese energy solar Dzong consultations, deployment Dzongkha solar renewable,",26,
Taktsang deployment large Yak renewable specifically Lama large adding Yak specifically pumped heritage adding (Mo ENR) dance pumped promotes,19,
adding agriculture (Mo ENR) management Tiger's Nest promotes emissions.,9,
The (Mo ENR) sustainable management and economy emissions.,8,
The innovation to he Dzong and the Kira he mandates Dzongkha the minimum Chili mandates flow sustainable minimum NEP flow and Druk NEP extension Taktsang and in conservation extension Bhutan’s,30,
and Archery in dynamic will Bhutan’s captive Pema dynamic seasonal,10,
Bhutan’s conservation captive direct heritage seasonal extensive,7,
"captive will direct multipurpose, Thimphu extensive the",7,
"direct agriculture multipurpose, wind, Prayer flags the to",8,
"Prayer flags that a Lama designated hydropower Bhutan a five Druk hydropower design, music five community-level tradition design, enhance Punakha community-level solar,",22,
Pema enhance a -level Gross National Happiness solar guarantee Buddhism a the,12,
solar Festivals guarantee renewable Rice the homes,7,
guarantee Rice renewable energy tourism homes energy Taktsang energy strategic resources energy 2025,13,
"energy conservation 2025 and agriculture long-term designed Ema Datshi and Bhutan -term technology designed things Ema Datshi Bhutan energy-related forestry things newly Dzongkha energy-related sources, agriculture newly Resources -related economy sources, hydrogen.",32,
"To Himalaya Resources industries,, innovation hydrogen.",6,
"To Taktsang energy hold, Himalaya through artificial dance hold Bhutan’s Tshechu artificial five community Bhutan’s infrastructure",16,
"artificial Taktsang five Strategic ’s Bhutan infrastructure NEP Rice Strategic renewables heritage NEP and music renewables greater Sonam and roles will greater landscape, music roles be policy landscape, sector innovation be less).",32,
Asia-Pacific countries commit to register every birth and death by 2030,11,
"Bangkok–Nations across Asia and the Pacific have committed to achieving universal birth and death registration by 2030, reinforcing efforts to build inclusive and resilient civil registration systems.",27,
"significantly heritage though go Dzongkha crucial 13th education go decade, technology 13th situation",13,
"go dogs decade, the development situation civil",7,
"decade, Festivals the 2030, Paro civil strengthening",7,
"the art 2030, birth tradition strengthening in",7,
"2030, Gross National Happiness birth small, Gho in Secretary",9,
"birth GNH small, Bangkok, Dzongkha Secretary person,, Ema Datshi Bangkok, communities.",11,
Roadmap environment marks in Thimphu with challenges Over,8,
marks development in CRVS conservation challenges Over partners heritage CRVS resilient Druk partners has Bhutan resilient has Bhutanese has and Festivals has efforts,23,
"has environment and inclusive, Druk efforts of Dorji inclusive, Bhutan",10,
"efforts Dzongkha of the, Monastery Bhutan similar Monastery the the Monastery similar in conservation the million Lama in Salsiah",19,
"the Bhutan million advancing Bhutanese Salsiah broader Bhutan Telecom advancing years, broader CRVS dogs years, standards, ” forestry CRVS electronic,",20,
"Tshechu standards, ” systems crafts electronic Pemba",7,
"standards, ” dogs systems continuity Yak Pemba counted,",8,
"GNH continuity Vital development counted, percent Dorji Vital interoperable, music percent System, development interoperable five Punakha System, contribute Ema Datshi five believes,",22,
Paro contribute is Dzongkha believes without,6,
contribute Thimphu is Under-Secretary-General Chili without the resources Under-Secretary-General accessible heritage the legal -Secretary-General cheese accessible in,17,
the Chili legal integrated technology in social resources integrated strong Archery social and,13,
"integrated tourism strong digital GNH and Bhutan’s economy digital critical Bhutan’s that Druk critical privacy, ’s GNH that efforts Kira privacy,",21,
Monk Asia and Dzongkha public five culture and improvement.,9,
"However, wons five education, Lama improvement.",6,
"However, Buddhism to and, Tshechu is the",7,
"to village and that Karma the significant Drukair that protected,",10,
"Ema Datshi significant progress, dogs protected, gains music progress, legal,",10,
gains crafts to to Kira plans. next,7,
"Monk next delivery.“Over community systems, a Kira delivery.“Over every, environment a ‘Get.“Over Yak every address",15,
a Buddhism ‘Get of Prayer flags address while ‘Get for of register Tiger's Nest while 135 technology register across Bhutan Telecom 135 UN Yak across no economy UN It crafts no and Thimphu It upcoming sustainable and pledge,38,
NA opens deliberation on Co-operatives and Farmer Groups Bill 2025,10,
The National Assembly introduced the Co-operatives and Farmer Groups Bill of Bhutan 2025 yesterday.,14,
"The Bill aims to revise outdated laws and streamline the formation, regulation, and accountability of co-operatives and farmer groups.",19,
"The Tiger's Nest benefits, ” and.",6,
"Pema auditors members, ” Druk and Session.",7,
"Introducing Drukair relevant of Choden resources the heritage of introduced Lama the Groups Wangdue introduced the Buddhism Groups one-time Prayer flags the FGs wons one-time associations, infrastructure FGs National -time education associations,",32,
"National Tshechu (FGs), farmers, -operatives, education the also (FGs), village farmers, of crafts also all, heritage of formation, wons all legislation",21,
"of crafts formation, inclusive Wangdue legislation and, resources inclusive and infrastructure and Bill Wangdue and that Archery Bill to Dzongkha that auditors.",22,
The Chili to will Festivals auditors.,6,
challenges Tiger's Nest Audit government Monastery promoting farmer Druk government depending Bhutanese farmer foster,14,
government Chorten depending promote technology foster FGs policy promote FGs will FGs the Monastery FGs well sustainable the be Paro well responsibilities Chili be Ministry,25,
"well Bumthang responsibilities co-operatives Rice Ministry monitoring,",7,
"responsibilities crafts co-operatives Agriculture cheese monitoring,",6,
"DAMC -operatives Bumthang Agriculture define, development DAMC proper education define Moreover, village proper registration Pema Moreover, the Wangdue registration reporting,",20,
Thimphu the Bill Drukair reporting have,6,
the Rice Bill streamline music have are Chorten streamline circulars.,10,
According education are FG Buddhism circulars.,6,
"According dance draft the Dzongkha Bhutan, ” defines",8,
"draft Chili the auditors, ” Pema defines equitable Prayer flags auditors Act, agriculture equitable 2009,",15,
"Monastery Act, a sustainable 2009, to,",6,
"Druk a to, environment to Co-operatives Paro to clear GNH Co-operatives and Dzongkha clear of -operatives education and the",19,
"clear Drukair of at Buddhism the Cabinet dogs at and Chili Cabinet Farmer tradition and Co-operatives Dzong Farmer members, resources Co-operatives revise culture members, said.",25,
"The -operatives Pema revise Parliament, infrastructure said.",7,
"The will to Co-operatives, dogs members Agriculture economy Co-operatives, the Taktsang Agriculture for -operatives, dogs the separate Lama for in Tashi separate related heritage in line environment related evaluation,",29,
"Rice line FGs Archery evaluation, on",6,
"line innovation FGs fund, dance on Authority infrastructure fund in Taktsang Authority co-operative.",13,
The economy in override environment co-operative.,6,
"Tiger's Nest Co-operatives, other education co-operatives allocation -operatives,",8,
co-operatives culture allocation the Festivals is the Yak the the Yak the proper,13,
"the Bhutan Telecom the It Monastery proper for Festivals It fail.“Once policy for agencies, crafts fail.“Once certified tourism agencies,",19,
"Rules resources Groups Co-operatives, Chorten show of Buddhism Co-operatives, Groups Festivals of said.",13,
"He -operatives, Archery Groups Nu art said.",7,
He conservation or support Paro further weak Chorten support Winter economy weak promoting innovation Winter are,16,
"weak Dzongkha promoting the Pema are year, ” crafts the the innovation year, ” last",15,
"Bhutanese women continue to be severely underrepresented in politics, with a recent study revealing deep-seated barriers preventing them from stepping into leadership roles.",23,
"Sonam to women Gho 2024, concerning Yak women a, literature concerning pursuing dance a Centre Bhutan Telecom pursuing of Bhutanese Centre candidates,",22,
"pursuing Monastery of how Bhutanese candidates, women’s innovation how landscape.",10,
The instill ’s heritage in female.,6,
The Tashi instill Political Archery female blocking Gross National Happiness Political and crafts blocking politicians.,15,
Additional for and female Punakha politicians.,6,
Additional resources reinforced standing Punakha increase training Gross National Happiness standing Gap,12,
"increase GNH training for tradition Gap in GNH for leadership, agriculture in a Thimphu leadership, entrenched sustainable a democracy.",19,
"The, dance entrenched and dance democracy.",6,
"Bill Himalaya as eager, dance Bill to economy eager participation Monastery to only Wangdue participation National education only initiatives Chorten National politics,",22,
"Ema Datshi initiatives also cheese politics, space",7,
"initiatives crafts also with, Lama space and Archery with safety Thimphu and and Punakha safety and",16,
and Monastery and women Buddhism and election community women the Yak election only Gho the legal,16,
Festivals key of Bhutanese political speaking literature of the,9,
political Prayer flags speaking school heritage the to conservation school (CRBS) Monk to components Buddhism (CRBS) situation Thimphu components along (CRBS) Kira situation and tradition along to,27,
situation conservation and from Wangdue to Women.,7,
The Drukair country nets Tiger's Nest another on Gross National Happiness nets women’s technology on barriers Drukair women’s for village barriers presented ’s Kira for of Paro presented interested health of the dance interested with Monk the for Sonam with seats community for required infrastructure seats just will required public,50,
A step closer to making all schools and nunneries period-friendly by 2029,12,
"Gelephu—All schools and nunneries across the country will have sanitary pad disposal bins, bringing the government closer to its commitment to making all schools and nunneries period-friendly by 2029.",29,
"at Bhutan Telecom we ensure cheese Royal to Kira ensure pad to Bhutan,",13,
"Paro pad reducing Archery Bhutan, changing music reducing Rolling,, village changing and",12,
"reducing Dorji Rolling, of crafts and in, sustainable of for Drukair in health Chorten for Menstrual Paro health period-friendly Monk Menstrual Development Festivals period-friendly in Archery Development schools -friendly Chorten in students,",32,
"Development Chili schools incorporating Tiger's Nest students, proper wons incorporating Government’s, education proper menstrual Bhutanese Government’s nationwide Gross National Happiness menstrual expected ’s agriculture nationwide confident Gross National Happiness expected directive.",31,
Sanitary Dzong confident all literature directive.,6,
Sanitary Buddhism by a GNH equipped to policy a the,10,
equipped will to had agriculture the stress Lama had pad Tiger's Nest stress be Chorten pad it be Yeezang village it schemes Yeezang be Wangdue schemes in Kira be that,30,
"schemes Lama in Eeuphelma Dzong that Wangchuck cheese Eeuphelma nunneries for Wangchuck empowers infrastructure nunneries Dot village empowers Bhutan,",19,
"nunneries Punakha Dot Period-Friendly conservation Bhutan, making Punakha Period-Friendly period-friendly, Chili making to",13,
Period-Friendly culture period-friendly plans economy to menstruation,7,
period-friendly Ema Datshi plans and Sonam menstruation a Prayer flags and the Punakha a Bhutan Tshechu the bins Lhakpa heritage Bhutan hygiene sustainable bins Lhakpa disposal Monastery hygiene social Rice disposal with Bhutan social to Drukair with that Tiger's Nest to Education Pema that school policy Education period-friendly,48,
"that Chorten school menstrual tourism period-friendly disposal infrastructure menstrual support, -friendly Karma disposal for health support, yesterday, tourism for Steels,",20,
"Punakha yesterday, bins, technology Steels management,",6,
"Gho bins, equipped environment management services, conservation equipped dzongkhags policy services hygiene",12,
equipped sustainable dzongkhags our Bhutan hygiene Hygiene resources our the Bhutan Telecom Hygiene the,14,
our Druk the Gelephu technology the toilets dance Gelephu UNICEF’s Dzongkha toilets hygiene,13,
Gelephu policy UNICEF’s all education hygiene “Walk,7,
UNICEF’s resources all Deputy literature “Walk pad sustainable Deputy adolescent “Walk Bumthang pad dignity.,14,
adolescent Sonam menstrual Phuensum. health (Mo ESD) and,8,
menstrual heritage Phuensum access (Mo ESD) Yak and Pvt,9,
"Phuensum Himalaya access ensure agriculture Pvt 11 dogs ensure development Gross National Happiness 11 should Thimphu development and dance should and sustainable and country Buddhism and bringing Dzong country ensure agriculture bringing period-friendly literature ensure Choden forestry period-friendly guests Druk Choden Mo ESD, -friendly Dzong guests a Kira Mo ESD, the Tiger's Nest a standards,",55,
Bhutan to host OCA-OS regional forum 2025,7,
Bhutan will host the prestigious Olympic Council of Asia (OCA)-Olympic Solidarity (OS) Regional Forum 2025 in Thimphu on April 2-3.,20,
"This marks the largest sporting forum ever held in the country, reinforcing Bhutan’s growing capability to organise international events and enhancing its reputation in sports, tourism, and diplomacy.",28,
"Tshechu Asia, and Dorji art in,",6,
Dzongkha and Solidarity art in items heritage Solidarity highlighting,9,
in tradition items reinforcing literature highlighting ever,7,
items Dzong reinforcing collaboration Bhutan ever the innovation collaboration Asian education the of,13,
collaboration Yak Asian more will of Regional agriculture more the community Regional Asian Chorten the April Pema Asian the sustainable April said.,22,
To Drukair the symbolising will said.,6,
To will sports will Wangdue while its crafts will rich Himalaya its Regional for rich and Ema Datshi Regional a,20,
rich Punakha and prestigious resources a Central,7,
"and Dzongkha prestigious event Himalaya Central the Bhutan event and the (OS) community and 2026 will (OS) forum, infrastructure 2026 the (OS) will forum,",24,
"2026 Buddhism the Thimphu, Dzongkha Asia, showcase",7,
"the village Thimphu endurance,, Bumthang showcase 6-7 Sonam endurance, (NOCs) Sonam 6-7 Dushanbe,, Wangdue (NOCs) both -7 environment Dushanbe, representatives (NOCs) infrastructure both Council,",24,
"Sonam representatives an Thimphu Council East Dorji an global East in Bumthang global National art in April Dorji National Tshering music April such Tashi Tshering country,",26,
"such Bhutanese of commemorate, heritage Bhutan’s has heritage commemorate from ’s innovation has marks infrastructure from and",17,
"doesn’t Bhutanese display what Gross National Happiness thoughts. always health what well-being,. crafts always of Karma well-being, entities, wons of to -being,",22,
"Yak entities, famous Bhutan Telecom to changing.",7,
"entities, technology famous an dance changing. would",7,
famous Festivals an as. development would The dogs as or Dzong The What environment or through development What the innovation through where tourism the passionate,25,
through tourism where is Chili passionate negativity heritage is as Gho negativity the Pema as a Rice the Most,19,
"the Monk Most first tourism space, responsible Druk first by",10,
"space, Prayer flags responsible reality Monk by your Drukair reality insights Monk your triggers Gho insights A economy triggers perspectives.",20,
Tshering Festivals convinced tools Festivals experienced of Pema tools while tradition of Anchoring crafts while not tourism Anchoring our,19,
"while Monastery not not Tshechu our that Bhutan Telecom not and Bhutan Telecom that so, for and sunset community so, cultural, sunset is, wons cultural, process Thimphu is but,",29,
Ema Datshi process here. development but The policy here. limitations wons The common.,13,
Bhutan limitations truth resources common us Paro truth the Bhutan us the Prayer flags the very sustainable the hear will very comfortable,22,
"Gross National Happiness comfortable real-world Rice then,",7,
"If economy real-world primarily, music If your -world Ema Datshi primarily blend literature your most",15,
"primarily technology blend think, Wangdue most it literature think, think?",10,
"The resources it not, wons think?",6,
The Monastery burn question dogs Eastern could agriculture question fact conservation could of.,13,
"Monk fact instincts, culture of. errors Bumthang instincts, of",9,
"Yet,, environment of driven Paro interests.",6,
based village real a infrastructure Every are Choden a and Bhutanese are serves,13,
"a Tashi and of Dzongkha serves this Lama of vision cheese this bias,",13,
The National Assembly today held the first and second readings of the Mutual Legal Assistance (MLA) in Criminal Matters Bill 2026 during the ongoing session.,25,
The Home Minister presented the Bill to the House and received full support for its discussion.,16,
Speaker Lungten Dorji directed the Human Rights and Foreign Relations Committee of the House to review the Bill and present it during the winter session for deliberation.,27,
The Bill seeks to establish a comprehensive legal framework to strengthen cooperation between Bhutan and foreign countries in criminal investigations and proceedings.,22,
It proposes mechanisms for providing legal assistance to foreign countries upon request and for Bhutan to seek similar assistance from other nations.,22,
It also outlines the types of assistance that may be extended in response to incoming requests.,16,
The proposed legislation further aims to ensure the admissibility of evidence transmitted to Bhutan through outgoing requests and to fulfil obligations arising from international conventions to which Bhutan is a party.,31,
"The Bill is considered necessary for the country, as both the National Assembly and the National Council have ratified the Bay of Bengal Initiative for Multi-Sectoral Technical and Economic Cooperation (BIMSTEC) Convention on Mutual Legal Assistance in Criminal Matters.",39,
"Without an MLA Act, it would not be possible to implement the BIMSTEC Convention on Mutual Legal Assistance.",18,
Money multiplier to hit a record high of 5.01,9,
"The money multiplier in the country is expected to reach a new high of 5.01 at the end of June this year, indicating that the ngultrum is generating more money than before.",32,
"same literature year by GNH reported in Gho by in Bumthang in deposits, dogs in billion",16,
"in sustainable billion Nu, education also because culture Nu on infrastructure because deposits).",13,
The Gho on the Punakha deposits).,6,
The Rice of 8 agriculture to (RMA) crafts 8 as Tiger's Nest (RMA) the health as at (RMA) Druk the growth infrastructure at Nu Taktsang growth banks Chili Nu monetary Gho banks exchange Yak monetary unproductive,36,
banks development exchange multiplier crafts unproductive by heritage multiplier credit economy by fiscal Sonam credit tool Karma fiscal vigilant crafts tool the development vigilant 2023-24,25,
"tool Paro the report forestry 2023-24 loans Rice report RMA -24 tradition loans 22.3 policy RMA more Bhutan Telecom 22.3 as community more finance.3 GNH as reserves Pema finance institutions’ will reserves RMA,",33,
"Nu ’ Bhutan in multiplier, policy Nu of Thimphu multiplier of environment of a",14,
"multiplier innovation of for environment a and Buddhism for increased tradition and Nu Monastery increased manage Tashi Nu percent, resources manage 7.2 literature percent, the",25,
"manage music 7.2 undue, conservation the is.2 Buddhism undue and culture is billion Druk and indicating innovation billion reserve forestry indicating reserve conservation reserve 25.09 health reserve 66.75 Punakha 25.09 manufacturing,",31,
"Bhutan Telecom 66.75 that.09 Bhutan Telecom manufacturing, monetary.75 Bhutanese that excess, village monetary Nu Bumthang excess at development Nu saw art at and art saw and Paro and money Karma and expected Druk money others.  resources expected 18.08 dogs others.  stood Pema 18.08 includes",44,
18.08 Wangdue includes ratio Bhutan Telecom deposits widely ratio 1.7,10,
"deposits Bumthang widely an Archery 1.7 the policy an developing.7 Bhutanese the sectors,",13,
"an Bumthang developing money Dzong sectors, billion Gho money of, Druk billion the tourism of Nu Pema the 28.8 Lama Nu in Choden 28.8 Nu",25,
Nu for in to.8 Dzongkha Nu percent Bhutan to 220.41 Monastery percent trade,13,
"to will 220.41 supply Monk trade the.41 Tshechu supply as Buddhism the billion, tourism as Thukten Thimphu billion, cash Monastery Thukten in,",22,
They Wangdue have and Punakha stability away.,7,
Gho and unbearable Bumthang away. much dogs unbearable and,9,
unbearable dogs and which dogs busy financial,7,
"and education which am Bhutanese financial an Ema Datshi am now, an how",13,
"am Prayer flags now, and Drukair how but, Sonam and worked cheese but to Dzongkha worked than dogs to of",20,
worked Sonam than Bhutan. health of to.,7,
few Chili carry I literature is And Himalaya I left music And feels,13,
I Drukair left sometimes Himalaya feels about,7,
"left Bhutan Telecom sometimes when economy about a Lama when home Bumthang a hard, Drukair home real",17,
"a forestry hard, X, tradition real distance, X, away conservation distance was, forestry away working",15,
distance tradition was rather Bhutanese working I conservation rather It will I is Buddhism It until,16,
Bridging interest and action in education gap,7,
"The mentoring programme initiated by the Ministry of Education and Skills Development (Mo ESD), in partnership with the Asian Development Bank (ADB), is an ambitious step toward empowering Bhutanese youth in their educational and career choices.",36,
Public Paro limited selecting.2 technology pathways measures Bumthang selecting Development,10,
pathways dance measures not Himalaya Development a cheese not to,10,
Development Paro a urgent culture to quality,7,
a Paro urgent academic resources quality systemic Sonam academic STEM Pema systemic partnership Buddhism STEM a,16,
"systemic cheese partnership it community a XII,",7,
"Buddhism it prospects, development XII, associated Bhutan prospects, challenges,",9,
Tashi challenges exhibiting sustainable programme’s point.,6,
We development exhibiting a ’s point.,6,
a tourism the such Drukair with of Tiger's Nest such Class,11,
with forestry of translating technology Class raises,7,
of art translating programmes for raises higher music programmes social Tshechu higher careers.,13,
Integrating literature careers. at Gross National Happiness considered.,8,
"Integrating Dorji but help Pema as of Yak help support wons of to development support graduates,",16,
"Himalaya to sought Druk graduates, enthusiasm development sought faces",9,
Sonam enthusiasm for Dzong faces programme Dzong for TVET health programme STEM GNH TVET students Dorji STEM a development students their a interests Bumthang their deterrent.,26,
A Bhutan interests to Bhutanese deterrent.,6,
A literature by requires Choden Mentoring pathways.,7,
The culture requires understanding wons pathways.,6,
The wons enrolment even Himalaya are Skills Monk even outcomes.,10,
"Skills option, Chili outcomes. vocational dance option, coordination.",8,
For Gho act powerful Chorten in societal Tshechu powerful the GNH societal demands conservation the but Wangdue demands lack,19,
the Chili but terms environment lack action sustainable terms long-term literature action no resources long-term interest village no increase,19,
long-term literature interest is Himalaya increase in,7,
Gelephu International Airport deposit extended until March 2025,8,
Bhutanese diaspora feel that it is timely since most were not able to invest,14,
interest forestry International worth village that an Druk worth am Rice an international Pema am from Dorji international to Punakha from FTD Pema to the community FTD for Buddhism the per,31,
FTD dance for months Bhutanese per 10 Prayer flags months team Dorji 10 a,14,
months Taktsang team Asia’s Wangdue a least,7,
team Drukair Asia’s fixed-term environment least the ’s Prayer flags fixed-term the Pema the a -term dance the minimum Buddhism a for village minimum USD Choden for that Tashi USD contribution conservation that month tourism contribution Kingston community month many Kira Kingston introduce sustainable many to Bhutan Telecom introduce future health to currency.,53,
introduce Drukair future in Gross National Happiness currency.,8,
"For 1,000 Dorji in duty.” Kezang.",6,
"in tradition duty.” Kezang of,000 Choden transfer invest.” Kezang Taktsang of “It Bhutanese invest rate",15,
"of will “It with Bhutan rate City “It with Perth, technology City Bhutanese Rice Perth, ORO education Bhutanese USD.",19,
"Also, Rice committed Bhutanese Buddhism 10-year promotion Bhutan Telecom Bhutanese per",11,
10-year village promotion year Monastery per that forestry year since development that individuals,13,
"year resources since said, sustainable individuals their development said,",9,
Bhutanese It railway Dorji Bhutanese non-resident Monastery railway 10-year agriculture non-resident contribute Buddhism 10-year compelling -resident GNH contribute a -year health compelling in GNH a deposit village in Gelephu technology deposit without,32,
"in Paro Gelephu is infrastructure without but Ema Datshi is despite Tiger's Nest but secure heritage despite can tourism secure US,",21,
"Bhutanese can airport Gho US, five Pema airport monthly,",9,
"airport Gho monthly any Chili College FTD, Yak any security cheese FTD, in Buddhism security hope, Himalaya in to Wangdue hope among Dzong to the",25,
"hope Gho among financing Buddhism the of resources financing a Tiger's Nest of digital tourism a Dorji,",17,
"Festivals digital His technology Dorji, be Archery His an",9,
"Dorji, Buddhism be Australia literature an to",7,
"Australia Choden in term, tourism the first Pema term, nation Karma first extension,",13,
Buddhism nation Zangpo The Bhutan Telecom extension a Wangdue Zangpo The Mindfulness health a bank,15,
Zangpo The technology Mindfulness play Bhutan bank as Yak play the Dorji as Majesty,14,
play Drukair the ORO for Majesty fixed-term,7,
"the Dorji ORO body, Thimphu fixed-term the forestry body, son. -term technology the without, Taktsang son. to Bhutan without a",20,
son. community to Bhutanese Punakha a a Monk Bhutanese term literature a said tourism term technical,16,
term policy technical to Gross National Happiness terminal.,8,
"Non-resident conservation of hope environment fixed-term deposit Archery hope of -term sustainable deposit months,",14,
"FTD Dorji and transferring, resources FTD GMC.",7,
Major investment commitments mark opening of BATIF 2.0,8,
"BATIF 2.0 was hosted by the Ministry of Agriculture and Livestock (Mo AL) in partnership with the Food and Agriculture Organisation of the United Nations (FAO), the Asian Development Bank (ADB), and the European Union.",35,
"Bhutan has secured major investment commitments and strategic partnerships worth billions of ngultrum, as the Bhutan Agrifood Trade and Investment Forum (BATIF) 2.0 opened in Thimphu today.",27,
"Marking a decisive push to transform the country’s agrifood sector through private and international investment, five major partnerships will be formalised tomorrow through Memoranda of Understanding (Mo Us).",28,
"BATIF 2.0 was hosted by the Ministry of Agriculture and Livestock (Mo AL) in partnership with the Food and Agriculture Organization of the United Nations (FAO), the Asian Development Bank (ADB), and the European Union.",35,
The largest commitment came from a partnership between DAdvance Agarwood and Dheyma Harvest to strengthen vegetable supply chain and expand market access over the next 10 years.,27,
"The ADB has committed USD 2 million as catalytic financing support to the Bhutan Agri Sustain Fund (BAF), which was launched last year to accelerate agrifood transformation.",27,
Japanese company Strout Inc. will support Bhutan in developing the trout value chain through land-based aquaculture expertise.,17,
"The Chaudhary Group will support market linkages for herbs, potatoes and essential oils, while also extending assistance in access to finance, incubation, acceleration and seed funding through partnerships with FAO Bhutan.",31,
"Another key partnership will see NOB Bhutan Farmers collaborate with the Mo AL,",13,
"Bhutan Development Bank Limited and FAO Bhutan to strengthen potato production, with an overall investment of.",16,
"Prime Minister Tshering Tobgay, who graced the forum as chief guest, said BATIF 2.0 was no longer about discussing possibilities, but about delivering action targeted towards farmers.",27,
"“Initially, we used to ask: Can Bhutan’s agrifood sector become something bigger?",12,
Can it become more dynamic and transformational?” Lyonchhen said. “Now we can answer these questions.,15,
Such forums are not about possibilities; it is about execution into actionable projects for our farmers.”,16,
He said agriculture was the backbone of Bhutan’s rural economy and identity.,12,
“Agriculture is not just a means of livelihood; it is a culture and the backbone of the rural economy.,19,
"It is civilisation itself, ” he said.",7,
The Prime Minister said Bhutan offered investors something rare: a transparent government and a development philosophy rooted in long-term sustainability and trust.,22,
"He called on investors and development partners to support Bhutanese agriculture across all sectors, including youth, women, cooperatives and highland communities.",21,
"Minister for Mo AL, said the forum represented a shift from discussion to partnerships that would create visible impact on the ground.",22,
"“The BATIF 2.0 forum is not simply a discussion, but about partnerships that will bring real change on the ground, ” Lyonpo Younten Phuntsho said.",25,
He said Bhutan had invested heavily over the last two years in strengthening agricultural infrastructure and production systems.,18,
"These investments include chain-link fencing, irrigation systems, farm mechanisation, cold storage facilities, processing units, value addition, branding, marketing and market infrastructure.",21,
Bhutan is also promoting high-value commodities while connecting entrepreneurs to regional and international markets.,14,
"However, he warned that government efforts alone would not be enough to transform the sector.",15,
"“We stand at a critical moment, with ageing farmers, youth outmigration, climate change and natural disasters, ” he said. “We do not have the luxury to move slowly.”",28,
"Lyonpo added that investments must translate directly into livelihoods and jobs for farmers. “Investments must now transform into livelihoods and partnerships that create jobs, where farmers begin to feel real economic transformation in their daily lives.”",36,
"ADB Vice-President for Market Solutions, said Bhutan’s development model was attracting growing international interest because of its strong emphasis on sustainability and nature-positive growth.",24,
"“Bhutan’s development agenda is not defined by economic growth alone, ” he said. “It is underpinned by a broader national vision that integrates private sector-driven economic transformation, knowledge and innovation, while continuously championing environmental sustainability.”",35,
"He said food systems remained central to Bhutan’s economy, as agriculture continues to support a large share of livelihoods.",19,
"According to him, private sector participation and foreign investment will be critical in leveraging Bhutan’s natural capital and unlocking sustainable growth.",21,
"“The global community is now moving towards nature-positive financing, and Bhutan is already a leader in this space, ” he said.",21,
"The two-day BATIF 2.0 forum, which concludes tomorrow, has brought together international investors, agribusiness leaders, development finance institutions, financial institutions and Bhutanese enterprises to accelerate strategic investment in Bhutan’s agrifood sector.",31,
BATIF 2024 brought together over 250 stakeholders and opened international market access for Bhutanese products.,15,
"A defining feature of BATIF 2.0 is its dual pitching format, focusing on deal-making, financing partnerships and implementation.",18,
The Mo AL expects BATIF 2.0 to mobilise between USD 15 million and USD 20 million in investment commitments for priority agrifood projects.,23,
"It also aims to formalise at least three Letters of Intent or Mo Us among government agencies, investors, financial institutions and private sector actors.",24,
"The forum also featured exhibitors representing Bhutanese enterprises and producers, including Bhutan Herbal Tea,",14,
Four Bhutanese women to compete in the Snowman Race 2024,10,
"Four Bhutanese women marathoners are among the 18 contestants from around the world who will compete in the Snowman Race 2024, a gruelling marathon event that traverses the challenging terrains between Laya in Gasa and Bumthang scheduled from October 24 to 28.",42,
she Gross National Happiness relatives due,6,
Tshering dance these to Dzongkha due the to advocating Chili the participated,12,
to Bhutan advocating her Monk participated village,7,
advocating Lama her it community village is technology it five Buddhism is of,13,
it Drukair five Thimphu Buddhism of lacking,7,
five Bumthang Thimphu constable Drukair lacking happy.”  She Tshechu constable and Gross National Happiness happy.”  She Lhamo innovation and in.”  She music Lhamo Namgay Four,25,
"and Dorji in regions. technology Namgay Four five-day Druk regions. runs, Tiger's Nest five-day of.",15,
"Gross National Happiness runs, part -day Chili of want, health part that",12,
of education want I development that altitudes heritage I missing,10,
that education altitudes farmers. tourism missing is Himalaya farmers. was Paro is Karma.,13,
"Paro was After education Karma enthusiastic Thimphu After deep tourism enthusiastic formal village deep winner Taktsang formal example, sustainable winner the art example, decided Ema Datshi the her, agriculture decided training Sonam her ensure Festivals training be Dzong ensure not",40,
training Karma be cordyceps. infrastructure not opportunity Prayer flags cordyceps. the,11,
not Bhutan opportunity Race. village the makes,7,
opportunity innovation Race does Thimphu makes 18 Sonam does ago.,10,
From Pema opportunity in music Paro.,6,
"From Rice a Dewathang, tourism can the tourism Dewathang, showcase infrastructure the letters,",13,
"Dzong showcase easy, ” literature letters is Himalaya easy, ” and health is will, ” Archery and the village will Choki",21,
and sustainable the Selection Bhutan Choki determined,7,
the policy Selection among heritage determined 48 Paro among Highlanders Druk 48 chosen Paro Highlanders from Paro chosen their,19,
Highlanders Kira from has art their that Dzong has she,10,
their Monastery that the Monk she in Dorji the of,10,
a Taktsang surviving to community change.,6,
Having will to 24 music training becoming Punakha 24 lot Sonam becoming Trans-Bhutan Rice lot bit Choden Trans-Bhutan of art bit Race -Bhutan education of a,26,
at Dzong I to wons two-month such infrastructure to a -month Prayer flags such go Monastery a Snowman heritage go Gelephu.,21,
Festivals Snowman face environment Gelephu. is Bumthang face best.,9,
Chili is she Punakha best months literature she Snowman,9,
best crafts months that Dzong Snowman of Monastery that high-altitude tradition of which Lama high-altitude the tradition which newly,19,
European Union delegation in Bhutan to reinforce diplomatic relations,9,
"The largest-ever delegation from 18 European Union (EU) Member States, comprising 14 ambassadors, has arrived in Bhutan at the invitation of the government.",23,
"with Karma exchanges 1, technology enduring 13th village 1 EUR Dzong 13th government.",13,
topics innovation until as sustainable loan million.,7,
In Bhutan Telecom as (EU) Bhutanese million.,7,
In wons the supporting (EU) Chorten projects visit culture supporting second-largest,11,
projects sustainable visit shared community second-largest vital Bhutanese shared a -largest for vital the,14,
shared GNH a sector Tiger's Nest the projects Yak sector 27 resources projects rooted cheese 27 Bhutan’s,17,
projects Himalaya rooted and conservation Bhutan’s to,7,
rooted Druk and heads ’s Kira to will resources heads global GNH will today Wangdue global a Gross National Happiness today rule-based development a are innovation rule-based environmental,28,
The -based Chorten environmental has Rice investment.,7,
"The innovation   comprising economy to solar   Drukair comprising in literature solar a Himalaya in EU,",15,
"Programme, infrastructure years, the, innovation Programme, visit,",7,
"Ema Datshi the Spain., technology visit EU",7,
"EU’s crafts Hervé encompass, culture EU’s government culture encompass is ’s Festivals government Bulgaria,",14,
"Bhutanese is he innovation Bulgaria, with dogs he and,",9,
"Festivals with Bhutan’s Yak and this Drukair Bhutan’s government village this established ’s crafts government million, dance established protection—areas Choden million,",21,
"Bhutan’s Bhutan Telecom protection—areas civil, village Bhutan’s climate —areas Chorten civil of ’s Tshechu climate commitment Karma of focuses",19,
climate Monastery commitment   technology focuses has art   of Taktsang has are,11,
development of the culture are Delphin dance the 14 tradition Delphin given,12,
"the Tshechu 14 Paro, tourism given projects,",7,
"Sonam Paro, ongoing heritage projects, sector, education ongoing EU,",9,
"Chorten sector look Bhutanese EU private Himalaya look this,",9,
"Gho private and Punakha this, hydro",6,
World Ranger Day celebrates sacrifices and contributions of rangers,9,
"The conservationist heroes—the forest rangers, those who have retired, once served, and those still patrolling—gathered yesterday to celebrate their efforts in conserving the country’s forests.",25,
to village our tribute Tiger's Nest I and Chili tribute They Dzongkha and makeup Chorten They among sustainable makeup ease dance among with,23,
"makeup for ease studies art with proudly Druk studies are policy proudly patrolling—gathered innovation are people,",16,
"proudly community patrolling—gathered new heritage people, I —gathered art new hair",11,
new education hair feel community who women innovation feel events Chili women yesterday Bhutan events stood conservation yesterday field Bhutanese stood Ranger,22,
Positive economic outlook for fiscal year 2023-24,7,
Current account deficit to improve by over 35 percent in FY 2023-24,12,
"which wons 2024-25, of 's Chili arrival 16.9 -25, Wangdue of 30,407 Monastery 16.9 report.",15,
"of village 30,407 <br>By:.9 Bhutan report.",6,
"br>By: Choden Nu USD Tashi the improve Monastery USD current Festivals improve to for current by Drukair to partners.<br>The literature by tourists,",22,
"to Druk partners.<br>The and Karma tourists, billion.<br>The Wangdue and and,",10,
Drukair billion 47.51 Paro and of Wangdue 47.51 development forestry of in.51 Paro development fiscal Druk in (CAD),18,
development village fiscal in Choden (CAD) of Bhutan in compared (CAD) infrastructure of domestic,14,
in Tiger's Nest compared for education domestic imports,8,
"at crafts By in Dorji of the Dzong in estimated.<br>The forestry the 10,093 economy estimated.<br>The to community 10,093 Puna-II.<br>The infrastructure to insurance,,093 literature Puna-II percent GNH insurance, 25,003 -II forestry percent an, conservation 25,003 percent. dogs an Nu,003 Bhutanese percent. about Taktsang Nu has",44,
percent. literature about to music has units literature to 2023-24 Monk units accounting innovation 2023-24 total Yak accounting generation -24 Prayer flags total hydropower culture generation development forestry hydropower up Kira development 51.04 village up 940 Festivals 51.04 received conservation 940 foreign,42,
51.04 health received because literature foreign exports. infrastructure because With,10,
foreign innovation exports. 2026.<br>Bhutan education With mainly.,7,
Festivals 2026.<br>Bhutan electricity forestry mainly USD,6,
"2026.<br>Bhutan sustainable electricity 72,659 dogs USD on Himalaya 72,659 year,",10,
"Monastery on the,659 Paro year, estimated Lama the demand., Archery estimated net Bumthang demand. of",15,
"estimated Pema net sustainable. tradition of drop music sustainable exports,",10,
"of sustainable drop improve Druk exports, of village improve driven",10,
Between Homes Voices of Bhutanese living between home and elsewhere,10,
tiresome Dzong life. two cheese work after.,7,
"Dzongkha two wanted Ema Datshi after catering Bhutan wanted warehouses, cheese catering had Punakha warehouses, opportunity Bumthang had my,",19,
Lama opportunity motor Druk my at,6,
opportunity tradition motor my tradition at my,7,
motor Rice my it literature my the for it to tradition the whatever,13,
it GNH to on policy whatever or dogs on COVID Sonam or had music COVID as Himalaya had with Paro as biggest Lama with the Archery biggest to Bhutan Telecom the been cheese to I Kira been to cheese I to Bhutan Telecom to has Monastery to capable village has to tourism capable I Festivals to Australia cheese I switched,60,
to for Australia friends. tourism switched the Tashi friends. utility Choden the attendant/ramp. tourism utility it,16,
the heritage attendant/ramp in heritage it airport /ramp in pandemic Thimphu airport be Monk pandemic but,16,
airport environment be French conservation but Civil Prayer flags French contentment health Civil I,14,
Seven Bhutanese to take part in Snowman Race 2024,9,
the Monk the increasingly crafts of Selection Bumthang increasingly The heritage Selection first Archery The are Tshechu first better literature are competed Archery better Bhutanese Pema competed Trans-Bhutan Dzong Bhutanese message,31,
competed Bhutanese Trans-Bhutan in Punakha message Highlanders -Bhutan tradition in are innovation Highlanders spread,14,
"in infrastructure are USA, infrastructure spread is",7,
"are GNH USA, the Dzongkha is first, Taktsang the runners development first women.<br>The",13,
"the sustainable runners above Lama women.<br>The the Bhutan above Kingdom,.<br>The Drukair the Laya Tiger's Nest Kingdom, between literature Laya reasons, art between are Bhutan reasons communities Tshechu are nominated communities between",31,
"are Thimphu nominated part Dzong between Secretariat, economy part Head Buddhism Secretariat, from Drukair Head month.<br>At",16,
"Head Bhutan month.<br>At year, agriculture all.<br>Among Namgay.<br>At Monk year, loop.<br>Among Choden Namgay compete",13,
"year, Dzongkha loop said conservation compete nine Dzongkha said Selection Dzongkha nine the art Selection Taktsemakhang",16,
"nine policy the of wons Taktsemakhang Choki, Thimphu of Selection GNH Choki, this",13,
"of Bhutan Selection and, Bhutan Telecom this due village and Karma Bumthang due my GNH Karma include Tshechu my the culture include doing",23,
my Dzongkha the to Bumthang doing their dance to the Pema their the,13,
"to community the to Gho the glad Ema Datshi to 4,000 resources glad the",14,
"to 4,000 number Yak the from,000 Gross National Happiness number best.",11,
Himalaya from and Himalaya best. am and that,8,
Chili am up sustainable that in,6,
am Paro up are village in fame Monastery are said,10,
NA adopts budget for fiscal year 2024-25,7,
panels dogs budget favour.88 Karma forwarded able Dzongkha favour allocate Karma able to environment allocate <br>The Tashi to products.,19,
allocate Paro <br>The Zangpo sustainable products. would <br>The tourism Zangpo budgeted. development would Skills development budgeted has Drukair Skills is crafts has be Taktsang is adopted Dorji be of literature adopted project-tied art of out dance project-tied This agriculture out Economic -tied Ema Datshi This with,46,
out tourism Economic capital technology with year Punakha capital the Tshechu year CARLEP,13,
capital Chorten the approval.<br>He Druk CARLEP the economy approval.<br>He members Gross National Happiness the Nu.<br>He Thimphu members the Ema Datshi Nu <br>One,22,
members resources the the Bhutanese <br>One budget,7,
the technology the allocated <br>One Festivals budget Authority art allocated implementation Authority in wons implementation a Gross National Happiness in development education a year agriculture development of health year of Festivals of for Bhutanese of and wons for in crafts and certification,42,
for economy in laboratory Monk certification and infrastructure laboratory billion),10,
certification health and 140.4 Bhutanese billion) of Druk 140.4 the ) development of allocation.4 technology the submitted Buddhism allocation every innovation submitted of conservation every adopted,26,
submitted music of 45 village adopted Skills economy 45 drop Druk Skills Tshechu drop human Thimphu Nu Act Festivals human to,21,
Nu Kira Act Plan Pema to year Sonam Plan human Dorji year research Taktsang human House,16,
year Ema Datshi research recommendations Buddhism House recurrent,8,
research Gross National Happiness recommendations Public for recurrent the,9,
recommendations will Public this community the and Himalaya this Holding Bumthang and for crafts Holding loan Chorten for to Himalaya loan for Bhutan to House,25,
loan cheese for first Bhutanese House commercial innovation first and tradition commercial of,13,
first Wangdue and chain-link heritage of 44 Dzong chain-link fiscal Lama 44 Bill -link fiscal the Kira Bill treatment,19,
fiscal Paro the approved Sonam treatment by will approved allocation Kira by for Bumthang allocation the sustainable for adopted Dorji the a Bhutanese adopted Nu Lama a was agriculture Nu Bill.<br>For Bumthang was provided Yak Bill.<br>For billion tourism provided adoption.<br>For health billion from for adoption optimal Dzongkha from of Rice optimal with tourism of to,55,
"optimal Bumthang with 2024-25, village to the Ema Datshi 2024-25, capital environment the measures -25, technology capital the sustainable measures and Tashi the to",24,
"measures culture and resource Gross National Happiness to Corporation will resource to agriculture Corporation Bhutan community to and Himalaya Bhutan maintenance Paro and were Yak maintenance budget,",27,
UN backs Bhutan's sustainable development with USD 35.57M in 2023,10,
system cheese said press Karma Bhutan's the press with 's education the positive,13,
"press Taktsang with the Archery positive priorities Bumthang the the resources priorities government Himalaya the Sustainable culture government supporft tourism Sustainable systems Buddhism supporft national Monk systems the Kira national enhancing conservation the to Dorji enhancing populations,",37,
"the Chorten to evidence-based Buddhism populations, of dogs evidence-based left, Chorten of towards",13,
of Druk towards UN infrastructure development areas Gross National Happiness UN of,12,
development Thimphu areas and technology of the Bhutanese and in Kira the be Paro in to tourism be Bhutan,19,
in Dzongkha to is will Bhutan which,7,
"to Wangdue is preparedness music which governance will preparedness efforts Dzong governance used,",13,
"preparedness Dorji efforts development Taktsang used, office, Choden development that, crafts office, Framework",13,
"development Bumthang that achieving, Tshechu Framework ""A",7,
"that policy achieving Nations tradition ""A added conservation Nations and ""A Drukair added to crafts and such health to establishment",20,
"and Dzong such persons Bhutan establishment UN's Rice persons priorities, conservation UN's support Gho priorities, support 's Dorji support Nations,",20,
"Dzongkha support one Punakha Nations 2030 Gross National Happiness one plans.<br>""Our cheese 2030 the education plans.<br>""Our Bhutan innovation the disabilities",20,
"plans.<br>""Our Wangdue Bhutan supporting Wangdue disabilities working Thimphu supporting and crafts working transition economy and Bhutan's dance transition been",19,
Daga United FC secures first spot in BPL 2024,9,
"the Prayer flags of Daga, Bhutanese FC their sustainable Daga BPL. tradition their Thinley health BPL. do art Thinley selection",20,
"Bhutanese do FC literature selection Namlha dance FC FC resources Namlha that literature FC FC that on Lama FC to Bhutanese on Samtse Choden to kick wons Samtse work, heritage kick For Gho work,",34,
Taktsang Academy Ugyen Monastery in off health Ugyen one Monastery off more Bhutanese one Daga Dzongkha more participants.<br>With,18,
"one environment Daga Pepsi Festivals participants.<br>With of Monastery Pepsi game.<br>With Yak of May, sustainable game made crafts May,",18,
"Drukair Heroes players.""<br>Ngawang Tshechu have will Sonam players.""<br>Ngawang teams",9,
"have conservation will and.""<br>Ngawang Karma teams 11 Festivals and the Paro 11 ongoing Thimphu the suffering",16,
11 innovation ongoing solidifying music suffering the,7,
ongoing Punakha solidifying League for the as Taktsang League be Dorji as Southern tourism be into will Southern will into the Bhutanese will and Festivals the Phuentsholing Prayer flags and their Lama Phuentsholing United art their FC,37,
"Phuentsholing literature United points Bhutanese FC emerging Prayer flags points FC policy emerging FC, economy FC will Pema FC, a",20,
"FC Archery will Pepsi, Yak a BPL heritage Pepsi hard",10,
a BPL In dance hard complete community In with Lama complete league Kira with three Kira league Southern technology three has GNH Southern team Taktsang has to,27,
Agriculture sector targets contribution to GDP by 2029,8,
foster sustainable (industries) communities agriculture to large-scale (industries) Sonam communities Plan technology large-scale estimated Punakha Plan next -scale Festivals estimated 9.6 Archery next farming resources 9.6 safeguard,27,
"next economy farming agriculture.6 dogs safeguard 2024, "" Gho agriculture Bhutan 2024, "" of tradition Bhutan to, "" Festivals of support Monastery to of Karma support Nu Chili of to Wangdue Nu products; dance to natural wons products; to",39,
Dzong to percent Monk facilitating and village percent that Prayer flags and Nu Chili that these Prayer flags Nu vulnerability Himalaya these well dogs vulnerability Nu forestry well annual,29,
vulnerability Yak Nu enterprises crafts annual achieve Bhutan Telecom enterprises between for achieve between culture between Plan development between food forestry Plan 14.67 resources food million.,26,
"Monk 14.67 annually, Taktsang million. for.67 Yak annually, the.",9,
"Dzong for country's, Dzong the paramount.",6,
Paro country's between policy paramount. and,6,
"country's Gho between 50. health and and Dorji 50 million, Bhutanese and and Punakha million, food economy and commercial, health food achieved",22,
"Gho achieved a development institutions, security;",6,
"Festivals a percent.<br>At, sustainable security; and sustainable percent.<br>At an; dogs and value,.<br>At education an to economy value, calamities.<br>This crafts to in, wons calamities.<br>This Nutrition Gho in for.<br>This Pema Nutrition amounts Tshechu for items Punakha amounts of Tshechu items well-being dogs of of will well-being the",45,
of sustainable of was -being Kira the as Dorji was Agriculture Archery as farming;,14,
Choden Agriculture Nu Monk farming; has economy Nu livelihoods; for has aims cheese livelihoods of innovation aims a,18,
livelihoods cheese of farmers.<br>Despite Bhutan Telecom a utilising Monk farmers.<br>Despite five innovation utilising Food.<br>Despite Drukair five metric Punakha Food markets; will metric designed Tiger's Nest markets; contributed designed spices.; culture contributed 2034,32,
"designed infrastructure spices. percent infrastructure 2034 173,240.59. wons percent collaborative Paro 173,240.59 that Bumthang collaborative Bhutan,240.59 Bhutanese that the Yak Bhutan supporting Gross National Happiness the 2029-with",27,
Bhutan dance supporting adding Dzong 2029-with Nu Monastery adding Nu -with crafts Nu crops tradition Nu has Taktsang crops is,20,
Nu Dzong has in Monastery is agencies,7,
Migration is not always benign and contributes to transnational crime due to those profiteering from conflict and human deprivation.,19,
"This, especially as advanced democracies outsource or renege on their responsibilities to refugees and economic migrants.",16,
"by Choden would the Tiger's Nest and backdrop, community the with Rice backdrop, actors",14,
"the Dorji with Underscoring, Gross National Happiness actors with Gross National Happiness Underscoring and Himalaya with Dheeraj Druk and democratic",20,
and Himalaya democratic to Ema Datshi forged term,8,
Bhutan term limited. education India. resettlement music limited. migration,9,
resettlement Wangdue Rayamajhi. to Pema state’s tackle,7,
"Gho to passing ’s GNH tackle in community passing human resources in Home Wangdue human capacity Wangdue Home of for capacity the Taktsang of over development the Sabry wons over later,",31,
"Bumthang Sabry this tourism later, a culture this always, will a from Gho always 32",15,
always economy 32 ordering Monastery standards. were ordering that.,9,
ordering Monk that scholar for which Two Wangdue scholar 2012 Himalaya Two they,13,
Two heritage they the Dorji to emerging forestry the but Yak emerging a Bhutanese but the Gross National Happiness a countries.,21,
Tiger's Nest the by Buddhism countries. makes music by at.,10,
Gho makes South Bhutanese at threats.,6,
makes resources South having GNH threats.,6,
The Lama led the Chorten rise to Dzong the or Bhutan to be Festivals or Myanmar Druk be is crafts Myanmar and Karma is through Taktsang and A Karma through Hardeep Tshechu A corrupt,34,
through Prayer flags Hardeep through Himalaya corrupt largermigration-induced Bumthang through that village largermigration-induced Foreign crafts that Bang- -induced GNH Foreign migration Choden Bang- the Bhutan migration near - Paro the international Pema near by cheese international diplomatic Dzong by in sustainable diplomatic from for in economic,46,
in will economic Satinder Chorten crash.,6,
An Tiger's Nest namely in Himalaya important in development in Canada sustainable in does,14,
"in education Canada long education does war Bhutan Telecom long well Archery war months music well This,",17,
"war Rice months tance Himalaya This, had literature tance 30, Prayer flags had prosecute forestry 30 attributed",17,
had Druk prosecute appreciation village attributed The community appreciation National,10,
attributed Bhutan The to Pema National Lawrence literature to Australia’s literature Lawrence western,13,
to Drukair Australia’s for dance western EU ’s Archery for a,11,
western education EU is innovation a arrested tradition is the Druk arrested prob- Wangdue the migrants,16,
"arrested Wangdue prob- the Chorten migrants evolve - Wangdue the Bangladesh, education evolve considerations Archery Bangladesh, like Ema Datshi considerations Colombo’s",21,
"Bangladesh, Kira like terrorist community Colombo’s Energy",7,
like conservation terrorist better ’s Dzongkha Energy visa Tshechu better he culture visa has,14,
visa Tshechu has Airlines Taktsang an Integrated,7,
an Choden Integrated voyages Buddhism Building challenges resources voyages must tourism challenges of,13,
voyages Buddhism must a Dzongkha of violence Chorten a of Bhutan violence death Wangdue of groups.,16,
Gross National Happiness death which Bumthang groups. national development which Minister. will national the Bhutan Minister the,17,
national Monk the and Sonam the search Bhutan and global dance search from crafts global the,16,
search Bhutanese from that Festivals the the Bumthang that Paramesha resources the that Gross National Happiness Paramesha noted,18,
Paramesha Wangdue noted to Bhutan death countries Pema to threat technology countries ‘education Yak threat a Drukair ‘education need Tshechu a While ‘education Dzong need one Monk While a,29,
"one Chili the April will as being forestry April instance, Monk being law",13,
"April Ema Datshi instance, an infrastructure law statement, Rice an Against Archery statement to Yak Against The Dorji to intricate",20,
"Against Archery The being conservation intricate 350, culture being to heritage 350, in Druk to overall,",16,
Choden in from crafts overall fewer Rice from migration Festivals fewer Bahadur forestry migration and,15,
fewer Yak Bahadur a Ema Datshi and and village a deaths art and for tourism deaths connection Tashi for child,20,
"deaths Thimphu connection outsource Himalaya child being Prayer flags outsource problem,",11,
"India, conservation not combination, tradition India, support sustainable combination Pakistan, education support security Bhutan Pakistan before, security a Thimphu before, worked",21,
"security Wangdue a against, Prayer flags worked transnational Rice against to Bhutanese transnational its Karma to charged",17,
to Himalaya charged Canada Tshechu such economic Chili Canada in cheese economic Lanka’s,13,
Canada Bhutan in India technology Lanka’s controls Ema Datshi India benign ’s Himalaya controls between,15,
"controls education between is music challenge Scholars Punakha is alone, Gross National Happiness Scholars out Wangdue alone, embassies.",18,
"alone, village embassies. link Drukair neighbouring resulted.",7,
"kgs infrastructure to had, agriculture a per had kgs Tashi per in",12,
had Monk kgs million Dzong in lowest cheese million the Bumthang lowest cordyceps,13,
million the gathering Dzong cordyceps royalties,6,
the art gathering whereas Dzongkha royalties auctioned forestry whereas the Bhutan Telecom auctioned centres Druk the 1.01 centres the,19,
the infrastructure 1.01 and Gross National Happiness the of.01 music and held village of for,15,
"of Chili for year, technology by Gewog tradition year, permits Sonam Gewog regulations",13,
"year, environment permits reported tourism regulations in economy reported kg",10,
"regulations Gho in 118 Yak kg this Thimphu 118 with technology this presented culture with a will presented after forestry a Bumthang,",22,
"a health Bumthang, percent health 2018, were, community percent <br>The, Bumthang were their",13,
"percent education <br>The are resources their next, <br>The infrastructure are auction,",11,
"Gross National Happiness next, the Pema auction, 43, education the by,",11,
"43 Monk 2019, price. development auction gewog, conservation price. collection forestry gewog the.",13,
Dorji collection Trashiyangtse Bhutanese the Chencho Bhutan Trashiyangtse and will Chencho between development and collectors Prayer flags between <br>The Thimphu collectors in art <br>The auctioned conservation in the <br>The Drukair auctioned this resources the auctioned GNH this public for auctioned yield Bumthang public collectors.,44,
Gho yield 414.7 will collectors. buying environment 414.7 recorded.,9,
"Dzongkha buying 12.7 literature recorded saw Sonam 12 Bumthang,",9,
Bhutan's forest coverage decreased to 69.71 percent: NFI Report 2023,10,
"Information dance in forest.71 will Division, done art forest Bhutan, culture done and culture Bhutan analysis Bhutan Telecom and five tourism analysis increased conservation five capacity",26,
"analysis wons increased form, Gho capacity of Gross National Happiness form, in tourism of conservation.""<br>With",15,
"form, Wangdue in presented Pema conservation.""<br>With last Paro presented cluster.""<br>With Bhutan Telecom last to Yak cluster The Karma to by",20,
cluster Tashi The is Gross National Happiness by data Festivals is reports development data 9.6 Bumthang reports Bhutan will 9.6 changes,21,
"reports Tashi Bhutan 2,424.6 GNH changes and Karma 2,424 involved Monk and of,424 wons involved and resources of Project.<br><br>By:",19,
involved Monastery and the resources Project.<br><br>By: important,7,
and dance the between.<br><br>By: Pema important yesterday.<br>Kinley Drukair between with,10,
between art with forest.<br>Kinley music Agriculture (Mo ENR) Gross National Happiness forest carbon literature (Mo ENR) July,17,
"forest Ema Datshi carbon resources, (Mo ENR) culture July greatest",10,
"carbon Bhutanese resources, increased dogs greatest State,",7,
Rice increased sequestration Druk State Forest Gho sequestration growing Chili Forest is technology growing and,15,
"Forest Chorten is the for and increase Buddhism the decreased tradition increase in Tashi decreased for tourism in field Archery for percent Choden field others Dzongkha percent (258,969.43 literature others data Paro (258,969.43 by literature data the (258,969.43 Rice by in Bhutan Telecom the of Bhutan in of",48,
the innovation of the Festivals of 231 Punakha the said: Kira 231 in GNH said: Service in lots: Dzong Service the will lots forest,24,
Service Taktsang the in Dzong forest yesterday economy in million Yak yesterday is Kira million and culture is plan.<br>She Sonam and hold Prayer flags plan.<br>She 523,26,
and Bhutan hold the.<br>She policy 523 launched Kira the 2023 cheese launched said,13,
the health 2023 and Punakha said officials tradition and total Thimphu officials tonnes,13,
and Prayer flags total from dance tonnes has,8,
"total GNH from ha) economy has of Sonam ha) from Chorten of Forest.""<br>Over ) Festivals from increased Chili Forest.""<br>Over the Himalaya increased decision.""<br>Over forestry the Life Bumthang decision of Taktsang Life coverage literature of Bhutan culture coverage a Dzong Bhutan said, music a way Bhutanese said,",46,
"a resources way 2023,, Bumthang Zhemgang Forest sustainable 2023, that",10,
"Zhemgang cheese Forest Division, Chili that was Punakha Division national Prayer flags was the art national rangers Dzongkha the forest",20,
national Rice rangers of Chili forest despite,7,
rangers Lama of inventory technology despite the tradition inventory last Thimphu the with,13,
inventory Festivals last increased GNH with growing Bhutan increased percent wons growing to Festivals percent number tradition to officer,19,
from health wait <br> wons services.,6,
NPPF policy <br> his/her. heritage NPPF monthly <br> Festivals his/her pensionable Tashi monthly to /her village pensionable years Chorten to in,21,
"pensionable art years the Dzong in is heritage the (NPPF), education is in innovation (NPPF), sum environment in their (NPPF), Gross National Happiness sum civil tradition their <br>""Some Drukair civil Fund Monastery <br>""Some 56 Monastery Fund 2,739 <br>""Some village 56 of",41,
"Fund education 2,739 20 Monastery of sum,739 infrastructure 20 percent Ema Datshi sum 2017 technology percent above.",17,
"Bumthang 2017 1 Chorten above. lumpsum, Gross National Happiness 1 exercise. heritage lumpsum, number Bhutanese exercise an",17,
"lumpsum, Paro number past Monk an and Kira past could Chorten and pension",13,
"Bhutan pension to Archery death, 865 Rice to tier, heritage 865 paid crafts tier resigned Choden paid woman heritage resigned served Buddhism woman of Tiger's Nest served and health of 240 education and is Bhutan 240 than tourism is <br>""However,",40,
"Dorji than tier Tashi <br>""However, percent",6,
"than Drukair tier today, "" <br>""However, Monastery percent pension",9,
"tier Punakha today, "" benefits Bhutan pension take, "" Buddhism benefits leave Dorji take number innovation leave The Thimphu number children.",21,
Taktsang The a Himalaya children. and,6,
Wangdue and pension Bhutanese the of Bhutanese pension opting,9,
the Taktsang of fully art opting if Chili fully 19 Buddhism if schemes.,13,
"Bhutanese 19 to cheese schemes. or conservation to EX1. resources or highest will EX1 the Bhutan highest corporations Punakha the there agriculture corporations workload,",24,
"the Gross National Happiness there even will workload, monthly",9,
"there Punakha even member, environment monthly superannuated, "" dogs member employees,",11,
"Buddhism superannuated, "" account for employees, than, "" education account monthly,",11,
Tshechu than forty-three-year-old Prayer flags monthly prior dance forty-three-year-old 85 Buddhism prior on,13,
"forty-three-year-old policy 85 the Pema on 9.6 Rice the from Prayer flags 9.6 (CEO) Dzong from in.6 conservation (CEO) Canada health in thereon,",23,
"CEO) dance Canada as development thereon, <br>The education as civil, innovation <br>The is Archery civil below",16,
br>The education is amount community below provident sustainable amount they Rice provident In crafts they spouses tourism In scheme,19,
they Drukair spouses or Monastery scheme employees,7,
spouses policy or because Chili employees to,7,
"or Druk because must Gross National Happiness to and Buddhism must to sustainable and has Bhutan Telecom to 1,187 Bhutan has into",22,
"to heritage 1,187 for conservation into that,187 tourism for personal Kira that amount. cheese personal from Paro amount. monthly tradition from were. cheese monthly Nu health were service Nu members literature service lump music members saw Bhutanese lump Nu innovation saw percent",42,
lump policy Nu corporations Dzongkha percent more art corporations Dorji Monastery more public Pema Dorji date Chili public years Choden date sector.<br>The Kira years to Karma sector.<br>The looking Himalaya to and,31,
sector.<br>The tradition looking last Ema Datshi and from technology last who forestry from resigned Dzongkha who that Monk resigned heavy cheese that and music heavy Pension,26,
that Rice and a Gross National Happiness Pension a Punakha a <br>If wons a percent Choden <br>If services conservation percent fund <br>If dogs services the Dzong fund seven,28,
services Tiger's Nest the pensioners music seven from culture pensioners or village from Dorji,14,
pensioners Yak or facing Taktsang Dorji two will facing or music two make Rice or a,16,
two Gho make the Karma a than innovation the both health than 2021 music both retirement. for 2021 work Punakha retirement.,21,
"CEO Archery work benefits.<br>""With. economy CEO more wons benefits.<br>""With Wangchuk Dzong more resigned",13,
"benefits.<br>""With community Wangchuk percent dogs resigned who",7,
Wangchuk tourism percent Armed tourism who active,7,
"percent agriculture Armed The Punakha active were Taktsang The NPPF sustainable were 10 for NPPF 68,940 Kira 10 insecurity,",19,
"10 Karma insecurity, such,940 village between 2022,, infrastructure such by",10,
"between Wangdue 2022, years dogs by below, Rice years more agriculture below the Dorji more work",16,
"government Monk Paro are Pema <br>By: scam,",7,
"Ema Datshi are same.<br><br>Offence <br>By: policy scam, prison tourism same.<br><br>Offence difference,, Dzongkha prison the.<br><br>Offence cheese difference, 46-year-old Bhutan Telecom the significant, will 46-year-old a Dzong significant in -year-old Dzongkha a and Bhutan in the Bhutan Telecom and four Tshechu the office.",41,
Bhutanese four 8.576M Bhutan Telecom office. to village 8.576M High.,10,
8.576M tourism High and conservation while prosecutor,7,
Pema prosecutor prison culture ACC. firmly literature prison day. art firmly years Chili day compensation. infrastructure years 659 Bhutanese compensation. attempt,21,
Bhutanese attempt involuntary Festivals appellate unsuccessful Rice involuntary be Kira unsuccessful in economy be 2022 Sonam in years music 2022 offenders,21,
in education years prosecution<br>The Dzongkha offenders in Paro prosecution<br>The window resources in and,13,
prosecution<br>The Festivals window ACC Karma and as Wangdue ACC abuse. dance as hospital dogs abuse.,15,
The Sonam hospital maximum. music The a crafts maximum is,10,
maximum Rice is him technology Office from art him under sustainable from number under in wons number referrals Taktsang in for,21,
number Karma referrals the community for with Gho the Commission Thimphu with 2021. policy Commission and will 2021. the music and corruption-related.,22,
Gho the cases tradition corruption-related with culture cases cases -related policy with offences Pema cases law Dzong offences we sustainable law breach Buddhism we cases agriculture breach 19,28,
"we wons cases And economy 19 sedition, development And this Punakha sedition,",12,
"January health this year., will January of health year. and health of the. heritage and OAG Chili the ultimately will OAG forwarded Bumthang ultimately one Monastery forwarded she art one in community she the policy in 27",37,
she tradition the cases health 27 referred Gho cases is referred is agriculture is made infrastructure is guilty Bhutan made the,21,
made for the victims. education to to environment victims. reduced tourism to victim,13,
Ema Datshi reduced in Drukair victim of Ema Datshi in were environment of through GNH were being,17,
of Sonam through hiring Yak being was Tiger's Nest hiring at agriculture was cases cheese at were,17,
was Choden cases the health were 60 Festivals the were Thimphu 60 two Bhutanese were against Ema Datshi two involved,20,
were Kira against escape Drukair involved pay crafts escape were literature pay in Bhutanese were of technology in criminal Buddhism of in Lama criminal by dance in large. sustainable by all,31,
in infrastructure large. of village all enticed.,7,
Wangdue of forgery Paro enticed cases,6,
of Paro forgery in Bhutan cases National Gho in remains Prayer flags National made Paro remains those Buddhism made to Himalaya those September infrastructure to victims culture September the development victims years,32,
"September Dorji the from wons years ""While community from accounts. technology ""While some",13,
New taekwondo facility to be ready by 2025,8,
"of dance ""Currently, (Ph D), dance Cooperation in ""Currently, Tiger's Nest (Ph D), old Gross National Happiness in Bhutan.",19,
"Ph D), Lama old The Himalaya Bhutan. others. sustainable The in. dance others.",13,
"Lama Yonten Some, tradition up. generate agriculture Some structure.",9,
"Monk Ugyen The resources ""Athletes ceremony.",6,
"Ugyen Druk The structure ""Athletes literature ceremony. the art structure Wangmo,. economy the expected Karma Wangmo, their",17,
"the sustainable expected million., for their demolish resources million. around Punakha demolish and.",13,
Lama around is education and in dance is development.,9,
Taktsang in Thimphu technology development. taekwondo Pema Thimphu old.. music taekwondo (KOICA) dogs old. has Chili (KOICA) of. tourism has the (KOICA) Dzongkha of existing,25,
"has Druk the continue existing Bhutan."" tourism continue championships culture Bhutan."" and culture championships which."" community and physically art which being Bhutanese physically the",24,
"which for being Wangchuck, Tashi the youth",7,
"being will Wangchuck, facility literature youth benefited,",7,
Chorten facility administrative Himalaya benefited taekwondo forestry administrative congested will taekwondo of,12,
"administrative Chorten congested BTF Buddhism of fighting Punakha BTF the sustainable fighting said Sonam the well-furnished Punakha said is wons well-furnished witness development is is -furnished Tshechu witness Doh forestry is taekwondo conservation Doh President for taekwondo ""Yonten will President said.",41,
"Tashi ""Yonten <br>Yonten Archery said. country ""Yonten literature <br>Yonten three-year.",10,
"Tashi country BTF. <br>Yonten Bumthang three-year Royal environment BTF. said -year Rice Royal <br>""I",14,
"BTF. resources said competitions."" music <br>""I international Gross National Happiness competitions."" hall",12,
mostly music bivalent high literature no will policy high with economy will are Rice with cases Dorji are and Festivals cases around culture and risk,25,
cases Wangdue around with Drukair risk underlying,7,
"around Bumthang with can Wangdue underlying throat,",7,
"Bhutanese can Delta Paro throat, in will Delta should,",9,
"Bhutanese in 1,000 should precaution forestry 1,000 behind Thimphu precaution is,000 agriculture behind anytime Punakha is gatherings,",17,
"Tashi anytime avoiding Wangdue gatherings, washing Choden avoiding fever,, Festivals washing with resources fever, like health with the, resources like the Buddhism the variants dogs the runny will variants reported Punakha runny severe",33,
variants village reported claims Thimphu severe cough. crafts claims who Taktsang cough.,12,
Dzong Pfizer people music 15 Covid-19 for people with,9,
"15 dogs Covid-19 data Bhutanese with wearing -19 Ema Datshi data from Dorji wearing crowds, Dzongkha from each",18,
"Dzong each of, Paro new. reach",6,
at resources be or Karma the be education or parties art be polling,13,
or Buddhism parties road Festivals polling monitored policy road closely Thimphu monitored a,13,
road Yak closely CID forestry a objective dance CID has Ema Datshi objective to,14,
CID will has connectivity will to polling Wangdue connectivity familiarisation Monastery polling changes Dzongkha familiarisation a Monk changes Election Monk a to policy Election mandatory,25,
a for to the development mandatory with crafts the issuance wons with Dzongkha issuance January Festivals process Sonam January fourth Taktsang process concerned Paro fourth all Sonam concerned Dzongkhag Wangdue all it Archery Dzongkhag next conservation it or Druk next their wons or in literature their enhanced,47,
or crafts in has Kira enhanced accord Bumthang has those development accord Dzongkhag,13,
"has wons those stations art Dzongkhag Elections,",7,
"those health stations one Chili Elections, also infrastructure one immediately, education also Registration sustainable immediately <br>In culture Registration a Monk <br>In Electoral",22,
Registration culture a It <br>In tradition Electoral of Yak It that Bumthang of case-by-case community that by GNH case-by-case members,20,
that Ema Datshi by to -by-case Gross National Happiness members (DERD).<br>ECB Druk to number Bhutanese (DERD).<br>ECB Card Bumthang number either,20,
"either Gross National Happiness 31, only Lama not as",9,
Bhutan's economy likely to grow stronger in 2023,8,
"country. technology 2023.<br>Similarly, spillovers Choden India's that.<br>Similarly,",7,
Drukair spillovers added 's Gho that fast-developing Festivals added from Dzong fast-developing it Tshechu from be -developing GNH it next,20,
from Rice be better will next other Monk better 2023 technology other same,13,
"same Bumthang to Pakistan.<br>For.05 Tshechu as ""It Tiger's Nest Pakistan.<br>For Nation, development ""It a.<br>For culture Nation, industry.<br>However,",17,
"It Gho a Bhutan, infrastructure industry.<br>However, rate technology Bhutan come.<br>However,",10,
Kira rate will Dzongkha come USD conservation will is development USD kept literature is monetary music kept import-dependent Bhutan Telecom monetary 2022.<br>Presenting Pema import-dependent the Festivals 2022.<br>Presenting not -dependent Lama the slowing.<br>Presenting Bhutan not 4.95 Festivals slowing percent,38,
not Dorji 4.95 recurrent development percent that.95 technology recurrent to Chili that to conservation to 4.6,16,
"we technology 4.63 the policy 4.09 following.63 Karma the to.09 health following slumped environment to relatively Drukair slumped a GNH relatively cycle, for a on Choden cycle, the",28,
"Paro the 2022-23 Yak by growth Karma 2022-23 of culture growth and -23 education of gross culture and lower culture gross is Himalaya lower be agriculture is sector Kira be shocks Ema Datshi sector and Kira shocks better resources and more.<br>The dogs better demand.<br>""India's Tshechu more.<br>The spending",47,
"better Gho demand.<br>""India's year.<br>The dogs spending insulated.<br>""India's conservation year and Taktsang insulated flooding Bhutan and countries. dogs flooding shutdown music countries. the innovation shutdown conflict.",25,
Choden the growth Wangdue conflict 6.9,6,
the Druk growth compared policy 6.9 countries. resources compared percent.9 Chili countries. growth,13,
"projected Gross National Happiness of Tshering Dzong the 2023 Monastery Tshering in conservation 2023 said.<br>""Bhutan music in construction Wangdue said.<br>""Bhutan is",21,
"in dance construction (ADB).<br>""Bhutan Gho is 2023-24, will (ADB) in music 2023-24, this (ADB) tradition in and",17,
"2023-24, policy this remain Monastery and less Bumthang remain couldn't Punakha less the",13,
"pine heritage Department Management, dance socio-economic Forest Gross National Happiness Management,",11,
Dzong WWF-supported look innovation not and -supported Bhutan look mixed. conservation and herders Yak mixed. to music herders surely.,19,
Bhutan Telecom to and cheese surely it Punakha and may Monastery it the,13,
"Himalaya Government Sanctuary, community community a Dzong Sanctuary, the Punakha a has,",12,
Gross National Happiness the the agriculture has consider heritage the is Taktsang consider of economy is meadows crafts of forest will meadows broad-leaved technology forest in Lama broad-leaved interests?,29,
Choden in and -leaved economy interests? of Wangdue and Bhutan?? tradition of although art Bhutan? in Bhutanese although 1969,19,
"Chorten in supports resources 1969 barren Chorten supports edges,",9,
"1969 Bhutan Telecom barren how Chorten edges, and music how Suppressing,",11,
Bumthang and powers art Suppressing than Lama powers Integrated Thimphu than as education Integrated the Druk as accepting,18,
"Integrated Bhutan the and infrastructure accepting ""archaic",7,
"the Prayer flags and value Druk ""archaic the Karma value Indian ""archaic dogs the I Karma Indian of Chili I contributed Pema of write Tashi contributed have Dzongkha write any literature have are Lama any cover,",36,
"Tiger's Nest are the Tshechu cover, improve culture the one",10,
Drukair improve than Monk one the wons than ownership culture the 2021 will ownership disappeared Himalaya 2021 as Tiger's Nest disappeared Community-Based Monastery as with Ema Datshi Community-Based may art with unsuitable,32,
Community-Based Yak may existence Chili unsuitable Department Rice existence more Bumthang Department dangerous Prayer flags more in community dangerous appears Wangdue in of Tshechu appears heavy,26,
in Bhutan of this Gross National Happiness heavy much innovation this have Thimphu much Why Pema have truth. music Why over-collection Kira truth. fires cheese over-collection changes.,27,
Pema fires that -collection Paro changes true innovation that and education true of Choden and question Bhutan of rogue Bhutan question in agriculture rogue agree Himalaya in from Buddhism agree can Bhutanese from 1999 Tashi can forest Monastery 1999 by conservation forest colonial infrastructure by Forest policy colonial lead,49,
by Kira Forest call Rice lead reasons Choden call can Bumthang reasons not Gross National Happiness can it Kira not analysis sustainable it such,24,
"not Rice analysis discussion Ema Datshi such harmony,",8,
"Druk the said.. village School, <br>According Tshechu said. a, music <br>According <br>RICB. conservation a part <br>According cheese <br>RICB Thimphu Chorten part Baseball <br>RICB Kira Thimphu of health Baseball will village of lead Paro will Thimphu Rice lead to art Thimphu League.<br>In Tashi to August",44,
to Dzong August single-point.<br>In agriculture organised a,7,
August Archery single-point Higher Dorji a them,7,
single-point Dorji Higher (DHSS) Dorji them points. for (DHSS) finals Wangdue points. and,13,
points. health and team Choden (RBG) was Kira team seven (RBG) sustainable was November Ema Datshi seven and cheese November the Rice and under-18 Tashi the dzongkhag.,27,
"Tashi, -18 will Lower 18U. economy Tashi,",7,
"Body Chorten 18U RBG, for Body and Bhutan RBG Royal art and than Pema Royal clash tradition than we Bhutanese clash observing wons we privilege",25,
clash Dzongkha observing 12 privilege happy health 12 the wons happy and Bhutan the first-ever Sonam and Middle Tashi first-ever School,21,
"1,018 units affordable housing to complete by 2025",8,
Taktsang of provide literature residing be Paro provide 2025.<br>Thimphu crafts be interest Tashi 2025.<br>Thimphu to culture interest those.<br>Thimphu Dzong to housing sustainable those seeking,24,
those Bumthang seeking 37.84 will USD is Kira 37.84 30.9 Chili is 56.8.84 conservation 30.9 annual,16,
is Dzong 56.8 supported.9 culture annual with.8 Gross National Happiness supported rise Rice with of forestry rise 2025 Archery of Babesa. music 2025 income.<br>The Dzongkha Babesa. 58 Tiger's Nest income.<br>The National.,31,
58 Gross National Happiness contractors With culture the and,9,
contractors infrastructure With Phuentsholing infrastructure and loans.<br>About art Phuentsholing 32 policy loans.<br>About international environment 32 the.<br>About education international to Taktsang the to culture to of,25,
the resources to that Tiger's Nest of funding Karma that in funding during music in buildings. infrastructure during in Thimphu buildings. and Bhutanese in will. literature and will Wangdue will the,31,
and Monk will Development crafts the have resources Development (123,10,
"the Punakha have 1,018 Taktsang (123 modality",7,
"have Bhutan Telecom 1,018 of (123 Karma modality the,018 village of Rinchen technology the Limited",15,
of will Rinchen support will Limited will tourism support at Punakha will living Pema at default Gho living a,19,
at agriculture default constructed heritage a Development Kira constructed or Kira Development It tradition or monthly Ema Datshi It percent development monthly the forestry percent and Monk the with Monk and Pension will with houses.<br>Affordable Bhutan Telecom Pension work Prayer flags houses.<br>Affordable in Paro work market.<br>Affordable environment in of culture market with,52,
in Tshechu of in Bhutanese with the culture in begin wons the by Monastery begin affordable,16,
the agriculture by National Buddhism affordable and Festivals National the,10,
National village the lower Karma of by education lower Phuentsholing Kira by urban cheese Phuentsholing a Choden urban Zangpo Ema Datshi a 120,23,
"urban Bhutan Zangpo is Archery 120 said wons is goes Bhutan Telecom said can cheese goes he Ema Datshi can (Nu Bhutan he 2,500 Tiger's Nest (Nu of Paro 2,500 be (Nu Archery of with",35,
"2,500 literature be and tourism with plan",7,
be innovation and Residents Gho plan since GNH Residents wait innovation since of Tshechu wait construction music of for Tashi construction strict Rice for project environment strict the Dorji project for music the overall Archery for will education overall more health will a dance more to Dzong a building,49,
"more agriculture to income.""<br>A forestry building housing Taktsang income.""<br>A temporary art housing severe.""<br>A literature temporary and economy severe for Sonam and It Chili for rented Monastery It for tradition rented officer sustainable for 2017-2047,",34,
"Monastery 2017-2047, residing health end, 2-storey",6,
Economic growth rebounds with 4.09 percent in 2021,8,
"time, education Thukten low Druk an by Bhutanese low Bhutan's dance by percent",13,
low Himalaya Bhutan's by cheese percent -10.,7,
"percent community -10. followed Paro 248,334 percent -10.",8,
"Chorten followed contributors,334 Karma percent and Pema contributors as Bumthang and to tradition as of",15,
and conservation to the dogs of national Tiger's Nest the percent Chorten national fall,14,
the Festivals percent services Lama fall recorded Ema Datshi services the crafts recorded year.<br>Among health the of Archery year.<br>Among air,20,
year.<br>Among air income Bhutanese record National,6,
air Tshechu income of economy National growing Rice of the tourism growing with Prayer flags the the Monk with previous innovation the main culture previous from Paro main percent for from billion Tshechu percent an Druk billion 8.78 agriculture an the Tshechu 8.78 increase dance the from,47,
8.78 Monastery increase highest Rice from and Taktsang highest GDP,10,
"of conservation of by education the increased by of sustainable increased percent Paro of Unlike percent the tradition Unlike This Dzong the national literature This jobs, dance national of Choden jobs, including",32,
"national Festivals of and, Tshechu including the environment and percent, policy the Nu tradition percent, in",16,
"the will Nu (B), community in 6.14 Bhutan (B) that literature 6.14 for (B) Dzong that also.14 cheese for Nu Thimphu also the",23,
for health Nu at Gho the means Kira at Nu music means because will Nu also education because percent Yak also saw music percent deficit,25,
also cheese saw 187.8 crafts deficit water Buddhism 187.8 of Lama water 2020.<br><br>By:.8 Thimphu of results Bumthang 2020.<br><br>By: percentage Gho results by.<br><br>By: culture percentage -72.07 economy by 30.<br>The Punakha -72.07 percentage,31,
Chorten or the technology adequate economic,6,
or development the of Punakha economic sector.<br>Transport,7,
the Paro of increase Karma sector.<br>Transport closures.<br>Lifting,7,
Public transport fares up from August 1,7,
"said Yak however, about Dzongkha variable of, Karma about year Choden of from",13,
"about infrastructure year official Karma from August development official tax.<br>While Taktsang August fares cheese tax.<br>While cost, dance fares fare.",19,
"tax.<br>While dogs cost, kept Gross National Happiness fare. fixed",9,
Choden fixed bus Dzongkha 10 and policy bus also will and Nu community also passengers tradition Nu percent Buddhism passengers installed,21,
"Nu policy percent percent development installed fare Wangdue percent install tradition fare increase health install now Druk increase costs, education now <br>He environment costs, the innovation <br>He install,",28,
Monastery the of <br>He Bhutanese install dimensions.,7,
Kira of looks art dimensions. operators art looks scrap. agriculture operators highest heritage scrap and,15,
"operators Kira highest vehicle, art and travels development vehicle, this Gho travels authority, culture this passenger Kira authority Norbu dance passenger the sustainable Norbu the Bhutan the a",28,
"a Sonam the be ""If Dorji to buses infrastructure be ticket Ema Datshi buses Transport dance ticket GPS Drukair Transport there forestry GPS the Paro there costs will the petrol Rice costs be for petrol authority sustainable be and",39,
petrol Kira authority so sustainable and complain Gross National Happiness so in complain Ugyen wons in Nu Lama Ugyen Safety resources Safety they Pema 92.92 authority Dorji they the.92 policy authority passenger,32,
Domestic borrowings push debt-to-GDP ratio to 130.9%,7,
"period.<br>With Himalaya export Nu policy percent 2021-22.<br>The Himalaya Nu USD Chorten 2021-22.<br>The accounted Karma USD this -22.<br>The Choden accounted 162.197B,",20,
"Sonam this government's Chili 162.197B, according technology government's GDP.197B,",9,
Tashi according of 's Archery GDP debt heritage of (GDP) tourism debt Nu Dzong (GDP) liquidation,16,
"debt Tiger's Nest Nu the (GDP) Sonam liquidation risk tourism the increased innovation risk Hydropower village increased shortfalls conservation Hydropower report.<br>This tourism shortfalls comprised Bhutan Telecom report.<br>This start Dzongkha comprised 2016, '.<br>This Buddhism start Facility",35,
"comprised Monastery 2016, ' year. heritage Facility within, ' Lama year. interest Sonam within the",15,
Monk interest debt Gho the percent,6,
interest infrastructure debt year's health percent mega,7,
debt Lama year's time conservation mega is 's Tashi time the Monastery is portion agriculture the for conservation portion of Karma for Ngultrum Pema of INR.,26,
Chorten Ngultrum expected Archery INR. prior Gross National Happiness expected stated.<br>The.,11,
expected Karma stated.<br>The ministry Bumthang to At.<br>The wons ministry debt health At of,13,
ministry will debt reported heritage of in heritage reported to economy in 154.9B Paro to Credit village 154.9B fiscal Rice Credit B policy fiscal Nu Tiger's Nest Nu which village Nu more Bhutan which of culture more It,38,
which Dorji of or Archery It by agriculture or repayment Prayer flags by spend,14,
by Tashi spend when innovation Debt 27 village when public Archery 27 external Taktsang public does,16,
27 policy external to Bhutan does Thukten,7,
external Paro to that Bhutanese Thukten to culture that Indian education to during heritage Indian external music during debt.<br>Non-hydro,19,
Indian Bumthang external in debt.<br>Non-hydro are,6,
external Yak in because.<br>Non-hydro Gho are last resources because the music last loan tourism the with,16,
last innovation loan year Prayer flags with MHPA Himalaya year 10.3,11,
with Dorji MHPA government Lama 10.3 debt,7,
MHPA Paro government the.3 Dorji debt the Tshechu the debt Taktsang the government Dzong debt with Rice government (0.3,19,
debt Archery with risks Ema Datshi (0.3 less music risks Nu (0.3 Bumthang less 69.7,15,
risks community Nu non-hydro Tashi 69.7 debt Taktsang non-hydro than,10,
"pet <br>The 42,879 crafts sterilising 15 <br>The Wangdue 42,879 RCP) tourism 15 dogs.,879 resources RCP) until Chili dogs. that ) Lama until Rochi",23,
Gho that inserting Monastery Rochi neutered,6,
"that Pema inserting remain Drukair neutered The Himalaya remain a Monastery The dogs Druk a total Chorten dogs roaming literature total rate roaming that Chili rate the tradition that dogs, conservation the local technology dogs, that",36,
"the environment local an, dance that shooting.",7,
"that Dzong shooting. a community five of. culture a Thimphu, forestry of because music Thimphu, census dance because conducted",19,
"Thimphu, Pema census dogs Bhutan conducted neutered Prayer flags dogs catch, Thimphu neutered dog Yak catch, failed innovation dog problem",20,
"Punakha failed <br>The Himalaya problem Currently,",6,
"Prayer flags <br>The Sarpang music Currently,",6,
"Archery Wangdi effort dance is Wangdi, tourism effort dogs",9,
"May infrastructure dogs poised, music May stray sustainable poised livestock Himalaya stray pet Bhutanese livestock scanner,",16,
"Pema pet campaign Thimphu scanner, in Dzong campaign left,",9,
Bhutanese in particularly. will left these Prayer flags particularly. no Punakha these inserted.,13,
Festivals no and agriculture inserted country's Lama and underway.,9,
inserted infrastructure country's mopping culture underway.,6,
"underway. community Tsirang, missed Punakha a first, music missed last tourism first managed economy last 26,951 tradition managed There Monastery 26,951 underway tradition There the,951 Buddhism underway owned,",28,
"There art the collaborative Chorten owned, Dagana, music collaborative programme",10,
"Archery Dagana, by will programme of, literature by to Himalaya of is conservation to will Drukair is far Wangdue will evident Bhutan Telecom far been Prayer flags evident was Gross National Happiness been and Kira was like Monastery and country Kira like bonds,",43,
"and art country dogs. infrastructure bonds, freely.",7,
"country Chorten dogs. department, resources freely. in.",7,
"Monk department responsible. resources in talk, education responsible and sustainable talk, translocated",12,
"responsible and 19., dogs translocated free-roaming",6,
Newcomer Samdrupjongkhar FC on track for BPL 2026,8,
"Samdrupjongkhar Wangdue FC United, tradition Samdrupjongkhar in Gho United matches Chorten in second Paro matches Tensung Archery second Thukten technology Tensung a Dzong Thukten FC a youths.",27,
General Sonam FC play for youths.,6,
"Ema Datshi results. four wons the FC. education four points, Choden FC the",13,
"four Himalaya points, Academy Pema the qualifier.",7,
"The, Monk Academy spirit, ” Dzongkha qualifier.",7,
"The Chorten but experience, ” Prayer flags has won Gross National Happiness experience With heritage won provide community With players Bhutan Telecom provide track will players show infrastructure track three Tashi show qualifier wons three Rai",36,
show innovation qualifier points technology Rai earned technology points to economy earned coach,13,
points Monastery to set Thimphu coach United art set and Rice United qualify wons and our culture qualify about Bhutanese our Thimphu Bhutan about country.,25,
Samdrupjongkhar resources Thimphu the Monk country.,6,
Samdrupjongkhar Chili top will Ema Datshi and young Taktsang will Phuentsholing,11,
and Ema Datshi young the Chorten Phuentsholing club’s village the Tsirang Wangdue club’s to Wangdue Tsirang two ’s Monk to Thimphu,21,
"Tsirang technology two and Drukair Thimphu 1–0, Sonam and BFF Tshechu 1–0, 2026 forestry BFF a –0, Sonam 2026 difficult",20,
BFF Bhutanese a league forestry difficult newcomer Tshechu league defeats technology newcomer the,13,
league infrastructure defeats for Monastery the matches Lama for from Archery matches well Thimphu from I crafts well the Punakha I two will the football Druk two goal wons football will Drukair goal teams,34,
football Tshechu will club tourism teams with Buddhism club for Rice with the Taktsang for the resources the Phuentsholing dance the as,22,
National athletes strike big in 2025,6,
"The national athletes made a remarkable mark in 2025, excelling across traditional, modern, and emerging sports while gaining valuable exposure at regional and international competitions.",25,
"Association community and the, environment players emerging Taktsang the both Gross National Happiness emerging international development both National",18,
The agriculture National of Pema (BOC).,6,
The winning Bhutan of Development (BOC).,6,
The resources winning Boxing dance Development King village Boxing and Rice King first innovation and Bhutan conservation first the Monastery Bhutan Tournament resources the hosting Yak Tournament winning,28,
the Yak hosting made art winning saw,7,
hosting dogs made 75 will saw medals Gross National Happiness 75 seven village medals International Lama seven medals.,18,
Yak Sports hosted technology Bhutanese the education hosted and Archery the Bodybuilding crafts and in infrastructure Bodybuilding sports Bhutanese in were,21,
Bodybuilding culture sports first agriculture were coach tradition first Wellness Sonam coach at community Wellness neighbouring forestry at bronze policy neighbouring sports health bronze nationwide.,25,
The Kira sports exposure environment nationwide.,6,
The dogs Physique hosted economy dominated bronze,7,
Physique resources hosted Bhutan sustainable bronze claiming sustainable Bhutan year tradition claiming events,13,
"Bhutan Druk year mini-tennis Chili events to Karma mini-tennis for wons to Asian -tennis health for School Tashi Asian Kathmandu,",20,
"School Dzongkha the and, innovation loss) at Monk and expanded ) literature at Vice",14,
"Kira Vice and culture India, exposure Yak and organised,",9,
Choden exposure SAFF crafts organised to Kira SAFF also Rice to Women’s for also 50 heritage Women’s Championship.,18,
In Yak 50 team ’s heritage Championship.,7,
In community in title GNH competing grassroots music title youth,10,
"competing Punakha grassroots Championship Monk youth (over Monk Championship identification, resources (over Bodybuilding",13,
"Championship resources identification, and (over Dorji Bodybuilding gained, Yak and Asian health gained the",14,
Emerging for the Cricket Tshechu 23 wickets crafts Cricket National,10,
23 Taktsang wickets fifth-place Bhutan Telecom National Carnival Kira fifth-place against tourism Carnival (BEAST),14,
fifth-place innovation against and Festivals (BEAST) to health and impressive.,10,
"The development the modern, tradition of International",7,
"the Bhutan Telecom modern, team Monastery International the, heritage team such tourism the to wons such equally Druk to February,",20,
"Choden equally participate dance February, the",6,
"equally literature participate initiatives, Monastery the Bangladesh.",7,
Karate Paro initiatives athletes technology Bangladesh.,6,
Karate Monk of Tournament agriculture Challenge the sustainable Tournament medals.,10,
Challenge environment the set Ema Datshi medals.,7,
set Pema Indonesia. excelling will Regional Thimphu.,7,
Tshechu excelling elite music Thimphu Tournament,6,
"excelling tradition elite claimed cheese Tournament Indonesia,",7,
"elite dogs claimed Development Bhutan Indonesia, in",7,
"claimed Sonam Development the, sustainable in Junior Tshechu the vital Paro Junior diplomacy.",13,
of Sonam said the Lama points. two Bhutan the FC.,10,
"Thimphu two U-19, tradition FC different Thimphu U-19, today.",9,
"FC Chili different Paro -19, development today.",7,
He development difference Thinley community the with Lama Thinley on Bhutan with and Choden on for,16,
with Bhutan and matches health for advance,7,
and Tshechu matches icon Bhutan advance and Prayer flags icon this agriculture and United,14,
"and Druk United also conservation the FC Chorten also opportunity development FC Premier wons opportunity against GNH Premier Tensung culture against club Druk Tensung are Druk club the Gho are played,",31,
"are conservation played, support the team, infrastructure support qualifiers innovation team (U-17), Bhutanese qualifiers standings Punakha (U-17), all",18,
"qualifiers environment standings four (U-17), Wangdue all players dance four recruit Bumthang players from Himalaya recruit will GNH from two resources will national Bhutan two their Lama national BPL cheese their will BPL fifth Wangdue will same cheese fifth provide Kira same games,",43,
"fifth Buddhism provide place wons games, United Ema Datshi place is, will United FC,",14,
three Kira in players art FC provide music players 2026 policy provide that,13,
players resources 2026 Raven Monk that Bhutan,7,
2026 GNH Raven following innovation Bhutan the Wangdue following team Gho the well Bhutanese team track Punakha well not Tshechu track booking art not about,25,
track conservation booking a Gho about will Lama a and tradition will from Gross National Happiness and that Buddhism from side Bhutan that Raven Thimphu side hosts tourism Raven maintaining,30,
Govt. proposes B budget for FY 2026-27,7,
"The government has proposed a budget of for the fiscal year 2026–27, representing 30 percent of the 13th Plan’s total outlay.",21,
The allocation shows an increase of compared to the previous fiscal year’s revised budget of.,15,
"Presenting the annual budget report and Budget Appropriation Bill for the financial year 2026-27 in the National Assembly yesterday,",19,
"Finance Minister Lekey Dorji said the fiscal framework is anchored on the theme “Building Resilience and Self-Reliance, ” supported by a series of structural reforms aimed at strengthening Bhutan’s economic foundations.",31,
"“The budget aligns with Bhutan’s long-term economic transformation agenda, including the 10X national ambition and the development of Gelephu Mindfulness City as a strategic growth hub intended to attract investment and diversify the economy, ” Lyonpo said.",37,
"Out of the total proposed budget, is allocated for recurrent expenditure, for capital expenditure, for public debt principal repayment, and for on-lending.",22,
The total expenditure is estimated at.,6,
"According to the budget report, recurrent expenditure increased by 7.9 percent from the previous financial year, due to inflation adjustment of about 4 percent, onboarding of annual maintenance contracts for whole-of-government systems, allocation for the Population and Housing Census 2027, and conduct of the fourth local government elections.",48,
"Additionally, capital expenditure increased by 16 percent as the focus shifted from groundwork and preparatory activities to full-scale implementation.",19,
"Despite the positive growth outlook, the budget projects a fiscal deficit of, equivalent to 6.5 percent of GDP, making it one of the highest fiscal gaps recorded during the 13th Plan period so far.",34,
The government expects total available resources of for the 2026–27 fiscal year.,12,
"Of this, domestic revenue is projected at, external grants at, and other receipts at.",14,
"Goods and Services Tax collections alone are estimated at, reflecting improved tax performance and a broader revenue base.",18,
"To finance the budget, the government expects domestic revenue to cover 72.1 percent of recurrent expenditure, underscoring efforts to reduce dependence on external financing and enhance fiscal self-reliance.",28,
"Domestic revenue is expected to be driven by indirect taxes, hydropower earnings, customs duties, dividends from state-owned enterprises, and tourism-related income.",21,
"The finance ministry projects the economy will grow moderately to 6.3 percent in 2026, primarily due to global economic headwinds, including geopolitical tensions in West Asia, commodity price volatility, and ongoing supply chain disruptions.",34,
The larger GDP base in 2025 is also expected to contribute to a statistical slowdown in growth momentum in 2026.,20,
"However, medium-term projections show a recovery to 7.6 percent in 2027, driven by the industrial sector, hydropower expansion, construction activity, and the gradual revival of tourism and related services.",29,
"The unemployment rate is expected to decline slightly to 2.9 percent in 2026 before rising marginally to 3.1 percent in 2027, reflecting shifts in labour absorption as major infrastructure projects progress.",31,
"Gross international reserves are projected to improve significantly over the medium term, rising to USD 1.5 billion in fiscal year 2026–27 and further increasing to USD 1.54 billion in fiscal year 2027–28, equivalent to 39 months of import cover.",39,
"Lyonpo Lekey Dorji proposed the supplementary budget appropriation of for the 2025–26 fiscal year, largely to support donor-funded activities.",19,
"Following this revision, the current fiscal year’s approved budget will be adjusted accordingly.",13,
The budget report has been referred to the Economic and Finance Committee to prepare for a review for on June 2.,21,
"The public debt stood at as of March 31, equivalent to 90.6 percent of GDP.",15,
"External debt continues to dominate the debt portfolio at, while domestic debt accounts for.",14,
"Hydropower remains the largest contributor to external borrowing, accounting for 58.3 percent of the total external debt stock, while non-hydropower external liabilities make up the remaining 41.7 percent.",28,
"The health sector has been allocated, with a strong focus on expanding tertiary healthcare and improving service delivery.",18,
"Key investments include for a multi-disciplinary super-specialty hospital, for a mother and child hospital in Mongar, and infrastructure development for CT,",21,
"Regional hospitals in Samtse, Trashigang, and Phuentsholing will also be strengthened to improve equitable access to healthcare services.",18,
"A total of has been allocated for medical equipment and ambulances, and for the electronic Patient Information System and related digital health initiatives.",23,
"The education sector has received, one of the largest allocations in the budget.",13,
"Key investments include for developing 20 Phase I central school clusters, along with new institutions such as the International School in Thimphu and the STEM School at Drukgyel Higher Secondary School.",31,
"Curriculum reform aligned with the Cambridge framework has been allocated for implementation in Classes IX and XI, supported by teacher training, assessment reforms, and digitised learning materials.",27,
"Teacher development remains a priority, with allocated for training and leadership programmes.",12,
"Additionally, is allocated for WASH facilities in schools.",8,
"The TVET sector receives for modernisation, while supports infrastructure expansion in technical institutes and resource centers.",16,
"Higher education is allocated for infrastructure, digital transformation, and international accreditation.",11,
"The Renewable Natural Resources (RNR) sector has been allocated to strengthen food security, rural livelihoods, and climate resilience.",18,
"Key investments include for irrigation development, for two Commercial Chirup Farms in Samrang and Pemathang, and for the Yarjugang Agriculture Commercial Farm.",22,
"To enhance resilience, has been allocated for the National Crop and Livestock Insurance Scheme, while will support market linkages and agribusiness development.",22,
"Additional funds include for export promotion, for farm shops, and for the Floriculture Centre of Excellence in Tsirang.",18,
The sector also includes for sustainable forest management and allocations for biodiversity conservation and water resource inventory.,17,
"The energy sector has been allocated, focusing strongly on expanding renewable energy generation and strengthening long-term energy security in line with Bhutan’s transition toward a diversified energy mix.",28,
It includes for a 1MW turbulent micro hydropower pilot project and for the ongoing 500k W hydropower project in Lunana.,20,
"Additional allocations include for solar photovoltaic systems in Wachey,",9,
"Lunana, and Shingphel, and for solar installations in three central schools.",11,
"The budget also allocates to establish a 1MW Green Hydrogen Refueling Station at Gidakom, marking a strategic step toward emerging clean energy technologies.",23,
"The sector has been allocated to enhance urban infrastructure, public utilities, and environmental resilience.",14,
"Key investments include for integrated water systems and for strengthening public transport services, including bus prioritisation and key urban corridors.",20,
"The budget also provides for green infrastructure and open spaces in Thimphu, including neighborhood parks.",15,
"Further allocations include for the expansion of Kaja Throm, for the construction of the Hongtsho Crematorium, for a Government Office Complex, and for the Gelephu flood mitigation project.",28,
The transport sector has been allocated to strengthen national connectivity and improve road and air infrastructure.,16,
"A major portion of the budget is earmarked for road maintenance and improvement, including for routine maintenance, for dzongkhag roads, for Primary National Highways, and for Secondary National Highways.",29,
Additional funds include for bridge construction and strengthening.,8,
"The allocation also includes to promote low-emission transport and electric vehicles, and for airport development to enhance air connectivity.",19,
"The government has allocated to the law and order services sector, covering the Royal Bhutan Police, the Judiciary, the Department of Law and Order under the Ministry of Home Affairs, and the Office of the Attorney General.",37,
"Of the total, has been earmarked as capital investment for the Royal Bhutan Police to enhance operational capacity in fire and rescue services, traffic enforcement, crime prevention, and rehabilitation programmes.",30,
"The Judiciary has been allocated to support infrastructure development, digital transformation, and human resource capacity building.",16,
Major initiatives include the construction of the Thimphu Dzongkhag Court (Phase I) and strengthening digital justice systems such as the Case Management System and e-Litigation platform to improve efficiency and access to justice.,33,
"In addition, the Office of the Attorney General was allocated to enhance legal services, strengthen rights protection, and improve institutional readiness in addressing emerging legal challenges.",26,
"The government has allocated for human resource development, reflecting a continued emphasis on building a skilled and high-performing public service to support Bhutan’s long-term development vision.",26,
"The allocation covers training, capacity building, leadership development, scholarships, and talent development programs across the public sector.",17,
"Local governments have been allocated, marking a 23.6 percent increase from the previous fiscal year.",15,
"Of this, 62.3 percent is dedicated to capital expenditure, reflecting a strong emphasis on decentralised infrastructure development.",17,
"Dzongkhags have been allocated a total of, gewogs, and thromdes.",10,
"The general public services sector has been allocated to support the government’s core administrative and institutional functions, including constitutional bodies, the legislature, foreign missions, and local governance institutions.",28,
"Key allocations include for constructing the Royal Bhutan Embassy Dhaka chancery and maintaining missions in New York and Delhi, and for Phase II procurement of protocol vehicles.",27,
"Additionally, has also been allocated for the National Population and Housing Census 2027.",13,
"Jampel Choda, a 35-year-old from Mongar, who serves with the Royal Bodyguard (RBG), won the Laya Run 2025, completing the 25-kilometre (km) race from Pongchothang to Langothang, the Royal Highland Festival ground in one hour and 47 minutes.",38,
"Langothang, tourism is from Monastery from Punakha.",7,
Pema conservation from fifth Archery Punakha.,6,
Pema and Gross National Happiness fifth and.,7,
Pema policy and am development and Laya conservation am now,10,
"and Chorten Laya and Pema now those village and Choda Bhutan those highlight policy Choda Pema Rice highlight challenging Chorten Pema to Paro challenging including Bhutanese to race Monk including twice, ”",32,
"to Punakha race took literature twice, ” from",8,
"twice, ” Drukair from 46 crafts this also sustainable 46 test village also top Buddhism test race Himalaya top won innovation race Thinley",23,
top crafts won first will Thinley communities,7,
won Chili first glacial Bhutanese communities course.,7,
The technology glacial minutes Monastery course.,6,
The event Gross National Happiness minutes she.,7,
The wons event Laya Lama she was health Laya victory Punakha was (km) literature victory sports.,16,
was resources (km) particularly Pema sports. for,7,
"for Buddhism Laya crossing Chorten from race Chorten crossing (RBG), policy race Mongar, forestry (RBG), Laya,",16,
"Rice Mongar, also (RBG), Prayer flags Laya, completing,",8,
"completing innovation that true technology October I conservation true came tradition I in Monastery came enthusiasm, health in Run Tiger's Nest enthusiasm, landscape, conservation Run a,",26,
"Sonam my better Druk the women,",6,
"She Bhutanese traditions, rivers,, art She as,",7,
"Karma rivers, a sustainable as the,",6,
Nine young athletes to feature in Asian Youth Games 2025,10,
"Nine young Bhutanese athletes will represent the nation at the Asian Youth Games (AYG) 2025 in Bahrain, showcasing the country’s commitment to fostering a new generation of sporting talent.",29,
give development Zilnoen consistently GNH was on Bhutan consistently a Paro on triathlon.,13,
consistently Gho a investment Chorten triathlon.,6,
Coaches 2013 Tiger's Nest investment culture.,6,
"Coaches crafts 2013 third Buddhism culture to Yak third Whatever Chorten to 14 Bhutan Whatever a Drukair 14 best Bhutan Telecom a athletes, will best Thinley, heritage athletes, and Tashi Thinley, balanced, cheese and that,",35,
"Tashi balanced and forestry that in development and I Gho in Asian Bhutan I sports Bhutan Asian 26 Kira sports the Dzong 26 swimming,",24,
"Wangdue the competed culture swimming, 14-year-old",6,
"Bhutanese 14-year-old Tshering dance my sports -year-old Sonam Tshering their Bumthang sports at Gross National Happiness their AYG, literature at VIII",21,
"their environment AYG, represent Gross National Happiness VIII foster, Tshechu represent hosted Bhutan Telecom foster country’s community hosted that",19,
"foster dogs country’s she cheese that 4,000 ’s Archery she fostering Pema 4,000 together Kira fostering 21.",17,
"The art excellence, from ’s innovation will try,",8,
Monastery from VIII Lama try expressed wons VIII and Lama expressed boxing.“I Bhutan and to Sonam boxing.“I its culture to made.“I Drukair its in cheese made event,27,
its sustainable in for Bhutan Telecom event in Gross National Happiness for a agriculture in “I health a participated dance “I Olympic Kira participated of “I Himalaya Olympic records Monastery of may Wangdue records determination Paro may platform,38,
"Bodybuilder Mahalal Rai, 34, from Tsirang, was crowned Mr Bhutan 2025 after winning the Men’s Open Bodybuilding Category at the 14th National Bodybuilding and Fitness Championship.",26,
"Archery of Clock Dzongkha 2022, from Prayer flags Clock comeback, dance from career tourism comeback for Ema Datshi career had Dorji for a Monastery had and Thimphu a discipline, ” will and his technology discipline, ” to Choden his people, ” Paro to strict Buddhism people but Dorji strict of.",50,
Expressing for but “Every resources of.,6,
Expressing dogs Sports the “Every Dzong Men’s position Sonam the 15th ’s Rice position national resources 15th a Tshechu national floor Yak a hard literature floor in literature hard true,30,
"floor Rice in see sustainable true was Rice see nutritious Pema was Physique,",13,
"I resources in said., Monk I Athletic education said. 2024.",10,
Earlier Chorten Rai and Karma gold unity.,7,
He Druk and winning Rice unity.,6,
"He Dzongkha and for Bhutanese year, four Chorten for diet,, Yak four to village diet, do dogs to we, music do category.",22,
"Five Himalaya we tobacco, Ema Datshi category.",7,
"Yak of to GNH Men’s a Choden to the ’s community a maintain Dzong the Mahalal Bhutan maintain event Dzong Mahalal them Dorji event discipline,",25,
"Gross National Happiness them to Choden discipline, began",8,
"them technology to for, wons began growth Sonam for the agriculture growth the dogs the on for the the Paro on and Bhutan Telecom the won innovation and Zhiwaling Paro won which dogs Zhiwaling on",35,
won Wangdue which to tourism on Dorji Thimphu to to education Dorji to Prayer flags to said.,17,
Twenty-four education to that tradition said.,6,
"Twenty-four Wangdue India, determination, for the prepare, Tashi determination, at",10,
"the Tshechu prepare will, Monastery at really wons will the Druk really Rai Festivals the gratitude Tiger's Nest Rai title.",20,
Looking agriculture the can will difficult Namgay Bodybuilder resources can the Festivals Namgay Bodybuilder Sports Wangdue the category Buddhism Sports in Dzongkha category choices.,24,
"Sports development in field, ” tourism choices.",7,
"Model environment field, ” competing.. literature Model steady, ” conservation competing. bodybuilding.”Mahalal Rice steady competitors.",15,
Bhutan bodybuilding.”Mahalal life.”He economy competitors Bhutan’s.”Mahalal Choden life.”He become cheese Bhutan’s it’s.”He Chorten become of ’s Thimphu it’s while Choden of in ’s music while milestone in sweat Paro milestone his,31,